"Family","PDF_Name","Table_ID","Rows","Cols","Caption"
"C0","stm32c011d6","table_12","6","10","Table 12. Pin assignment and description"
"C0","stm32c011d6","table_20","2","5","Table 20. Voltage characteristics"
"C0","stm32c011d6","table_24","2","5","Table 24. Operating conditions at power-up / power-down"
"C0","stm32c011d6","table_25","2","7","Table 25. Embedded reset and power control block characteristics"
"C0","stm32c011d6","table_3","6","8","Table 3. Access status versus readout protection level and execution modes"
"C0","stm32c011d6","table_33","4","13","Table 33. Current consumption in Shutdown mode"
"C0","stm32c011d6","table_36","4","7","Table 36. High-speed external user clock characteristics"
"C0","stm32c011d6","table_37","4","7","Table 37. Low-speed external user clock characteristics"
"C0","stm32c011d6","table_39","5","7","Table 39. LSE oscillator characteristics (f = 32.768 kHz) 53 LSE"
"C0","stm32c011d6","table_41","5","7","Table 41. LSI oscillator characteristics"
"C0","stm32c011d6","table_42","6","7","Table 42. Flash memory characteristics"
"C0","stm32c011d6","table_45","5","7","Table 45. EMI characteristics"
"C0","stm32c011d6","table_46","2","6","Table 46. ESD absolute maximum ratings"
"C0","stm32c011d6","table_48","1","6","Table 48. I/O current injection susceptibility"
"C0","stm32c011d6","table_52","6","7","Table 52. NRST pin characteristics"
"C0","stm32c011d6","table_53","1","7","Table 53. EXTI input characteristics"
"C0","stm32c011d6","table_58","5","6","Table 58. TIMx characteristics"
"C0","stm32c011d6","table_61","1","5","Table 61. I2C analog filter characteristics"
"C0","stm32c011d6","table_7","4","9","Table 7. Timer feature comparison"
"C0","stm32c031c4","table_21","3","5","Table 21. Voltage characteristics"
"C0","stm32c031c4","table_25","2","5","Table 25. Operating conditions at power-up / power-down"
"C0","stm32c031c4","table_26","3","7","Table 26. Embedded reset and power control block characteristics"
"C0","stm32c031c4","table_3","6","8","Table 3. Access status versus readout protection level and execution modes"
"C0","stm32c031c4","table_34","4","13","Table 34. Current consumption in Shutdown mode"
"C0","stm32c031c4","table_37","4","7","Table 37. High-speed external user clock characteristics"
"C0","stm32c031c4","table_38","4","7","Table 38. Low-speed external user clock characteristics"
"C0","stm32c031c4","table_40","5","7","Table 40. LSE oscillator characteristics (f = 32.768 kHz) 58 LSE"
"C0","stm32c031c4","table_42","5","7","Table 42. LSI oscillator characteristics"
"C0","stm32c031c4","table_46","5","7","Table 46. EMI characteristics"
"C0","stm32c031c4","table_47","2","7","Table 47. ESD absolute maximum ratings"
"C0","stm32c031c4","table_49","1","6","Table 49. I/O current injection susceptibility"
"C0","stm32c031c4","table_53","6","7","Table 53. NRST pin characteristics"
"C0","stm32c031c4","table_58","6","6","Table 58. TIMx characteristics"
"C0","stm32c031c4","table_61","1","5","Table 61. I2C analog filter characteristics"
"C0","stm32c031c4","table_7","4","9","Table 7. Timer feature comparison"
"C0","stm32c051c6","table_12","5","11","Table 12. Pin assignment and description"
"C0","stm32c051c6","table_21","3","5","Table 21. Voltage characteristics"
"C0","stm32c051c6","table_25","2","5","Table 25. Operating conditions at power-up / power-down"
"C0","stm32c051c6","table_26","2","7","Table 26. Embedded reset and power control block characteristics"
"C0","stm32c051c6","table_3","6","8","Table 3. Access status versus readout protection level and execution modes"
"C0","stm32c051c6","table_34","4","13","Table 34. Current consumption in Shutdown mode"
"C0","stm32c051c6","table_37","4","7","Table 37. High-speed external user clock characteristics"
"C0","stm32c051c6","table_40","5","7","Table 40. LSE oscillator characteristics (f = 32.768 kHz) 58 LSE"
"C0","stm32c051c6","table_42","5","7","Table 42. LSI oscillator characteristics"
"C0","stm32c051c6","table_43","3","7","Table 43. Flash memory characteristics"
"C0","stm32c051c6","table_46","5","6","Table 46. EMI characteristics"
"C0","stm32c051c6","table_47","2","6","Table 47. ESD absolute maximum ratings"
"C0","stm32c051c6","table_49","1","6","Table 49. I/O current injection susceptibility"
"C0","stm32c051c6","table_53","6","7","Table 53. NRST pin characteristics"
"C0","stm32c051c6","table_54","1","7","Table 54. EXTI input characteristics"
"C0","stm32c051c6","table_62","1","5","Table 62. I2C analog filter characteristics"
"C0","stm32c051c6","table_7","5","9","Table 7. Timer feature comparison"
"C0","stm32c051c6","table_73","3","7","Table 73. Exposed pad variation"
"C0","stm32c071r8","table_21","4","5","Table 21. Voltage characteristics"
"C0","stm32c071r8","table_25","2","5","Table 25. Operating conditions at power-up / power-down"
"C0","stm32c071r8","table_3","6","8","Table 3. Access status versus readout protection level and execution modes"
"C0","stm32c071r8","table_34","4","13","Table 34. Current consumption in Shutdown mode"
"C0","stm32c071r8","table_37","4","7","Table 37. High-speed external user clock characteristics"
"C0","stm32c071r8","table_40","5","7","Table 40. LSE oscillator characteristics (f = 32.768 kHz) 71 LSE"
"C0","stm32c071r8","table_47","5","6","Table 47. EMI characteristics"
"C0","stm32c071r8","table_48","2","6","Table 48. ESD absolute maximum ratings"
"C0","stm32c071r8","table_50","1","6","Table 50. I/O current injection susceptibility"
"C0","stm32c071r8","table_54","6","7","Table 54. NRST pin characteristics"
"C0","stm32c071r8","table_55","1","7","Table 55. EXTI input characteristics"
"C0","stm32c071r8","table_63","1","5","Table 63. I2C analog filter characteristics"
"C0","stm32c071r8","table_7","5","9","Table 7. Timer feature comparison"
"C0","stm32c071r8","table_75","3","7","Table 75. Exposed pad variation"
"C0","stm32c091kb","table_12","5","13","Table 12. Pin assignment and description"
"C0","stm32c091kb","table_21","3","5","Table 21. Voltage characteristics"
"C0","stm32c091kb","table_25","2","5","Table 25. Operating conditions at power-up / power-down"
"C0","stm32c091kb","table_26","2","7","Table 26. Embedded reset and power control block characteristics"
"C0","stm32c091kb","table_3","6","8","Table 3. Access status versus readout protection level and execution modes"
"C0","stm32c091kb","table_34","4","13","Table 34. Current consumption in Shutdown mode"
"C0","stm32c091kb","table_37","4","7","Table 37. High-speed external user clock characteristics"
"C0","stm32c091kb","table_40","5","7","Table 40. LSE oscillator characteristics (f = 32.768 kHz) 65 LSE"
"C0","stm32c091kb","table_42","5","7","Table 42. LSI oscillator characteristics"
"C0","stm32c091kb","table_43","3","7","Table 43. Flash memory characteristics"
"C0","stm32c091kb","table_46","5","6","Table 46. EMI characteristics"
"C0","stm32c091kb","table_47","2","6","Table 47. ESD absolute maximum ratings"
"C0","stm32c091kb","table_49","1","6","Table 49. I/O current injection susceptibility"
"C0","stm32c091kb","table_53","6","7","Table 53. NRST pin characteristics"
"C0","stm32c091kb","table_54","1","7","Table 54. EXTI input characteristics"
"C0","stm32c091kb","table_62","1","5","Table 62. I2C analog filter characteristics"
"C0","stm32c091kb","table_7","6","9","Table 7. Timer feature comparison"
"C5","stm32c532cb","table_13","6","5","Table 13. Voltage characteristics"
"C5","stm32c532cb","table_17","2","5","Table 17. Operating conditions at power-up/power-down."
"C5","stm32c532cb","table_24","4","11","Table 24. Typical and maximum current consumption in Sleep mode"
"C5","stm32c532cb","table_26","2","11","Table 26. Typical and maximum HSIKERON current consumption in Stop mode"
"C5","stm32c532cb","table_27","4","12","Table 27. Typical and maximum current consumption in Standby mode"
"C5","stm32c532cb","table_30","2","6","Table 30. Wake-up time using USART/LPUART."
"C5","stm32c532cb","table_37","6","7","Table 37. LSI oscillator characteristics"
"C5","stm32c532cb","table_38","3","7","Table 38. Flash memory characteristics"
"C5","stm32c532cb","table_40","4","5","Table 40. Flash memory user and EDATA endurance and data retention."
"C5","stm32c532cb","table_42","5","6","Table 42. EMI characteristics for f = 8 MHz and f = 144 MHz."
"C5","stm32c532cb","table_44","3","5","Table 44. Electrical sensitivities."
"C5","stm32c532cb","table_45","3","5","Table 45. I/O current injection susceptibility."
"C5","stm32c532cb","table_48","4","6","Table 48. Output voltage characteristics for PC14 and PC15."
"C5","stm32c532cb","table_5","5","8","Table 5. Timer feature comparison."
"C5","stm32c532cb","table_51","1","7","Table 51. EXTI input characteristics."
"C5","stm32c532cb","table_63","2","5","Table 63. Open drain timing measurements."
"C5","stm32c532cb","table_64","1","5","Table 64. I²C analog filter characteristics."
"C5","stm32c532cb","table_68","4","7","Table 68. USB_FS characteristics"
"C5","stm32c532cb","table_70","5","6","Table 70. SWD characteristics."
"C5","stm32c542cc","table_14","6","5","Table 14. Voltage characteristics"
"C5","stm32c542cc","table_18","2","5","Table 18. Operating conditions at power-up/power-down."
"C5","stm32c542cc","table_25","4","11","Table 25. Typical and maximum current consumption in Sleep mode"
"C5","stm32c542cc","table_27","2","11","Table 27. Typical and maximum HSIKERON current consumption in Stop mode"
"C5","stm32c542cc","table_28","4","12","Table 28. Typical and maximum current consumption in Standby mode"
"C5","stm32c542cc","table_31","2","6","Table 31. Wake-up time using USART/LPUART."
"C5","stm32c542cc","table_38","6","7","Table 38. LSI oscillator characteristics"
"C5","stm32c542cc","table_39","3","7","Table 39. Flash memory characteristics"
"C5","stm32c542cc","table_41","4","5","Table 41. Flash memory user and EDATA endurance and data retention."
"C5","stm32c542cc","table_43","5","6","Table 43. EMI characteristics for f = 8 MHz and f = 144 MHz."
"C5","stm32c542cc","table_45","3","5","Table 45. Electrical sensitivities."
"C5","stm32c542cc","table_46","3","5","Table 46. I/O current injection susceptibility."
"C5","stm32c542cc","table_49","4","6","Table 49. Output voltage characteristics for PC14 and PC15."
"C5","stm32c542cc","table_52","1","7","Table 52. EXTI input characteristics."
"C5","stm32c542cc","table_6","5","8","Table 6. Timer feature comparison."
"C5","stm32c542cc","table_64","2","5","Table 64. Open drain timing measurements."
"C5","stm32c542cc","table_65","1","5","Table 65. I²C analog filter characteristics."
"C5","stm32c542cc","table_69","4","7","Table 69. USB_FS characteristics"
"C5","stm32c542cc","table_71","5","6","Table 71. SWD characteristics."
"C5","stm32c551cc","table_14","6","5","Table 14. Voltage characteristics"
"C5","stm32c551cc","table_18","2","5","Table 18. Operating conditions at power-up/power-down."
"C5","stm32c551cc","table_25","4","11","Table 25. Typical and maximum current consumption in Sleep mode"
"C5","stm32c551cc","table_27","2","11","Table 27. Typical and maximum HSIKERON current consumption in Stop mode"
"C5","stm32c551cc","table_28","4","12","Table 28. Typical and maximum current consumption in Standby mode"
"C5","stm32c551cc","table_31","2","6","Table 31. Wake-up time using USART/LPUART."
"C5","stm32c551cc","table_38","6","7","Table 38. LSI oscillator characteristics"
"C5","stm32c551cc","table_39","3","7","Table 39. Flash memory characteristics"
"C5","stm32c551cc","table_41","4","5","Table 41. Flash memory user and EDATA endurance and data retention."
"C5","stm32c551cc","table_43","5","6","Table 43. EMI characteristics for f = 16 MHz and f = 144 MHz."
"C5","stm32c551cc","table_46","3","5","Table 46. I/O current injection susceptibility."
"C5","stm32c551cc","table_49","4","6","Table 49. Output voltage characteristics for PC14 and PC15."
"C5","stm32c551cc","table_52","1","7","Table 52. EXTI input characteristics."
"C5","stm32c551cc","table_6","6","8","Table 6. Timer feature comparison."
"C5","stm32c551cc","table_63","2","5","Table 63. Open drain timing measurements."
"C5","stm32c551cc","table_64","1","5","Table 64. I²C analog filter characteristics."
"C5","stm32c551cc","table_68","4","7","Table 68. USB_FS characteristics"
"C5","stm32c551cc","table_70","5","6","Table 70. SWD characteristics."
"C5","stm32c562ce","table_15","6","5","Table 15. Voltage characteristics"
"C5","stm32c562ce","table_19","2","5","Table 19. Operating conditions at power-up/power-down."
"C5","stm32c562ce","table_26","4","11","Table 26. Typical and maximum current consumption in Sleep mode"
"C5","stm32c562ce","table_28","2","11","Table 28. Typical and maximum HSIKERON current consumption in Stop mode"
"C5","stm32c562ce","table_29","4","12","Table 29. Typical and maximum current consumption in Standby mode"
"C5","stm32c562ce","table_32","2","6","Table 32. Wake-up time using USART/LPUART."
"C5","stm32c562ce","table_39","6","7","Table 39. LSI oscillator characteristics"
"C5","stm32c562ce","table_40","3","7","Table 40. Flash memory characteristics"
"C5","stm32c562ce","table_42","4","5","Table 42. Flash memory user and EDATA endurance and data retention."
"C5","stm32c562ce","table_44","5","6","Table 44. EMI characteristics for f = 16 MHz and f = 144 MHz."
"C5","stm32c562ce","table_47","3","5","Table 47. I/O current injection susceptibility."
"C5","stm32c562ce","table_50","4","6","Table 50. Output voltage characteristics for PC14 and PC15."
"C5","stm32c562ce","table_53","1","7","Table 53. EXTI input characteristics."
"C5","stm32c562ce","table_64","2","5","Table 64. Open drain timing measurements."
"C5","stm32c562ce","table_65","1","5","Table 65. I²C analog filter characteristics."
"C5","stm32c562ce","table_69","4","7","Table 69. USB_FS characteristics"
"C5","stm32c562ce","table_7","6","8","Table 7. Timer feature comparison."
"C5","stm32c562ce","table_71","5","6","Table 71. SWD characteristics."
"C5","stm32c591ce","table_13","6","5","Table 13. Voltage characteristics"
"C5","stm32c591ce","table_17","2","5","Table 17. Operating conditions at power-up/power-down."
"C5","stm32c591ce","table_24","4","8","Table 24. Typical and maximum current consumption in Sleep mode"
"C5","stm32c591ce","table_26","2","8","Table 26. Typical and maximum HSIKERON current consumption in Stop mode"
"C5","stm32c591ce","table_27","4","9","Table 27. Typical and maximum current consumption in Standby mode"
"C5","stm32c591ce","table_30","2","6","Table 30. Wake-up time using USART/LPUART."
"C5","stm32c591ce","table_37","6","7","Table 37. LSI oscillator characteristics"
"C5","stm32c591ce","table_38","3","7","Table 38. Flash memory characteristics"
"C5","stm32c591ce","table_40","4","5","Table 40. Flash memory user and EDATA endurance and data retention."
"C5","stm32c591ce","table_42","5","6","Table 42. EMI characteristics for f = 16 MHz and f = 144 MHz."
"C5","stm32c591ce","table_44","2","5","Table 44. Electrical sensitivities."
"C5","stm32c591ce","table_45","2","5","Table 45. I/O current injection susceptibility."
"C5","stm32c591ce","table_48","4","6","Table 48. Output voltage characteristics for PC14 and PC15."
"C5","stm32c591ce","table_5","6","8","Table 5. Timer feature comparison."
"C5","stm32c591ce","table_51","1","7","Table 51. EXTI input characteristics."
"C5","stm32c591ce","table_55","2","7","Table 55. DLYB characteristics"
"C5","stm32c591ce","table_65","1","5","Table 65. Open drain timing measurements."
"C5","stm32c591ce","table_66","1","5","Table 66. I²C analog filter characteristics."
"C5","stm32c591ce","table_69","4","7","Table 69. USB_FS characteristics"
"C5","stm32c591ce","table_74","5","6","Table 74. SWD characteristics."
"C5","stm32c5a3cg","table_15","6","5","Table 15. Voltage characteristics"
"C5","stm32c5a3cg","table_19","2","5","Table 19. Operating conditions at power-up/power-down."
"C5","stm32c5a3cg","table_26","4","8","Table 26. Typical and maximum current consumption in Sleep mode"
"C5","stm32c5a3cg","table_28","2","8","Table 28. Typical and maximum HSIKERON current consumption in Stop mode"
"C5","stm32c5a3cg","table_29","4","9","Table 29. Typical and maximum current consumption in Standby mode"
"C5","stm32c5a3cg","table_32","2","6","Table 32. Wake-up time using USART/LPUART."
"C5","stm32c5a3cg","table_39","6","7","Table 39. LSI oscillator characteristics"
"C5","stm32c5a3cg","table_40","3","7","Table 40. Flash memory characteristics"
"C5","stm32c5a3cg","table_42","4","5","Table 42. Flash memory user and EDATA endurance and data retention."
"C5","stm32c5a3cg","table_44","5","6","Table 44. EMI characteristics for f = 16 MHz and f = 144 MHz."
"C5","stm32c5a3cg","table_46","2","5","Table 46. Electrical sensitivities."
"C5","stm32c5a3cg","table_47","2","5","Table 47. I/O current injection susceptibility."
"C5","stm32c5a3cg","table_50","4","6","Table 50. Output voltage characteristics for PC14 and PC15."
"C5","stm32c5a3cg","table_53","1","7","Table 53. EXTI input characteristics."
"C5","stm32c5a3cg","table_57","2","7","Table 57. DLYB characteristics"
"C5","stm32c5a3cg","table_67","1","5","Table 67. Open drain timing measurements."
"C5","stm32c5a3cg","table_68","1","5","Table 68. I²C analog filter characteristics."
"C5","stm32c5a3cg","table_7","6","8","Table 7. Timer feature comparison."
"C5","stm32c5a3cg","table_71","4","7","Table 71. USB_FS characteristics"
"C5","stm32c5a3cg","table_76","5","6","Table 76. SWD characteristics."
"F0","stm32f030c6","table_21","3","6","Table 21. General operating conditions"
"F0","stm32f030c6","table_22","4","6","Table 22. Operating conditions at power-up / power-down"
"F0","stm32f030c6","table_24","5","7","Table 24. Embedded internal reference voltage"
"F0","stm32f030c6","table_28","4","7","Table 28. Typical current consumption in Run mode, code with data processing run"
"F0","stm32f030c6","table_30","3","6","Table 30. Low-power mode wakeup timings"
"F0","stm32f030c6","table_31","5","6","Table 31. High-speed external user clock characteristics"
"F0","stm32f030c6","table_32","5","6","Table 32. Low-speed external user clock characteristics"
"F0","stm32f030c6","table_33","2","7","Table 33. HSE oscillator characteristics"
"F0","stm32f030c6","table_34","4","7","Table 34. LSE oscillator characteristics (f = 32.768 kHz) 55 LSE"
"F0","stm32f030c6","table_36","6","7","Table 36. HSI14 oscillator characteristics"
"F0","stm32f030c6","table_37","3","6","Table 37. LSI oscillator characteristics"
"F0","stm32f030c6","table_38","5","6","Table 38. PLL characteristics"
"F0","stm32f030c6","table_39","6","7","Table 39. Flash memory characteristics"
"F0","stm32f030c6","table_40","2","5","Table 40. Flash memory endurance and data retention"
"F0","stm32f030c6","table_42","4","6","Table 42. EMI characteristics"
"F0","stm32f030c6","table_43","2","7","Table 43. ESD absolute maximum ratings"
"F0","stm32f030c6","table_5","6","8","Table 5. Timer feature comparison"
"F0","stm32f030c6","table_52","5","6","Table 52. ADC accuracy"
"F0","stm32f030c6","table_53","5","6","Table 53. TS characteristics"
"F0","stm32f030c6","table_56","4","5","Table 56. WWDG min/max timeout value at 48 MHz (PCLK)"
"F0","stm32f030c6","table_57","1","5","Table 57. I2C analog filter characteristics"
"F0","stm32f031c4","table_19","4","6","Table 19. Operating conditions at power-up / power-down"
"F0","stm32f031c4","table_20","4","7","Table 20. Embedded reset and power control block characteristics"
"F0","stm32f031c4","table_22","5","7","Table 22. Embedded internal reference voltage"
"F0","stm32f031c4","table_26","2","13","Table 26. Typical and maximum current consumption from the V supply 47 BAT"
"F0","stm32f031c4","table_30","4","10","Table 30. Low-power mode wakeup timings"
"F0","stm32f031c4","table_31","5","6","Table 31. High-speed external user clock characteristics"
"F0","stm32f031c4","table_32","5","6","Table 32. Low-speed external user clock characteristics"
"F0","stm32f031c4","table_34","4","7","Table 34. LSE oscillator characteristics (f = 32.768 kHz) 56 LSE"
"F0","stm32f031c4","table_37","3","6","Table 37. LSI oscillator characteristics"
"F0","stm32f031c4","table_38","5","6","Table 38. PLL characteristics"
"F0","stm32f031c4","table_39","5","7","Table 39. Flash memory characteristics"
"F0","stm32f031c4","table_40","4","5","Table 40. Flash memory endurance and data retention"
"F0","stm32f031c4","table_42","4","6","Table 42. EMI characteristics"
"F0","stm32f031c4","table_43","2","7","Table 43. ESD absolute maximum ratings"
"F0","stm32f031c4","table_45","3","5","Table 45. I/O current injection susceptibility"
"F0","stm32f031c4","table_5","5","8","Table 5. Timer feature comparison"
"F0","stm32f031c4","table_53","5","6","Table 53. TS characteristics"
"F0","stm32f031c4","table_54","4","6","Table 54. V monitoring characteristics 74 BAT"
"F0","stm32f031c4","table_57","4","5","Table 57. WWDG min/max timeout value at 48 MHz (PCLK)"
"F0","stm32f031c4","table_58","1","5","Table 58. I2C analog filter characteristics"
"F0","stm32f038c6","table_11","4","11","Table 11. Pin definitions"
"F0","stm32f038c6","table_19","4","6","Table 19. Operating conditions at power-up / power-down"
"F0","stm32f038c6","table_20","6","7","Table 20. Embedded internal reference voltage"
"F0","stm32f038c6","table_23","2","14","Table 23. Typical and maximum consumption in Stop mode"
"F0","stm32f038c6","table_24","2","13","Table 24. Typical and maximum current consumption from the V supply 46 BAT"
"F0","stm32f038c6","table_28","2","6","Table 28. Low-power mode wakeup timings"
"F0","stm32f038c6","table_29","5","6","Table 29. High-speed external user clock characteristics"
"F0","stm32f038c6","table_30","5","6","Table 30. Low-speed external user clock characteristics"
"F0","stm32f038c6","table_32","4","7","Table 32. LSE oscillator characteristics (f = 32.768 kHz) 55 LSE"
"F0","stm32f038c6","table_35","3","6","Table 35. LSI oscillator characteristics"
"F0","stm32f038c6","table_36","5","6","Table 36. PLL characteristics"
"F0","stm32f038c6","table_37","5","7","Table 37. Flash memory characteristics"
"F0","stm32f038c6","table_38","4","5","Table 38. Flash memory endurance and data retention"
"F0","stm32f038c6","table_40","4","6","Table 40. EMI characteristics"
"F0","stm32f038c6","table_41","2","7","Table 41. ESD absolute maximum ratings"
"F0","stm32f038c6","table_43","3","5","Table 43. I/O current injection susceptibility"
"F0","stm32f038c6","table_48","4","7","Table 48. NPOR pin characteristics"
"F0","stm32f038c6","table_5","5","8","Table 5. Timer feature comparison"
"F0","stm32f038c6","table_52","5","6","Table 52. TS characteristics"
"F0","stm32f038c6","table_53","4","6","Table 53. V monitoring characteristics 73 BAT"
"F0","stm32f038c6","table_56","4","5","Table 56. WWDG min/max timeout value at 48 MHz (PCLK)"
"F0","stm32f038c6","table_57","1","5","Table 57. I2C analog filter characteristics"
"F0","stm32f042c4","table_22","4","6","Table 22. Operating conditions at power-up / power-down"
"F0","stm32f042c4","table_23","4","7","Table 23. Embedded reset and power control block characteristics"
"F0","stm32f042c4","table_25","5","7","Table 25. Embedded internal reference voltage"
"F0","stm32f042c4","table_29","2","13","Table 29. Typical and maximum current consumption from the V supply 54 BAT"
"F0","stm32f042c4","table_33","4","10","Table 33. Low-power mode wakeup timings"
"F0","stm32f042c4","table_34","5","6","Table 34. High-speed external user clock characteristics"
"F0","stm32f042c4","table_35","5","6","Table 35. Low-speed external user clock characteristics"
"F0","stm32f042c4","table_37","4","7","Table 37. LSE oscillator characteristics (f = 32.768 kHz) 63 LSE"
"F0","stm32f042c4","table_41","3","6","Table 41. LSI oscillator characteristics"
"F0","stm32f042c4","table_42","5","6","Table 42. PLL characteristics"
"F0","stm32f042c4","table_43","5","7","Table 43. Flash memory characteristics"
"F0","stm32f042c4","table_44","4","5","Table 44. Flash memory endurance and data retention"
"F0","stm32f042c4","table_46","4","6","Table 46. EMI characteristics"
"F0","stm32f042c4","table_47","2","7","Table 47. ESD absolute maximum ratings"
"F0","stm32f042c4","table_49","4","5","Table 49. I/O current injection susceptibility"
"F0","stm32f042c4","table_57","5","6","Table 57. TS characteristics"
"F0","stm32f042c4","table_58","4","6","Table 58. V monitoring characteristics 82 BAT"
"F0","stm32f042c4","table_6","6","6","Table 6. No. of capacitive sensing channels available on STM32F042x devices"
"F0","stm32f042c4","table_61","4","5","Table 61. WWDG min/max timeout value at 48 MHz (PCLK)"
"F0","stm32f042c4","table_62","1","5","Table 62. I2C analog filter characteristics"
"F0","stm32f042c4","table_65","5","7","Table 65. USB electrical characteristics"
"F0","stm32f042c4","table_7","5","8","Table 7. Timer feature comparison"
"F0","stm32f048c6","table_21","4","6","Table 21. Operating conditions at power-up / power-down"
"F0","stm32f048c6","table_22","6","7","Table 22. Embedded internal reference voltage"
"F0","stm32f048c6","table_25","2","14","Table 25. Typical and maximum consumption in Stop mode"
"F0","stm32f048c6","table_26","2","13","Table 26. Typical and maximum current consumption from the V supply 47 BAT"
"F0","stm32f048c6","table_30","2","6","Table 30. Low-power mode wakeup timings"
"F0","stm32f048c6","table_31","5","6","Table 31. High-speed external user clock characteristics"
"F0","stm32f048c6","table_32","5","6","Table 32. Low-speed external user clock characteristics"
"F0","stm32f048c6","table_34","4","7","Table 34. LSE oscillator characteristics (f = 32.768 kHz) 56 LSE"
"F0","stm32f048c6","table_38","3","6","Table 38. LSI oscillator characteristics"
"F0","stm32f048c6","table_39","5","6","Table 39. PLL characteristics"
"F0","stm32f048c6","table_40","5","7","Table 40. Flash memory characteristics"
"F0","stm32f048c6","table_41","4","5","Table 41. Flash memory endurance and data retention"
"F0","stm32f048c6","table_43","4","6","Table 43. EMI characteristics"
"F0","stm32f048c6","table_44","2","7","Table 44. ESD absolute maximum ratings"
"F0","stm32f048c6","table_46","4","5","Table 46. I/O current injection susceptibility"
"F0","stm32f048c6","table_51","4","7","Table 51. NPOR pin characteristics"
"F0","stm32f048c6","table_55","5","6","Table 55. TS characteristics"
"F0","stm32f048c6","table_56","4","6","Table 56. V monitoring characteristics 76 BAT"
"F0","stm32f048c6","table_59","4","5","Table 59. WWDG min/max timeout value at 48 MHz (PCLK)"
"F0","stm32f048c6","table_6","5","8","Table 6. Timer feature comparison"
"F0","stm32f048c6","table_60","1","5","Table 60. I2C analog filter characteristics"
"F0","stm32f048c6","table_63","5","7","Table 63. USB electrical characteristics"
"F0","stm32f051c4","table_21","4","6","Table 21. Operating conditions at power-up / power-down"
"F0","stm32f051c4","table_22","4","7","Table 22. Embedded reset and power control block characteristics"
"F0","stm32f051c4","table_24","5","7","Table 24. Embedded internal reference voltage"
"F0","stm32f051c4","table_28","2","13","Table 28. Typical and maximum current consumption from the V supply 53 BAT"
"F0","stm32f051c4","table_32","4","10","Table 32. Low-power mode wakeup timings"
"F0","stm32f051c4","table_33","5","6","Table 33. High-speed external user clock characteristics"
"F0","stm32f051c4","table_34","5","6","Table 34. Low-speed external user clock characteristics"
"F0","stm32f051c4","table_36","4","7","Table 36. LSE oscillator characteristics (f = 32.768 kHz) 62 LSE"
"F0","stm32f051c4","table_39","3","6","Table 39. LSI oscillator characteristics"
"F0","stm32f051c4","table_40","5","6","Table 40. PLL characteristics"
"F0","stm32f051c4","table_41","5","7","Table 41. Flash memory characteristics"
"F0","stm32f051c4","table_42","4","5","Table 42. Flash memory endurance and data retention"
"F0","stm32f051c4","table_44","4","6","Table 44. EMI characteristics"
"F0","stm32f051c4","table_45","2","7","Table 45. ESD absolute maximum ratings"
"F0","stm32f051c4","table_47","5","5","Table 47. I/O current injection susceptibility"
"F0","stm32f051c4","table_57","5","6","Table 57. TS characteristics"
"F0","stm32f051c4","table_58","4","6","Table 58. V monitoring characteristics 84 BAT"
"F0","stm32f051c4","table_61","4","5","Table 61. WWDG min/max timeout value at 48 MHz (PCLK)"
"F0","stm32f051c4","table_62","1","5","Table 62. I2C analog filter characteristics"
"F0","stm32f058c8","table_20","4","6","Table 20. Operating conditions at power-up / power-down"
"F0","stm32f058c8","table_21","6","7","Table 21. Embedded internal reference voltage"
"F0","stm32f058c8","table_24","2","14","Table 24. Typical and maximum consumption in Stop mode"
"F0","stm32f058c8","table_25","2","13","Table 25. Typical and maximum current consumption from the V supply 47 BAT"
"F0","stm32f058c8","table_29","2","6","Table 29. Low-power mode wakeup timings"
"F0","stm32f058c8","table_30","5","6","Table 30. High-speed external user clock characteristics"
"F0","stm32f058c8","table_31","5","6","Table 31. Low-speed external user clock characteristics"
"F0","stm32f058c8","table_33","4","7","Table 33. LSE oscillator characteristics (f = 32.768 kHz) 56 LSE"
"F0","stm32f058c8","table_36","3","6","Table 36. LSI oscillator characteristics"
"F0","stm32f058c8","table_37","5","6","Table 37. PLL characteristics"
"F0","stm32f058c8","table_38","5","7","Table 38. Flash memory characteristics"
"F0","stm32f058c8","table_39","4","5","Table 39. Flash memory endurance and data retention"
"F0","stm32f058c8","table_41","4","6","Table 41. EMI characteristics"
"F0","stm32f058c8","table_42","2","7","Table 42. ESD absolute maximum ratings"
"F0","stm32f058c8","table_44","3","5","Table 44. I/O current injection susceptibility"
"F0","stm32f058c8","table_49","4","7","Table 49. NPOR pin characteristics"
"F0","stm32f058c8","table_55","5","6","Table 55. TS characteristics"
"F0","stm32f058c8","table_56","4","6","Table 56. V monitoring characteristics 78 BAT"
"F0","stm32f058c8","table_59","4","5","Table 59. WWDG min/max timeout value at 48 MHz (PCLK)"
"F0","stm32f058c8","table_60","1","5","Table 60. I2C analog filter characteristics"
"F0","stm32f070c6","table_19","3","6","Table 19. General operating conditions"
"F0","stm32f070c6","table_20","4","6","Table 20. Operating conditions at power-up / power-down"
"F0","stm32f070c6","table_21","2","7","Table 21. Embedded reset and power control block characteristics"
"F0","stm32f070c6","table_22","5","7","Table 22. Embedded internal reference voltage"
"F0","stm32f070c6","table_24","5","7","Table 24. Typical and maximum current consumption from the V supply 42 DDA"
"F0","stm32f070c6","table_26","4","7","Table 26. Typical current consumption in Run mode, code with data processing run"
"F0","stm32f070c6","table_28","3","6","Table 28. Low-power mode wakeup timings"
"F0","stm32f070c6","table_29","5","6","Table 29. High-speed external user clock characteristics"
"F0","stm32f070c6","table_30","5","6","Table 30. Low-speed external user clock characteristics"
"F0","stm32f070c6","table_31","2","7","Table 31. HSE oscillator characteristics"
"F0","stm32f070c6","table_32","4","7","Table 32. LSE oscillator characteristics (f = 32.768 kHz) 49 LSE"
"F0","stm32f070c6","table_34","6","7","Table 34. HSI14 oscillator characteristics"
"F0","stm32f070c6","table_35","3","6","Table 35. LSI oscillator characteristics"
"F0","stm32f070c6","table_36","5","6","Table 36. PLL characteristics"
"F0","stm32f070c6","table_37","6","7","Table 37. Flash memory characteristics"
"F0","stm32f070c6","table_38","2","5","Table 38. Flash memory endurance and data retention"
"F0","stm32f070c6","table_4","6","8","Table 4. Timer feature comparison"
"F0","stm32f070c6","table_40","4","6","Table 40. EMI characteristics"
"F0","stm32f070c6","table_41","2","7","Table 41. ESD absolute maximum ratings"
"F0","stm32f070c6","table_50","5","6","Table 50. ADC accuracy"
"F0","stm32f070c6","table_51","5","6","Table 51. TS characteristics"
"F0","stm32f070c6","table_54","4","5","Table 54. WWDG min/max timeout value at 48 MHz (PCLK)"
"F0","stm32f070c6","table_55","1","5","Table 55. I2C analog filter characteristics"
"F0","stm32f070c6","table_57","5","7","Table 57. USB electrical characteristics"
"F0","stm32f071c8","table_25","4","6","Table 25. Operating conditions at power-up / power-down"
"F0","stm32f071c8","table_26","4","7","Table 26. Embedded reset and power control block characteristics"
"F0","stm32f071c8","table_28","5","7","Table 28. Embedded internal reference voltage"
"F0","stm32f071c8","table_32","2","13","Table 32. Typical and maximum current consumption from the V supply 58 BAT"
"F0","stm32f071c8","table_36","4","10","Table 36. Low-power mode wakeup timings"
"F0","stm32f071c8","table_37","5","6","Table 37. High-speed external user clock characteristics"
"F0","stm32f071c8","table_38","5","6","Table 38. Low-speed external user clock characteristics"
"F0","stm32f071c8","table_40","4","7","Table 40. LSE oscillator characteristics (f = 32.768 kHz) 67 LSE"
"F0","stm32f071c8","table_44","3","6","Table 44. LSI oscillator characteristics"
"F0","stm32f071c8","table_45","5","6","Table 45. PLL characteristics"
"F0","stm32f071c8","table_46","5","7","Table 46. Flash memory characteristics"
"F0","stm32f071c8","table_47","4","5","Table 47. Flash memory endurance and data retention"
"F0","stm32f071c8","table_49","4","6","Table 49. EMI characteristics"
"F0","stm32f071c8","table_50","3","7","Table 50. ESD absolute maximum ratings"
"F0","stm32f071c8","table_52","5","5","Table 52. I/O current injection susceptibility"
"F0","stm32f071c8","table_62","5","6","Table 62. TS characteristics"
"F0","stm32f071c8","table_63","4","6","Table 63. V monitoring characteristics 90 BAT"
"F0","stm32f071c8","table_66","4","5","Table 66. WWDG min/max timeout value at 48 MHz (PCLK)"
"F0","stm32f071c8","table_67","1","5","Table 67. I2C analog filter characteristics"
"F0","stm32f072c8","table_14","6","12","Table 14. STM32F072x8/xB pin definitions"
"F0","stm32f072c8","table_25","4","6","Table 25. Operating conditions at power-up / power-down"
"F0","stm32f072c8","table_26","4","7","Table 26. Embedded reset and power control block characteristics"
"F0","stm32f072c8","table_28","5","7","Table 28. Embedded internal reference voltage"
"F0","stm32f072c8","table_32","2","13","Table 32. Typical and maximum current consumption from the V supply 60 BAT"
"F0","stm32f072c8","table_36","4","10","Table 36. Low-power mode wakeup timings"
"F0","stm32f072c8","table_37","5","6","Table 37. High-speed external user clock characteristics"
"F0","stm32f072c8","table_38","5","6","Table 38. Low-speed external user clock characteristics"
"F0","stm32f072c8","table_40","4","7","Table 40. LSE oscillator characteristics (f = 32.768 kHz) 69 LSE"
"F0","stm32f072c8","table_44","3","6","Table 44. LSI oscillator characteristics"
"F0","stm32f072c8","table_45","5","6","Table 45. PLL characteristics"
"F0","stm32f072c8","table_46","5","7","Table 46. Flash memory characteristics"
"F0","stm32f072c8","table_47","4","5","Table 47. Flash memory endurance and data retention"
"F0","stm32f072c8","table_49","4","6","Table 49. EMI characteristics"
"F0","stm32f072c8","table_50","3","7","Table 50. ESD absolute maximum ratings"
"F0","stm32f072c8","table_52","5","5","Table 52. I/O current injection susceptibility"
"F0","stm32f072c8","table_62","5","6","Table 62. TS characteristics"
"F0","stm32f072c8","table_63","4","6","Table 63. V monitoring characteristics 92 BAT"
"F0","stm32f072c8","table_66","4","5","Table 66. WWDG min/max timeout value at 48 MHz (PCLK)"
"F0","stm32f072c8","table_67","1","5","Table 67. I2C analog filter characteristics"
"F0","stm32f072c8","table_70","5","7","Table 70. USB electrical characteristics"
"F0","stm32f078cb","table_13","5","12","Table 13. STM32F078CB/RB/VB pin definitions"
"F0","stm32f078cb","table_24","4","6","Table 24. Operating conditions at power-up / power-down"
"F0","stm32f078cb","table_25","6","7","Table 25. Embedded internal reference voltage"
"F0","stm32f078cb","table_28","2","13","Table 28. Typical and maximum current consumption from the V supply 57 BAT"
"F0","stm32f078cb","table_30","2","14","Table 30. Typical and maximum consumption in Stop mode"
"F0","stm32f078cb","table_33","2","6","Table 33. Low-power mode wakeup timings"
"F0","stm32f078cb","table_34","5","6","Table 34. High-speed external user clock characteristics"
"F0","stm32f078cb","table_35","5","6","Table 35. Low-speed external user clock characteristics"
"F0","stm32f078cb","table_37","4","7","Table 37. LSE oscillator characteristics (f = 32.768 kHz) 66 LSE"
"F0","stm32f078cb","table_41","3","6","Table 41. LSI oscillator characteristics"
"F0","stm32f078cb","table_42","5","6","Table 42. PLL characteristics"
"F0","stm32f078cb","table_43","5","7","Table 43. Flash memory characteristics"
"F0","stm32f078cb","table_44","4","5","Table 44. Flash memory endurance and data retention"
"F0","stm32f078cb","table_46","4","6","Table 46. EMI characteristics"
"F0","stm32f078cb","table_47","3","7","Table 47. ESD absolute maximum ratings"
"F0","stm32f078cb","table_49","5","5","Table 49. I/O current injection susceptibility"
"F0","stm32f078cb","table_54","4","7","Table 54. NPOR pin characteristics"
"F0","stm32f078cb","table_60","5","6","Table 60. TS characteristics"
"F0","stm32f078cb","table_61","4","6","Table 61. V monitoring characteristics 90 BAT"
"F0","stm32f078cb","table_64","4","5","Table 64. WWDG min/max timeout value at 48 MHz (PCLK)"
"F0","stm32f078cb","table_65","1","5","Table 65. I2C analog filter characteristics"
"F0","stm32f078cb","table_68","5","7","Table 68. USB electrical characteristics"
"F0","stm32f091cb","table_25","4","6","Table 25. Operating conditions at power-up / power-down"
"F0","stm32f091cb","table_26","4","7","Table 26. Embedded reset and power control block characteristics"
"F0","stm32f091cb","table_28","5","7","Table 28. Embedded internal reference voltage"
"F0","stm32f091cb","table_32","2","13","Table 32. Typical and maximum current consumption from the V supply 61 BAT"
"F0","stm32f091cb","table_36","4","10","Table 36. Low-power mode wakeup timings"
"F0","stm32f091cb","table_37","5","6","Table 37. High-speed external user clock characteristics"
"F0","stm32f091cb","table_38","5","6","Table 38. Low-speed external user clock characteristics"
"F0","stm32f091cb","table_40","4","7","Table 40. LSE oscillator characteristics (f = 32.768 kHz) 70 LSE"
"F0","stm32f091cb","table_44","3","6","Table 44. LSI oscillator characteristics"
"F0","stm32f091cb","table_45","5","6","Table 45. PLL characteristics"
"F0","stm32f091cb","table_46","5","7","Table 46. Flash memory characteristics"
"F0","stm32f091cb","table_47","4","5","Table 47. Flash memory endurance and data retention"
"F0","stm32f091cb","table_49","4","6","Table 49. EMI characteristics"
"F0","stm32f091cb","table_50","3","7","Table 50. ESD absolute maximum ratings"
"F0","stm32f091cb","table_52","6","5","Table 52. I/O current injection susceptibility"
"F0","stm32f091cb","table_62","5","6","Table 62. TS characteristics"
"F0","stm32f091cb","table_63","4","6","Table 63. V monitoring characteristics 93 BAT"
"F0","stm32f091cb","table_66","4","5","Table 66. WWDG min/max timeout value at 48 MHz (PCLK)"
"F0","stm32f091cb","table_67","1","5","Table 67. I2C analog filter characteristics"
"F0","stm32f098cc","table_24","4","6","Table 24. Operating conditions at power-up / power-down"
"F0","stm32f098cc","table_25","6","7","Table 25. Embedded internal reference voltage"
"F0","stm32f098cc","table_27","2","14","Table 27. Typical and maximum current consumption in Stop mode"
"F0","stm32f098cc","table_29","2","13","Table 29. Typical and maximum current consumption from the V supply 60 BAT"
"F0","stm32f098cc","table_33","2","6","Table 33. Low-power mode wakeup timings"
"F0","stm32f098cc","table_34","5","6","Table 34. High-speed external user clock characteristics"
"F0","stm32f098cc","table_35","5","6","Table 35. Low-speed external user clock characteristics"
"F0","stm32f098cc","table_37","4","7","Table 37. LSE oscillator characteristics (f = 32.768 kHz) 69 LSE"
"F0","stm32f098cc","table_41","3","6","Table 41. LSI oscillator characteristics"
"F0","stm32f098cc","table_42","5","6","Table 42. PLL characteristics"
"F0","stm32f098cc","table_43","5","7","Table 43. Flash memory characteristics"
"F0","stm32f098cc","table_44","4","5","Table 44. Flash memory endurance and data retention"
"F0","stm32f098cc","table_46","4","6","Table 46. EMI characteristics"
"F0","stm32f098cc","table_47","3","7","Table 47. ESD absolute maximum ratings"
"F0","stm32f098cc","table_49","6","5","Table 49. I/O current injection susceptibility"
"F0","stm32f098cc","table_54","4","7","Table 54. NPOR pin characteristics"
"F0","stm32f098cc","table_60","5","6","Table 60. TS characteristics"
"F0","stm32f098cc","table_61","4","6","Table 61. V monitoring characteristics 93 BAT"
"F0","stm32f098cc","table_64","4","5","Table 64. WWDG min/max timeout value at 48 MHz (PCLK)"
"F0","stm32f098cc","table_65","1","5","Table 65. I2C analog filter characteristics"
"F1","stm32f100c4","table_11","5","7","Table 11. Embedded internal reference voltage"
"F1","stm32f100c4","table_12","6","7","Table 12. Maximum current consumption in Run mode, code with data processing run"
"F1","stm32f100c4","table_13","6","7","Table 13. Maximum current consumption in Run mode, code with data processing run"
"F1","stm32f100c4","table_14","6","7","Table 14. Maximum current consumption in Sleep mode, code running from Flash or "
"F1","stm32f100c4","table_15","6","9","Table 15. Typical and maximum current consumptions in Stop and Standby modes"
"F1","stm32f100c4","table_21","6","7","Table 21. HSE 4-24 MHz oscillator characteristics"
"F1","stm32f100c4","table_24","4","6","Table 24. LSI oscillator characteristics"
"F1","stm32f100c4","table_26","5","6","Table 26. PLL characteristics"
"F1","stm32f100c4","table_28","4","7","Table 28. Flash memory endurance and data retention"
"F1","stm32f100c4","table_3","5","7","Table 3. Timer feature comparison"
"F1","stm32f100c4","table_30","4","6","Table 30. EMI characteristics"
"F1","stm32f100c4","table_31","2","6","Table 31. ESD absolute maximum ratings"
"F1","stm32f100c4","table_32","3","5","Table 32. Electrical sensitivities"
"F1","stm32f100c4","table_33","3","5","Table 33. I/O current injection susceptibility"
"F1","stm32f100c4","table_37","6","7","Table 37. NRST pin characteristics"
"F1","stm32f100c4","table_44","5","6","Table 44. ADC accuracy - limited test conditions"
"F1","stm32f100c4","table_45","5","6","Table 45. ADC accuracy"
"F1","stm32f100c4","table_47","5","6","Table 47. TS characteristics"
"F1","stm32f100c4","table_5","6","5","Table 5. Voltage characteristics"
"F1","stm32f100rc","table_12","5","7","Table 12. Embedded internal reference voltage"
"F1","stm32f100rc","table_16","6","9","Table 16. Typical and maximum current consumptions in Stop and Standby modes"
"F1","stm32f100rc","table_25","3","6","Table 25. LSI oscillator characteristics"
"F1","stm32f100rc","table_27","5","6","Table 27. PLL characteristics"
"F1","stm32f100rc","table_29","4","7","Table 29. Flash memory endurance and data retention"
"F1","stm32f100rc","table_39","4","6","Table 39. EMI characteristics"
"F1","stm32f100rc","table_40","2","6","Table 40. ESD absolute maximum ratings"
"F1","stm32f100rc","table_41","3","5","Table 41. Electrical sensitivities"
"F1","stm32f100rc","table_42","3","5","Table 42. I/O current injection susceptibility"
"F1","stm32f100rc","table_46","6","7","Table 46. NRST pin characteristics"
"F1","stm32f100rc","table_53","5","6","Table 53. ADC accuracy - limited test conditions"
"F1","stm32f100rc","table_54","5","6","Table 54. ADC accuracy"
"F1","stm32f100rc","table_56","5","6","Table 56. TS characteristics"
"F1","stm32f100rc","table_6","6","5","Table 6. Voltage characteristics"
"F1","stm32f101c4","table_11","4","7","Table 11. Embedded internal reference voltage"
"F1","stm32f101c4","table_15","6","8","Table 15. Typical and maximum current consumptions in Stop and Standby modes"
"F1","stm32f101c4","table_24","3","6","Table 24. LSI oscillator characteristics"
"F1","stm32f101c4","table_26","3","6","Table 26. PLL characteristics"
"F1","stm32f101c4","table_29","4","6","Table 29. EMI characteristics"
"F1","stm32f101c4","table_3","5","8","Table 3. STM32F101xx family"
"F1","stm32f101c4","table_30","2","6","Table 30. ESD absolute maximum ratings"
"F1","stm32f101c4","table_32","3","5","Table 32. I/O current injection susceptibility"
"F1","stm32f101c4","table_36","6","7","Table 36. NRST pin characteristics"
"F1","stm32f101c4","table_43","5","6","Table 43. ADC accuracy - limited test conditions"
"F1","stm32f101c4","table_44","5","6","Table 44. ADC accuracy"
"F1","stm32f101c4","table_45","5","6","Table 45. TS characteristics"
"F1","stm32f101c4","table_5","6","5","Table 5. Voltage characteristics"
"F1","stm32f101c8","table_11","4","7","Table 11. Embedded internal reference voltage"
"F1","stm32f101c8","table_15","6","8","Table 15. Typical and maximum current consumptions in Stop and Standby modes"
"F1","stm32f101c8","table_24","3","6","Table 24. LSI oscillator characteristics"
"F1","stm32f101c8","table_26","3","6","Table 26. PLL characteristics"
"F1","stm32f101c8","table_29","4","6","Table 29. EMI characteristics"
"F1","stm32f101c8","table_3","5","8","Table 3. STM32F101xx family"
"F1","stm32f101c8","table_30","2","6","Table 30. ESD absolute maximum ratings"
"F1","stm32f101c8","table_32","3","5","Table 32. I/O current injection susceptibility"
"F1","stm32f101c8","table_36","6","7","Table 36. NRST pin characteristics"
"F1","stm32f101c8","table_43","5","6","Table 43. ADC accuracy - limited test conditions"
"F1","stm32f101c8","table_44","5","6","Table 44. ADC accuracy"
"F1","stm32f101c8","table_45","5","6","Table 45. TS characteristics"
"F1","stm32f101c8","table_5","6","5","Table 5. Voltage characteristics"
"F1","stm32f101rc","table_11","2","6","Table 11. Operating conditions at power-up / power-down"
"F1","stm32f101rc","table_13","4","7","Table 13. Embedded internal reference voltage."
"F1","stm32f101rc","table_17","6","8","Table 17. Typical and maximum current consumptions in Stop and Standby modes"
"F1","stm32f101rc","table_23","6","7","Table 23. HSE 4-16 MHz oscillator characteristics."
"F1","stm32f101rc","table_26","3","6","Table 26. LSI oscillator characteristics"
"F1","stm32f101rc","table_28","5","6","Table 28. PLL characteristics."
"F1","stm32f101rc","table_3","5","8","Table 3. STM32F101xx family"
"F1","stm32f101rc","table_30","3","5","Table 30. Flash memory endurance and data retention."
"F1","stm32f101rc","table_4","2","7","Table 4. Timer feature comparison."
"F1","stm32f101rc","table_42","4","6","Table 42. EMI characteristics."
"F1","stm32f101rc","table_43","2","6","Table 43. ESD absolute maximum ratings."
"F1","stm32f101rc","table_44","3","5","Table 44. Electrical sensitivities"
"F1","stm32f101rc","table_45","3","5","Table 45. I/O current injection susceptibility."
"F1","stm32f101rc","table_49","6","7","Table 49. NRST pin characteristics"
"F1","stm32f101rc","table_57","5","6","Table 57. ADC accuracy - limited test conditions."
"F1","stm32f101rc","table_58","5","6","Table 58. ADC accuracy"
"F1","stm32f101rc","table_60","5","6","Table 60. TS characteristics."
"F1","stm32f101rc","table_7","6","5","Table 7. Voltage characteristics"
"F1","stm32f101rf","table_11","2","6","Table 11. Operating conditions at power-up / power-down"
"F1","stm32f101rf","table_13","4","7","Table 13. Embedded internal reference voltage."
"F1","stm32f101rf","table_17","6","8","Table 17. Typical and maximum current consumptions in Stop and Standby modes"
"F1","stm32f101rf","table_23","6","7","Table 23. HSE 4-16 MHz oscillator characteristics."
"F1","stm32f101rf","table_26","3","6","Table 26. LSI oscillator characteristics"
"F1","stm32f101rf","table_28","5","6","Table 28. PLL characteristics."
"F1","stm32f101rf","table_3","5","10","Table 3. STM32F101xx family"
"F1","stm32f101rf","table_30","3","5","Table 30. Flash memory endurance and data retention."
"F1","stm32f101rf","table_4","4","7","Table 4. STM32F101xF and STM32F101xG timer feature comparison."
"F1","stm32f101rf","table_43","4","6","Table 43. EMI characteristics."
"F1","stm32f101rf","table_44","2","6","Table 44. ESD absolute maximum ratings."
"F1","stm32f101rf","table_46","3","5","Table 46. I/O current injection susceptibility."
"F1","stm32f101rf","table_50","6","7","Table 50. NRST pin characteristics"
"F1","stm32f101rf","table_58","5","6","Table 58. ADC accuracy - limited test conditions."
"F1","stm32f101rf","table_59","5","6","Table 59. ADC accuracy"
"F1","stm32f101rf","table_61","5","6","Table 61. TS characteristics."
"F1","stm32f101rf","table_7","6","5","Table 7. Voltage characteristics"
"F1","stm32f102c4","table_11","4","7","Table 11. Embedded internal reference voltage."
"F1","stm32f102c4","table_15","6","8","Table 15. Typical and maximum current consumptions in Stop and Standby modes"
"F1","stm32f102c4","table_21","6","7","Table 21. HSE 4-16 MHz oscillator characteristics."
"F1","stm32f102c4","table_24","3","6","Table 24. LSI oscillator characteristics"
"F1","stm32f102c4","table_26","5","6","Table 26. PLL characteristics."
"F1","stm32f102c4","table_28","2","7","Table 28. Flash memory endurance and data retention."
"F1","stm32f102c4","table_3","3","5","Table 3. STM32F102xx USB access line family."
"F1","stm32f102c4","table_30","4","6","Table 30. EMI characteristics."
"F1","stm32f102c4","table_31","2","6","Table 31. ESD absolute maximum ratings."
"F1","stm32f102c4","table_32","3","5","Table 32. Electrical sensitivities"
"F1","stm32f102c4","table_33","3","5","Table 33. I/O current injection susceptibility."
"F1","stm32f102c4","table_37","6","7","Table 37. NRST pin characteristics"
"F1","stm32f102c4","table_43","6","7","Table 43. USB DC electrical characteristics."
"F1","stm32f102c4","table_44","2","6","Table 44. USB: Full speed electrical characteristics of the driver."
"F1","stm32f102c4","table_47","5","6","Table 47. ADC accuracy - limited test conditions."
"F1","stm32f102c4","table_48","5","6","Table 48. ADC accuracy"
"F1","stm32f102c4","table_49","5","6","Table 49. TS characteristics."
"F1","stm32f102c4","table_5","6","5","Table 5. Voltage characteristics"
"F1","stm32f102c4","table_9","2","6","Table 9. Operating conditions at power-up / power-down"
"F1","stm32f102c8","table_11","4","7","Table 11. Embedded internal reference voltage"
"F1","stm32f102c8","table_15","6","8","Table 15. Typical and maximum current consumptions in Stop and Standby modes"
"F1","stm32f102c8","table_21","6","7","Table 21. HSE 4-16 MHz oscillator characteristics"
"F1","stm32f102c8","table_24","3","6","Table 24. LSI oscillator characteristics"
"F1","stm32f102c8","table_26","5","6","Table 26. PLL characteristics"
"F1","stm32f102c8","table_28","2","7","Table 28. Flash memory endurance and data retention"
"F1","stm32f102c8","table_3","3","5","Table 3. STM32F102xx USB access line family"
"F1","stm32f102c8","table_30","4","6","Table 30. EMI characteristics"
"F1","stm32f102c8","table_31","2","6","Table 31. ESD absolute maximum ratings"
"F1","stm32f102c8","table_32","3","5","Table 32. Electrical sensitivities"
"F1","stm32f102c8","table_33","3","5","Table 33. I/O current injection susceptibility"
"F1","stm32f102c8","table_37","6","7","Table 37. NRST pin characteristics"
"F1","stm32f102c8","table_43","6","7","Table 43. USB DC electrical characteristics"
"F1","stm32f102c8","table_44","2","6","Table 44. USB: Full speed electrical characteristics of the driver"
"F1","stm32f102c8","table_47","5","6","Table 47. ADC accuracy - limited test conditions"
"F1","stm32f102c8","table_48","5","6","Table 48. ADC accuracy"
"F1","stm32f102c8","table_49","5","6","Table 49. TS characteristics"
"F1","stm32f102c8","table_5","6","5","Table 5. Voltage characteristics"
"F1","stm32f102c8","table_9","2","6","Table 9. Operating conditions at power-up / power-down"
"F1","stm32f103c4","table_12","5","7","Table 12. Embedded internal reference voltage"
"F1","stm32f103c4","table_16","6","9","Table 16. Typical and maximum current consumptions in Stop and Standby modes"
"F1","stm32f103c4","table_25","3","6","Table 25. LSI oscillator characteristics"
"F1","stm32f103c4","table_27","5","6","Table 27. PLL characteristics"
"F1","stm32f103c4","table_28","3","7","Table 28. Flash memory characteristics"
"F1","stm32f103c4","table_29","4","7","Table 29. Flash memory endurance and data retention"
"F1","stm32f103c4","table_3","5","8","Table 3. STM32F103xx family"
"F1","stm32f103c4","table_31","4","7","Table 31. EMI characteristics"
"F1","stm32f103c4","table_32","2","6","Table 32. ESD absolute maximum ratings"
"F1","stm32f103c4","table_34","3","5","Table 34. I/O current injection susceptibility"
"F1","stm32f103c4","table_38","6","7","Table 38. NRST pin characteristics"
"F1","stm32f103c4","table_4","2","7","Table 4. Timer feature comparison"
"F1","stm32f103c4","table_45","3","6","Table 45. USB: Full-speed electrical characteristics"
"F1","stm32f103c4","table_48","5","6","Table 48. ADC accuracy - limited test conditions"
"F1","stm32f103c4","table_49","5","6","Table 49. ADC accuracy"
"F1","stm32f103c4","table_50","5","6","Table 50. TS characteristics"
"F1","stm32f103c4","table_6","6","5","Table 6. Voltage characteristics"
"F1","stm32f103c8","table_10","2","6","Table 10. Operating conditions at power-up / power-down"
"F1","stm32f103c8","table_12","5","7","Table 12. Embedded internal reference voltage"
"F1","stm32f103c8","table_16","6","9","Table 16. Typical and maximum current consumptions in Stop and Standby modes"
"F1","stm32f103c8","table_22","5","7","Table 22. HSE 4-16 MHz oscillator characteristics"
"F1","stm32f103c8","table_25","3","6","Table 25. LSI oscillator characteristics"
"F1","stm32f103c8","table_27","5","6","Table 27. PLL characteristics"
"F1","stm32f103c8","table_28","3","7","Table 28. Flash memory characteristics"
"F1","stm32f103c8","table_29","4","7","Table 29. Flash memory endurance and data retention"
"F1","stm32f103c8","table_3","5","8","Table 3. STM32F103xx family"
"F1","stm32f103c8","table_31","4","6","Table 31. EMI characteristics for fHSE = 8 MHz and fHCLK = 48 MHz"
"F1","stm32f103c8","table_32","4","6","Table 32. EMI characteristics for fHSE = 8 MHz and fHCLK = 72 MHz"
"F1","stm32f103c8","table_33","2","6","Table 33. ESD absolute maximum ratings"
"F1","stm32f103c8","table_34","3","5","Table 34. Electrical sensitivities"
"F1","stm32f103c8","table_35","3","5","Table 35. I/O current injection susceptibility"
"F1","stm32f103c8","table_39","6","7","Table 39. NRST pin characteristics"
"F1","stm32f103c8","table_4","2","7","Table 4. Timer feature comparison"
"F1","stm32f103c8","table_46","3","6","Table 46. USB: Full-speed electrical characteristics"
"F1","stm32f103c8","table_49","5","6","Table 49. ADC accuracy - Limited test conditions"
"F1","stm32f103c8","table_50","5","6","Table 50. ADC accuracy"
"F1","stm32f103c8","table_51","5","6","Table 51. TS characteristics"
"F1","stm32f103c8","table_6","6","5","Table 6. Voltage characteristics"
"F1","stm32f103rc","table_11","2","6","Table 11. Operating conditions at power-up / power-down"
"F1","stm32f103rc","table_13","5","7","Table 13. Embedded internal reference voltage."
"F1","stm32f103rc","table_17","6","9","Table 17. Typical and maximum current consumptions in Stop and Standby modes"
"F1","stm32f103rc","table_26","3","6","Table 26. LSI oscillator characteristics"
"F1","stm32f103rc","table_28","5","6","Table 28. PLL characteristics."
"F1","stm32f103rc","table_3","5","8","Table 3. STM32F103xx family"
"F1","stm32f103rc","table_30","4","5","Table 30. Flash memory endurance and data retention."
"F1","stm32f103rc","table_4","3","7","Table 4. High-density timer feature comparison."
"F1","stm32f103rc","table_42","4","7","Table 42. EMI characteristics."
"F1","stm32f103rc","table_43","2","6","Table 43. ESD absolute maximum ratings."
"F1","stm32f103rc","table_45","3","5","Table 45. I/O current injection susceptibility."
"F1","stm32f103rc","table_49","6","7","Table 49. NRST pin characteristics"
"F1","stm32f103rc","table_61","5","6","Table 61. ADC accuracy - limited test conditions."
"F1","stm32f103rc","table_62","5","6","Table 62. ADC accuracy"
"F1","stm32f103rc","table_64","5","6","Table 64. TS characteristics."
"F1","stm32f103rc","table_69","3","7","Table 69. WLCSP, 64-ball 4.466 × 4.395 mm, 0.500 mm pitch, wafer-level chip-scal"
"F1","stm32f103rc","table_7","6","5","Table 7. Voltage characteristics"
"F1","stm32f103rf","table_11","2","6","Table 11. Operating conditions at power-up / power-down"
"F1","stm32f103rf","table_13","5","7","Table 13. Embedded internal reference voltage"
"F1","stm32f103rf","table_17","4","9","Table 17. Typical and maximum current consumptions in Stop and Standby modes"
"F1","stm32f103rf","table_23","6","7","Table 23. HSE 4-16 MHz oscillator characteristics"
"F1","stm32f103rf","table_26","3","6","Table 26. LSI oscillator characteristics"
"F1","stm32f103rf","table_28","5","6","Table 28. PLL characteristics"
"F1","stm32f103rf","table_3","5","10","Table 3. STM32F103xx family"
"F1","stm32f103rf","table_30","4","5","Table 30. Flash memory endurance and data retention"
"F1","stm32f103rf","table_32","5","5","Table 32. Asynchronous non-multiplexed SRAM/PSRAM/NOR write timings"
"F1","stm32f103rf","table_4","5","7","Table 4. STM32F103xF and STM32F103xG timer feature comparison"
"F1","stm32f103rf","table_45","4","7","Table 45. EMI characteristics"
"F1","stm32f103rf","table_46","2","6","Table 46. ESD absolute maximum ratings"
"F1","stm32f103rf","table_48","3","5","Table 48. I/O current injection susceptibility"
"F1","stm32f103rf","table_52","6","7","Table 52. NRST pin characteristics"
"F1","stm32f103rf","table_64","5","6","Table 64. ADC accuracy - limited test conditions"
"F1","stm32f103rf","table_65","5","6","Table 65. ADC accuracy"
"F1","stm32f103rf","table_67","5","6","Table 67. TS characteristics"
"F1","stm32f103rf","table_7","6","5","Table 7. Voltage characteristics"
"F1","stm32f103rf","table_8","6","5","Table 8. Current characteristics"
"F1","stm32f105r8","table_10","2","6","Table 10. Operating condition at power-up / power down"
"F1","stm32f105r8","table_12","5","7","Table 12. Embedded internal reference voltage."
"F1","stm32f105r8","table_16","6","9","Table 16. Typical and maximum current consumptions in Stop and Standby modes"
"F1","stm32f105r8","table_22","6","7","Table 22. HSE 3-25 MHz oscillator characteristics"
"F1","stm32f105r8","table_25","3","6","Table 25. LSI oscillator characteristics"
"F1","stm32f105r8","table_27","6","5","Table 27. PLL characteristics."
"F1","stm32f105r8","table_28","6","5","Table 28. PLL2 and PLL3 characteristics."
"F1","stm32f105r8","table_30","4","7","Table 30. Flash memory endurance and data retention."
"F1","stm32f105r8","table_32","4","7","Table 32. EMI characteristics."
"F1","stm32f105r8","table_33","2","6","Table 33. ESD absolute maximum ratings."
"F1","stm32f105r8","table_35","3","5","Table 35. I/O current injection susceptibility."
"F1","stm32f105r8","table_39","6","7","Table 39. NRST pin characteristics"
"F1","stm32f105r8","table_4","3","7","Table 4. Timer feature comparison."
"F1","stm32f105r8","table_48","1","6","Table 48. Ethernet DC electrical characteristics."
"F1","stm32f105r8","table_49","4","6","Table 49. Dynamic characteristics: Ethernet MAC signals for SMI."
"F1","stm32f105r8","table_54","5","6","Table 54. ADC accuracy - limited test conditions."
"F1","stm32f105r8","table_55","5","6","Table 55. ADC accuracy"
"F1","stm32f105r8","table_57","5","6","Table 57. TS characteristics."
"F1","stm32f105r8","table_6","6","5","Table 6. Voltage characteristics"
"F1","stm32f105r8","table_63","5","11","Table 63. PLL configurations"
"F2","stm32f205rb","table_14","3","6","Table 14. General operating conditions"
"F2","stm32f205rb","table_15","4","7","Table 15. Limitations depending on the operating power supply range"
"F2","stm32f205rb","table_17","2","5","Table 17. Operating conditions at power-up / power-down (regulator ON)"
"F2","stm32f205rb","table_18","4","6","Table 18. Operating conditions at power-up / power-down (regulator OFF)"
"F2","stm32f205rb","table_23","4","8","Table 23. Typical and maximum current consumptions in Stop mode"
"F2","stm32f205rb","table_25","4","9","Table 25. Typical and maximum current consumptions in V mode 84 BAT"
"F2","stm32f205rb","table_27","5","6","Table 27. Low-power mode wakeup timings"
"F2","stm32f205rb","table_31","3","7","Table 31. LSE oscillator characteristics (f = 32.768 kHz) 91 LSE"
"F2","stm32f205rb","table_33","3","6","Table 33. LSI oscillator characteristics"
"F2","stm32f205rb","table_36","3","6","Table 36. SSCG parameters constraint"
"F2","stm32f205rb","table_37","3","7","Table 37. Flash memory characteristics"
"F2","stm32f205rb","table_40","4","5","Table 40. Flash memory endurance and data retention"
"F2","stm32f205rb","table_43","2","6","Table 43. ESD absolute maximum ratings"
"F2","stm32f205rb","table_45","4","5","Table 45. I/O current injection susceptibility"
"F2","stm32f205rb","table_51","4","6","Table 51. Characteristics of TIMx connected to the APB2 domain"
"F2","stm32f205rb","table_59","1","6","Table 59. USB HS DC electrical characteristics"
"F2","stm32f205rb","table_6","6","10","Table 6. USART feature comparison"
"F2","stm32f205rb","table_62","1","6","Table 62. Ethernet DC electrical characteristics"
"F2","stm32f205rb","table_63","4","6","Table 63. Dynamics characteristics: Ethernet MAC signals for SMI"
"F2","stm32f205rb","table_64","6","6","Table 64. Dynamics characteristics: Ethernet MAC signals for RMII"
"F2","stm32f205rb","table_67","5","6","Table 67. ADC accuracy"
"F2","stm32f205rb","table_70","4","6","Table 70. V monitoring characteristics 128 BAT"
"F2","stm32f205rb","table_71","5","7","Table 71. Embedded internal reference voltage"
"F2","stm32f205rb","table_83","6","5","Table 83. Switching characteristics for NAND Flash write cycles"
"F2","stm32f205rb","table_84","1","5","Table 84. DCMI characteristics"
"F2","stm32f205rb","table_86","1","5","Table 86. RTC characteristics"
"F2","stm32f215re","table_13","3","6","Table 13. General operating conditions"
"F2","stm32f215re","table_14","4","7","Table 14. Limitations depending on the operating power supply range"
"F2","stm32f215re","table_16","2","5","Table 16. Operating conditions at power-up / power-down (regulator ON)"
"F2","stm32f215re","table_17","4","6","Table 17. Operating conditions at power-up / power-down (regulator OFF)"
"F2","stm32f215re","table_22","4","8","Table 22. Typical and maximum current consumptions in Stop mode"
"F2","stm32f215re","table_24","4","9","Table 24. Typical and maximum current consumptions in V mode 85 BAT"
"F2","stm32f215re","table_26","5","6","Table 26. Low-power mode wakeup timings"
"F2","stm32f215re","table_30","3","7","Table 30. LSE oscillator characteristics (f = 32.768 kHz) 92 LSE"
"F2","stm32f215re","table_32","3","6","Table 32. LSI oscillator characteristics"
"F2","stm32f215re","table_35","3","6","Table 35. SSCG parameters constraint"
"F2","stm32f215re","table_36","3","7","Table 36. Flash memory characteristics"
"F2","stm32f215re","table_39","4","5","Table 39. Flash memory endurance and data retention"
"F2","stm32f215re","table_42","2","6","Table 42. ESD absolute maximum ratings"
"F2","stm32f215re","table_44","4","5","Table 44. I/O current injection susceptibility"
"F2","stm32f215re","table_5","6","10","Table 5. USART feature comparison"
"F2","stm32f215re","table_58","1","6","Table 58. USB HS DC electrical characteristics"
"F2","stm32f215re","table_61","1","6","Table 61. Ethernet DC electrical characteristics"
"F2","stm32f215re","table_62","4","6","Table 62. Dynamics characteristics: Ethernet MAC signals for SMI"
"F2","stm32f215re","table_63","6","6","Table 63. Dynamics characteristics: Ethernet MAC signals for RMII"
"F2","stm32f215re","table_66","5","6","Table 66. ADC accuracy"
"F2","stm32f215re","table_69","4","6","Table 69. V monitoring characteristics 131 BAT"
"F2","stm32f215re","table_70","5","7","Table 70. Embedded internal reference voltage"
"F2","stm32f215re","table_82","6","5","Table 82. Switching characteristics for NAND Flash write cycles"
"F2","stm32f215re","table_83","1","5","Table 83. DCMI characteristics"
"F2","stm32f215re","table_85","1","5","Table 85. RTC characteristics"
"F3","stm32f301c6","table_24","4","6","Table 24. Operating conditions at power-up / power-down"
"F3","stm32f301c6","table_25","4","7","Table 25. Embedded reset and power control block characteristics"
"F3","stm32f301c6","table_27","4","7","Table 27. Embedded internal reference voltage"
"F3","stm32f301c6","table_32","6","14","Table 32. Typical and maximum V consumption in Stop and Standby modes 65 DDA"
"F3","stm32f301c6","table_33","2","15","Table 33. Typical and maximum current consumption from V supply 65 BAT"
"F3","stm32f301c6","table_38","4","11","Table 38. Low-power mode wakeup timings"
"F3","stm32f301c6","table_40","5","7","Table 40. Low-speed external user clock characteristics"
"F3","stm32f301c6","table_44","3","6","Table 44. LSI oscillator characteristics"
"F3","stm32f301c6","table_45","5","6","Table 45. PLL characteristics"
"F3","stm32f301c6","table_46","5","7","Table 46. Flash memory characteristics"
"F3","stm32f301c6","table_47","4","5","Table 47. Flash memory endurance and data retention"
"F3","stm32f301c6","table_49","4","6","Table 49. EMI characteristics"
"F3","stm32f301c6","table_5","5","8","Table 5. Timer feature comparison"
"F3","stm32f301c6","table_50","3","7","Table 50. ESD absolute maximum ratings"
"F3","stm32f301c6","table_52","5","5","Table 52. I/O current injection susceptibility"
"F3","stm32f301c6","table_56","6","7","Table 56. NRST pin characteristics"
"F3","stm32f301c6","table_71","5","6","Table 71. TS characteristics"
"F3","stm32f301c6","table_73","4","6","Table 73. V monitoring characteristics 115 BAT"
"F3","stm32f302c6","table_24","4","6","Table 24. Operating conditions at power-up / power-down"
"F3","stm32f302c6","table_25","4","7","Table 25. Embedded reset and power control block characteristics"
"F3","stm32f302c6","table_27","4","7","Table 27. Embedded internal reference voltage"
"F3","stm32f302c6","table_32","6","14","Table 32. Typical and maximum V consumption in Stop and Standby modes 64 DDA"
"F3","stm32f302c6","table_33","2","15","Table 33. Typical and maximum current consumption from V supply 64 BAT"
"F3","stm32f302c6","table_38","4","11","Table 38. Low-power mode wakeup timings"
"F3","stm32f302c6","table_40","5","7","Table 40. Low-speed external user clock characteristics"
"F3","stm32f302c6","table_44","4","6","Table 44. LSI oscillator characteristics"
"F3","stm32f302c6","table_45","5","6","Table 45. PLL characteristics"
"F3","stm32f302c6","table_46","5","7","Table 46. Flash memory characteristics"
"F3","stm32f302c6","table_47","4","5","Table 47. Flash memory endurance and data retention"
"F3","stm32f302c6","table_49","4","6","Table 49. EMI characteristics"
"F3","stm32f302c6","table_5","5","8","Table 5. Timer feature comparison"
"F3","stm32f302c6","table_50","3","7","Table 50. ESD absolute maximum ratings"
"F3","stm32f302c6","table_52","5","5","Table 52. I/O current injection susceptibility"
"F3","stm32f302c6","table_56","6","7","Table 56. NRST pin characteristics"
"F3","stm32f302c6","table_65","3","7","Table 65. USB: Full-speed electrical characteristics"
"F3","stm32f302c6","table_74","5","6","Table 74. TS characteristics"
"F3","stm32f302c6","table_76","4","6","Table 76. V monitoring characteristics 117 BAT"
"F3","stm32f302cb","table_13","6","10","Table 13. STM32F302xB/STM32F302xC pin definitions"
"F3","stm32f302cb","table_25","4","6","Table 25. Operating conditions at power-up / power-down"
"F3","stm32f302cb","table_26","4","7","Table 26. Embedded reset and power control block characteristics"
"F3","stm32f302cb","table_28","5","7","Table 28. Embedded internal reference voltage"
"F3","stm32f302cb","table_32","4","13","Table 32. Typical and maximum V consumption in Stop and Standby modes 65 DD"
"F3","stm32f302cb","table_33","4","13","Table 33. Typical and maximum V consumption in Stop and Standby modes 65 DDA"
"F3","stm32f302cb","table_34","2","15","Table 34. Typical and maximum current consumption from V supply 66 BAT"
"F3","stm32f302cb","table_39","4","11","Table 39. Low-power mode wakeup timings"
"F3","stm32f302cb","table_41","5","7","Table 41. Low-speed external user clock characteristics"
"F3","stm32f302cb","table_45","4","6","Table 45. LSI oscillator characteristics"
"F3","stm32f302cb","table_46","5","6","Table 46. PLL characteristics"
"F3","stm32f302cb","table_47","5","7","Table 47. Flash memory characteristics"
"F3","stm32f302cb","table_48","4","5","Table 48. Flash memory endurance and data retention"
"F3","stm32f302cb","table_5","6","8","Table 5. Timer feature comparison"
"F3","stm32f302cb","table_50","4","6","Table 50. EMI characteristics"
"F3","stm32f302cb","table_51","2","7","Table 51. ESD absolute maximum ratings"
"F3","stm32f302cb","table_53","6","5","Table 53. I/O current injection susceptibility"
"F3","stm32f302cb","table_57","6","7","Table 57. NRST pin characteristics"
"F3","stm32f302cb","table_78","5","6","Table 78. TS characteristics"
"F3","stm32f302cb","table_80","4","6","Table 80. V monitoring characteristics 124 BAT"
"F3","stm32f302rd","table_20","4","6","Table 20. Operating conditions at power-up / power-down"
"F3","stm32f302rd","table_21","3","7","Table 21. Embedded reset and power control block characteristics"
"F3","stm32f302rd","table_23","5","7","Table 23. Embedded internal reference voltage"
"F3","stm32f302rd","table_27","6","13","Table 27. Typical and maximum V consumption in Stop and Standby modes 73 DD"
"F3","stm32f302rd","table_28","6","14","Table 28. Typical and maximum V consumption in Stop and Standby modes 74 DDA"
"F3","stm32f302rd","table_29","2","15","Table 29. Typical and maximum current consumption from V supply 74 BAT"
"F3","stm32f302rd","table_34","4","11","Table 34. Low-power mode wakeup timings"
"F3","stm32f302rd","table_35","2","6","Table 35. Wakeup time using USART"
"F3","stm32f302rd","table_37","5","7","Table 37. Low-speed external user clock characteristics"
"F3","stm32f302rd","table_41","3","6","Table 41. LSI oscillator characteristics"
"F3","stm32f302rd","table_42","5","6","Table 42. PLL characteristics"
"F3","stm32f302rd","table_43","5","7","Table 43. Flash memory characteristics"
"F3","stm32f302rd","table_44","4","5","Table 44. Flash memory endurance and data retention"
"F3","stm32f302rd","table_48","4","5","Table 48. Asynchronous non-multiplexed SRAM/PSRAM/NOR write-NWAIT timings"
"F3","stm32f302rd","table_49","4","5","Table 49. Asynchronous multiplexed PSRAM/NOR read-NWAIT timings"
"F3","stm32f302rd","table_52","4","5","Table 52. Asynchronous multiplexed PSRAM/NOR write-NWAIT timings"
"F3","stm32f302rd","table_59","5","5","Table 59. Switching characteristics for NAND Flash read cycles"
"F3","stm32f302rd","table_60","6","5","Table 60. Switching characteristics for NAND Flash write cycles"
"F3","stm32f302rd","table_62","4","6","Table 62. EMI characteristics"
"F3","stm32f302rd","table_63","2","6","Table 63. ESD absolute maximum ratings"
"F3","stm32f302rd","table_65","3","5","Table 65. I/O current injection susceptibility"
"F3","stm32f302rd","table_69","6","7","Table 69. NRST pin characteristics"
"F3","stm32f302rd","table_73","1","5","Table 73. I2C analog filter characteristics"
"F3","stm32f302rd","table_89","5","6","Table 89. TS characteristics"
"F3","stm32f302rd","table_9","5","5","Table 9. STM32F302xD/E SPI/I2S implementation"
"F3","stm32f302rd","table_91","4","6","Table 91. V monitoring characteristics 146 BAT"
"F3","stm32f303c6","table_20","4","6","Table 20. Operating conditions at power-up / power-down"
"F3","stm32f303c6","table_21","4","7","Table 21. Embedded reset and power control block characteristics"
"F3","stm32f303c6","table_23","4","7","Table 23. Embedded internal reference voltage"
"F3","stm32f303c6","table_28","6","14","Table 28. Typical and maximum V consumption in Stop and Standby modes 57 DDA"
"F3","stm32f303c6","table_29","2","15","Table 29. Typical and maximum current consumption from V supply 57 BAT"
"F3","stm32f303c6","table_35","4","11","Table 35. Low-power mode wakeup timings"
"F3","stm32f303c6","table_36","2","6","Table 36. Wakeup time using USART"
"F3","stm32f303c6","table_37","5","7","Table 37. High-speed external user clock characteristics"
"F3","stm32f303c6","table_38","5","7","Table 38. Low-speed external user clock characteristics"
"F3","stm32f303c6","table_42","3","6","Table 42. LSI oscillator characteristics"
"F3","stm32f303c6","table_43","5","6","Table 43. PLL characteristics"
"F3","stm32f303c6","table_44","5","7","Table 44. Flash memory characteristics"
"F3","stm32f303c6","table_45","4","5","Table 45. Flash memory endurance and data retention"
"F3","stm32f303c6","table_47","4","6","Table 47. EMI characteristics"
"F3","stm32f303c6","table_48","2","6","Table 48. ESD absolute maximum ratings"
"F3","stm32f303c6","table_5","6","8","Table 5. Timer feature comparison"
"F3","stm32f303c6","table_50","5","5","Table 50. I/O current injection susceptibility"
"F3","stm32f303c6","table_54","6","7","Table 54. NRST pin characteristics"
"F3","stm32f303c6","table_58","1","5","Table 58. I2C analog filter characteristics"
"F3","stm32f303c6","table_68","5","6","Table 68. Temperature sensor (TS) characteristics"
"F3","stm32f303c6","table_70","4","6","Table 70. V monitoring characteristics 102 BAT"
"F3","stm32f303cb","table_13","6","10","Table 13. STM32F303xB/STM32F303xC pin definitions"
"F3","stm32f303cb","table_25","4","6","Table 25. Operating conditions at power-up / power-down"
"F3","stm32f303cb","table_26","4","7","Table 26. Embedded reset and power control block characteristics"
"F3","stm32f303cb","table_28","5","7","Table 28. Embedded internal reference voltage"
"F3","stm32f303cb","table_32","4","13","Table 32. Typical and maximum V consumption in Stop and Standby modes 66 DD"
"F3","stm32f303cb","table_33","4","13","Table 33. Typical and maximum V consumption in Stop and Standby modes 66 DDA"
"F3","stm32f303cb","table_34","2","15","Table 34. Typical and maximum current consumption from V supply 67 BAT"
"F3","stm32f303cb","table_39","4","11","Table 39. Low-power mode wakeup timings"
"F3","stm32f303cb","table_41","5","7","Table 41. Low-speed external user clock characteristics"
"F3","stm32f303cb","table_45","3","6","Table 45. LSI oscillator characteristics"
"F3","stm32f303cb","table_46","5","6","Table 46. PLL characteristics"
"F3","stm32f303cb","table_47","5","7","Table 47. Flash memory characteristics"
"F3","stm32f303cb","table_48","4","5","Table 48. Flash memory endurance and data retention"
"F3","stm32f303cb","table_5","6","8","Table 5. Timer feature comparison"
"F3","stm32f303cb","table_50","4","6","Table 50. EMI characteristics"
"F3","stm32f303cb","table_51","2","7","Table 51. ESD absolute maximum ratings"
"F3","stm32f303cb","table_53","6","5","Table 53. I/O current injection susceptibility"
"F3","stm32f303cb","table_57","6","7","Table 57. NRST pin characteristics"
"F3","stm32f303cb","table_78","5","6","Table 78. TS characteristics"
"F3","stm32f303cb","table_80","4","6","Table 80. V monitoring characteristics 125 BAT"
"F3","stm32f303rd","table_20","4","6","Table 20. Operating conditions at power-up / power-down"
"F3","stm32f303rd","table_21","3","7","Table 21. Embedded reset and power control block characteristics"
"F3","stm32f303rd","table_23","5","7","Table 23. Embedded internal reference voltage"
"F3","stm32f303rd","table_27","6","13","Table 27. Typical and maximum V consumption in Stop and Standby modes 77 DD"
"F3","stm32f303rd","table_28","6","14","Table 28. Typical and maximum V consumption in Stop and Standby modes 78 DDA"
"F3","stm32f303rd","table_29","2","15","Table 29. Typical and maximum current consumption from V supply 78 BAT"
"F3","stm32f303rd","table_34","4","11","Table 34. Low-power mode wakeup timings"
"F3","stm32f303rd","table_35","2","6","Table 35. Wakeup time using USART"
"F3","stm32f303rd","table_37","5","7","Table 37. Low-speed external user clock characteristics"
"F3","stm32f303rd","table_41","3","6","Table 41. LSI oscillator characteristics"
"F3","stm32f303rd","table_42","5","6","Table 42. PLL characteristics"
"F3","stm32f303rd","table_43","5","7","Table 43. Flash memory characteristics"
"F3","stm32f303rd","table_44","4","5","Table 44. Flash memory endurance and data retention"
"F3","stm32f303rd","table_48","4","5","Table 48. Asynchronous non-multiplexed SRAM/PSRAM/NOR write-NWAIT timings"
"F3","stm32f303rd","table_49","4","5","Table 49. Asynchronous multiplexed PSRAM/NOR read-NWAIT timings"
"F3","stm32f303rd","table_5","6","8","Table 5. Timer feature comparison"
"F3","stm32f303rd","table_52","4","5","Table 52. Asynchronous multiplexed PSRAM/NOR write-NWAIT timings"
"F3","stm32f303rd","table_59","5","5","Table 59. Switching characteristics for NAND Flash read cycles"
"F3","stm32f303rd","table_60","6","5","Table 60. Switching characteristics for NAND Flash write cycles"
"F3","stm32f303rd","table_62","4","6","Table 62. EMI characteristics"
"F3","stm32f303rd","table_63","2","6","Table 63. ESD absolute maximum ratings"
"F3","stm32f303rd","table_65","3","5","Table 65. I/O current injection susceptibility"
"F3","stm32f303rd","table_69","6","7","Table 69. NRST pin characteristics"
"F3","stm32f303rd","table_73","1","5","Table 73. I2C analog filter characteristics"
"F3","stm32f303rd","table_89","5","6","Table 89. TS characteristics"
"F3","stm32f303rd","table_9","5","5","Table 9. STM32F303xD/E SPI/I2S implementation"
"F3","stm32f303rd","table_91","4","6","Table 91. V monitoring characteristics 151 BAT"
"F3","stm32f318c8","table_23","5","7","Table 23. Embedded internal reference voltage"
"F3","stm32f318c8","table_27","1","8","Table 27. Typical and maximum V consumption in Stop mode 54 DD"
"F3","stm32f318c8","table_28","1","14","Table 28. Typical and maximum V consumption in Stop mode 54 DDA"
"F3","stm32f318c8","table_29","2","15","Table 29. Typical and maximum current consumption from V supply 55 BAT"
"F3","stm32f318c8","table_34","3","5","Table 34. Low-power mode wakeup timings"
"F3","stm32f318c8","table_36","5","7","Table 36. Low-speed external user clock characteristics"
"F3","stm32f318c8","table_40","3","6","Table 40. LSI oscillator characteristics"
"F3","stm32f318c8","table_41","5","6","Table 41. PLL characteristics"
"F3","stm32f318c8","table_42","5","7","Table 42. Flash memory characteristics"
"F3","stm32f318c8","table_43","4","5","Table 43. Flash memory endurance and data retention"
"F3","stm32f318c8","table_45","4","6","Table 45. EMI characteristics"
"F3","stm32f318c8","table_46","3","7","Table 46. ESD absolute maximum ratings"
"F3","stm32f318c8","table_48","5","5","Table 48. I/O current injection susceptibility"
"F3","stm32f318c8","table_5","5","8","Table 5. Timer feature comparison"
"F3","stm32f318c8","table_52","6","7","Table 52. NRST pin characteristics"
"F3","stm32f318c8","table_53","4","7","Table 53. NPOR pin characteristics"
"F3","stm32f318c8","table_68","5","6","Table 68. TS characteristics"
"F3","stm32f318c8","table_70","4","6","Table 70. V monitoring characteristics 104 BAT"
"F3","stm32f328c8","table_12","3","6","Table 12. STM32F328C8 pin definitions"
"F3","stm32f328c8","table_20","6","7","Table 20. Embedded internal reference voltage"
"F3","stm32f328c8","table_24","1","8","Table 24. Typical and maximum V consumption in Stop mode 54 DD"
"F3","stm32f328c8","table_25","1","14","Table 25. Typical and maximum V consumption in Stop mode 54 DDA"
"F3","stm32f328c8","table_26","2","15","Table 26. Typical and maximum current consumption from V supply 55 BAT"
"F3","stm32f328c8","table_31","3","5","Table 31. Low-power mode wakeup timings"
"F3","stm32f328c8","table_32","5","7","Table 32. High-speed external user clock characteristics"
"F3","stm32f328c8","table_33","5","7","Table 33. Low-speed external user clock characteristics"
"F3","stm32f328c8","table_37","3","6","Table 37. LSI oscillator characteristics"
"F3","stm32f328c8","table_38","5","6","Table 38. PLL characteristics"
"F3","stm32f328c8","table_39","5","7","Table 39. Flash memory characteristics"
"F3","stm32f328c8","table_4","6","8","Table 4. Timer feature comparison"
"F3","stm32f328c8","table_40","4","5","Table 40. Flash memory endurance and data retention"
"F3","stm32f328c8","table_42","4","6","Table 42. EMI characteristics"
"F3","stm32f328c8","table_43","2","6","Table 43. ESD absolute maximum ratings"
"F3","stm32f328c8","table_45","3","5","Table 45. I/O current injection susceptibility"
"F3","stm32f328c8","table_47","3","6","Table 47. Output voltage characteristics"
"F3","stm32f328c8","table_49","6","7","Table 49. NRST pin characteristics"
"F3","stm32f328c8","table_50","4","7","Table 50. NPOR pin characteristics"
"F3","stm32f328c8","table_54","1","5","Table 54. I2C analog filter characteristics"
"F3","stm32f328c8","table_64","5","6","Table 64. Temperature sensor (TS) characteristics"
"F3","stm32f334c4","table_20","4","6","Table 20. Operating conditions at power-up / power-down"
"F3","stm32f334c4","table_21","4","7","Table 21. Embedded reset and power control block characteristics"
"F3","stm32f334c4","table_23","4","7","Table 23. Embedded internal reference voltage"
"F3","stm32f334c4","table_28","6","14","Table 28. Typical and maximum V consumption in Stop and Standby modes 58 DDA"
"F3","stm32f334c4","table_29","2","15","Table 29. Typical and maximum current consumption from V supply 58 BAT"
"F3","stm32f334c4","table_34","4","11","Table 34. Low-power mode wakeup timings"
"F3","stm32f334c4","table_35","2","6","Table 35. Wakeup time using USART"
"F3","stm32f334c4","table_36","5","7","Table 36. High-speed external user clock characteristics"
"F3","stm32f334c4","table_37","5","7","Table 37. Low-speed external user clock characteristics"
"F3","stm32f334c4","table_41","3","6","Table 41. LSI oscillator characteristics"
"F3","stm32f334c4","table_42","5","6","Table 42. PLL characteristics"
"F3","stm32f334c4","table_43","5","7","Table 43. Flash memory characteristics"
"F3","stm32f334c4","table_44","4","5","Table 44. Flash memory endurance and data retention"
"F3","stm32f334c4","table_46","4","6","Table 46. EMI characteristics"
"F3","stm32f334c4","table_47","2","6","Table 47. ESD absolute maximum ratings"
"F3","stm32f334c4","table_49","5","5","Table 49. I/O current injection susceptibility"
"F3","stm32f334c4","table_53","6","7","Table 53. NRST pin characteristics"
"F3","stm32f334c4","table_55","3","7","Table 55. HRTIM output response to fault protection"
"F3","stm32f334c4","table_56","3","7","Table 56. HRTIM output response to external events 1 to 5 (Low-Latency mode)"
"F3","stm32f334c4","table_57","3","7","Table 57. HRTIM output response to external events 1 to 10 (Synchronous mode )"
"F3","stm32f334c4","table_62","1","5","Table 62. I2C analog filter characteristics"
"F3","stm32f334c4","table_72","5","6","Table 72. Temperature sensor (TS) characteristics"
"F3","stm32f334c4","table_74","4","6","Table 74. V monitoring characteristics 103 BAT"
"F3","stm32f358cc","table_25","4","6","Table 25. Operating conditions at power-up / power-down"
"F3","stm32f358cc","table_26","6","7","Table 26. Embedded internal reference voltage"
"F3","stm32f358cc","table_30","1","8","Table 30. Typical and maximum V consumption in Stop mode 61 DD"
"F3","stm32f358cc","table_31","1","14","Table 31. Typical and maximum V consumption in Stop mode 61 DDA"
"F3","stm32f358cc","table_32","1","8","Table 32. Typical and maximum current consumption from V supply 61 BAT"
"F3","stm32f358cc","table_37","3","5","Table 37. Low-power mode wakeup timings"
"F3","stm32f358cc","table_39","5","7","Table 39. Low-speed external user clock characteristics"
"F3","stm32f358cc","table_43","3","6","Table 43. LSI oscillator characteristics"
"F3","stm32f358cc","table_44","5","6","Table 44. PLL characteristics"
"F3","stm32f358cc","table_45","5","7","Table 45. Flash memory characteristics"
"F3","stm32f358cc","table_46","4","5","Table 46. Flash memory endurance and data retention"
"F3","stm32f358cc","table_48","4","6","Table 48. EMI characteristics"
"F3","stm32f358cc","table_49","2","6","Table 49. ESD absolute maximum ratings"
"F3","stm32f358cc","table_5","6","8","Table 5. Timer feature comparison"
"F3","stm32f358cc","table_51","6","5","Table 51. I/O current injection susceptibility"
"F3","stm32f358cc","table_55","6","7","Table 55. NRST pin characteristics"
"F3","stm32f358cc","table_56","4","7","Table 56. NPOR pin characteristics"
"F3","stm32f358cc","table_74","5","6","Table 74. TS characteristics"
"F3","stm32f358cc","table_76","4","6","Table 76. V monitoring characteristics 118 BAT"
"F3","stm32f373c8","table_24","4","7","Table 24. Embedded reset and power control block characteristics."
"F3","stm32f373c8","table_27","5","7","Table 27. Embedded internal reference voltage."
"F3","stm32f373c8","table_31","5","14","Table 31. Typical and maximum V consumption in Stop and Standby modes."
"F3","stm32f373c8","table_32","2","14","Table 32. Typical and maximum current consumption from V supply."
"F3","stm32f373c8","table_37","4","10","Table 37. Low-power mode wakeup timings"
"F3","stm32f373c8","table_38","6","7","Table 38. High-speed external user clock characteristics."
"F3","stm32f373c8","table_39","5","7","Table 39. Low-speed external user clock characteristics."
"F3","stm32f373c8","table_43","3","6","Table 43. LSI oscillator characteristics."
"F3","stm32f373c8","table_44","5","6","Table 44. PLL characteristics."
"F3","stm32f373c8","table_45","5","7","Table 45. Flash memory characteristics."
"F3","stm32f373c8","table_46","4","5","Table 46. Flash memory endurance and data retention."
"F3","stm32f373c8","table_48","4","6","Table 48. EMI characteristics."
"F3","stm32f373c8","table_49","2","6","Table 49. ESD absolute maximum ratings."
"F3","stm32f373c8","table_55","6","7","Table 55. NRST pin characteristics"
"F3","stm32f373c8","table_66","5","6","Table 66. TS characteristics."
"F3","stm32f373c8","table_67","4","6","Table 67. V monitoring characteristics"
"F3","stm32f373c8","table_73","3","7","Table 73. USB: Full-speed electrical characteristics."
"F3","stm32f373c8","table_74","5","8","Table 74. SDADC characteristics"
"F3","stm32f373c8","table_75","5","8","Table 75. VREFSD+ pin characteristics."
"F3","stm32f378cc","table_23","4","6","Table 23. Operating conditions at power-up / power-down"
"F3","stm32f378cc","table_25","6","7","Table 25. Embedded internal reference voltage."
"F3","stm32f378cc","table_28","1","8","Table 28. Typical and maximum V consumption in Stop mode"
"F3","stm32f378cc","table_29","1","14","Table 29. Typical and maximum V consumption in Stop mode"
"F3","stm32f378cc","table_30","2","14","Table 30. Typical and maximum current consumption from V supply."
"F3","stm32f378cc","table_35","3","6","Table 35. Low-power mode wakeup timings"
"F3","stm32f378cc","table_36","6","7","Table 36. High-speed external user clock characteristics."
"F3","stm32f378cc","table_37","5","7","Table 37. Low-speed external user clock characteristics."
"F3","stm32f378cc","table_41","3","6","Table 41. LSI oscillator characteristics."
"F3","stm32f378cc","table_42","5","6","Table 42. PLL characteristics."
"F3","stm32f378cc","table_43","5","7","Table 43. Flash memory characteristics."
"F3","stm32f378cc","table_44","4","5","Table 44. Flash memory endurance and data retention."
"F3","stm32f378cc","table_46","4","6","Table 46. EMI characteristics."
"F3","stm32f378cc","table_47","3","6","Table 47. ESD absolute maximum ratings."
"F3","stm32f378cc","table_53","6","7","Table 53. NRST pin characteristics"
"F3","stm32f378cc","table_54","4","7","Table 54. NPOR pin characteristics"
"F3","stm32f378cc","table_65","5","6","Table 65. TS characteristics."
"F3","stm32f378cc","table_66","4","6","Table 66. V monitoring characteristics"
"F3","stm32f378cc","table_71","5","8","Table 71. VREFSD+ pin characteristics."
"F3","stm32f398ve","table_20","5","7","Table 20. Embedded internal reference voltage"
"F3","stm32f398ve","table_24","1","8","Table 24. Typical and maximum V consumption in Stop mode 67 DD"
"F3","stm32f398ve","table_25","1","14","Table 25. Typical and maximum V consumption in Stop mode 67 DDA"
"F3","stm32f398ve","table_26","1","8","Table 26. Typical and maximum current consumption from V supply 67 BAT"
"F3","stm32f398ve","table_31","3","5","Table 31. Low-power mode wakeup timings"
"F3","stm32f398ve","table_33","5","7","Table 33. Low-speed external user clock characteristics"
"F3","stm32f398ve","table_37","3","6","Table 37. LSI oscillator characteristics"
"F3","stm32f398ve","table_38","5","6","Table 38. PLL characteristics"
"F3","stm32f398ve","table_39","5","7","Table 39. Flash memory characteristics"
"F3","stm32f398ve","table_4","6","8","Table 4. Timer feature comparison"
"F3","stm32f398ve","table_40","4","5","Table 40. Flash memory endurance and data retention"
"F3","stm32f398ve","table_44","4","5","Table 44. Asynchronous non-multiplexed SRAM/PSRAM/NOR write-NWAIT timings"
"F3","stm32f398ve","table_45","4","5","Table 45. Asynchronous multiplexed PSRAM/NOR read-NWAIT timings"
"F3","stm32f398ve","table_48","4","5","Table 48. Asynchronous multiplexed PSRAM/NOR write-NWAIT timings"
"F3","stm32f398ve","table_55","5","5","Table 55. Switching characteristics for NAND Flash read cycles"
"F3","stm32f398ve","table_56","6","5","Table 56. Switching characteristics for NAND Flash write cycles"
"F3","stm32f398ve","table_58","4","6","Table 58. EMI characteristics"
"F3","stm32f398ve","table_59","2","6","Table 59. ESD absolute maximum ratings"
"F3","stm32f398ve","table_61","6","5","Table 61. I/O current injection susceptibility"
"F3","stm32f398ve","table_65","6","7","Table 65. NRST pin characteristics"
"F3","stm32f398ve","table_66","4","7","Table 66. NPOR pin characteristics"
"F3","stm32f398ve","table_8","5","5","Table 8. STM32F398VE SPI/I2S implementation"
"F3","stm32f398ve","table_81","5","6","Table 81. TS characteristics"
"F3","stm32f398ve","table_83","4","6","Table 83. V monitoring characteristics 142 BAT"
"F4","stm32f401cb","table_15","4","7","Table 15. Features depending on the operating power supply range"
"F4","stm32f401cb","table_17","2","5","Table 17. Operating conditions at power-up / power-down (regulator ON)"
"F4","stm32f401cb","table_18","4","6","Table 18. Operating conditions at power-up / power-down (regulator OFF)."
"F4","stm32f401cb","table_27","5","9","Table 27. Typical and maximum current consumptions in Stop mode - V =1.8V."
"F4","stm32f401cb","table_28","5","9","Table 28. Typical and maximum current consumption in Stop mode - V =3.3V."
"F4","stm32f401cb","table_29","5","9","Table 29. Typical and maximum current consumption in Standby mode - V =1.8V"
"F4","stm32f401cb","table_3","5","5","Table 3. Regulator ON/OFF and internal power supply supervisor availability."
"F4","stm32f401cb","table_30","2","9","Table 30. Typical and maximum current consumption in Standby mode - V =3.3V."
"F4","stm32f401cb","table_31","2","10","Table 31. Typical and maximum current consumptions in V mode."
"F4","stm32f401cb","table_34","6","6","Table 34. Low-power mode wakeup timings(1)."
"F4","stm32f401cb","table_37","6","7","Table 37. HSE 4-26 MHz oscillator characteristics."
"F4","stm32f401cb","table_38","3","7","Table 38. LSE oscillator characteristics (f = 32.768 kHz)"
"F4","stm32f401cb","table_4","5","10","Table 4. Timer feature comparison."
"F4","stm32f401cb","table_40","3","6","Table 40. LSI oscillator characteristics"
"F4","stm32f401cb","table_43","3","6","Table 43. SSCG parameters constraint"
"F4","stm32f401cb","table_44","3","7","Table 44. Flash memory characteristics."
"F4","stm32f401cb","table_47","5","5","Table 47. Flash memory endurance and data retention."
"F4","stm32f401cb","table_50","4","6","Table 50. EMI characteristics for LQFP100"
"F4","stm32f401cb","table_51","2","6","Table 51. ESD absolute maximum ratings."
"F4","stm32f401cb","table_53","5","5","Table 53. I/O current injection susceptibility."
"F4","stm32f401cb","table_57","4","7","Table 57. NRST pin characteristics"
"F4","stm32f401cb","table_6","3","10","Table 6. USART feature comparison"
"F4","stm32f401cb","table_67","5","6","Table 67. ADC accuracy at f = 18MHz"
"F4","stm32f401cb","table_68","5","6","Table 68. ADC accuracy at f = 30MHz"
"F4","stm32f401cb","table_69","5","6","Table 69. ADC accuracy at f = 36MHz"
"F4","stm32f401cb","table_70","4","7","Table 70. ADC dynamic accuracy at f = 18MHz - limited test conditions"
"F4","stm32f401cb","table_71","4","7","Table 71. ADC dynamic accuracy at f = 36MHz - limited test conditions"
"F4","stm32f401cb","table_72","5","6","Table 72. Temperature sensor characteristics."
"F4","stm32f401cb","table_74","4","6","Table 74. V monitoring characteristics"
"F4","stm32f401cb","table_75","5","7","Table 75. Embedded internal reference voltage."
"F4","stm32f401cb","table_78","1","5","Table 78. RTC characteristics"
"F4","stm32f401cd","table_15","4","7","Table 15. Features depending on the operating power supply range"
"F4","stm32f401cd","table_17","2","5","Table 17. Operating conditions at power-up / power-down (regulator ON)"
"F4","stm32f401cd","table_18","4","6","Table 18. Operating conditions at power-up / power-down (regulator OFF)"
"F4","stm32f401cd","table_27","5","8","Table 27. Typical and maximum current consumptions in Stop mode - V =1.8 V 69 DD"
"F4","stm32f401cd","table_28","5","8","Table 28. Typical and maximum current consumption in Stop mode - V =3.3 V 69 DD"
"F4","stm32f401cd","table_29","2","8","Table 29. Typical and maximum current consumption in Standby mode - V =1.8 V 70 "
"F4","stm32f401cd","table_3","5","5","Table 3. Regulator ON/OFF and internal power supply supervisor availability"
"F4","stm32f401cd","table_30","2","8","Table 30. Typical and maximum current consumption in Standby mode - V =3.3 V 70 "
"F4","stm32f401cd","table_31","2","9","Table 31. Typical and maximum current consumptions in V mode 70 BAT"
"F4","stm32f401cd","table_34","6","6","Table 34. Low-power mode wake-up timings(1)"
"F4","stm32f401cd","table_37","6","7","Table 37. HSE 4-26 MHz oscillator characteristics"
"F4","stm32f401cd","table_38","3","7","Table 38. LSE oscillator characteristics (f = 32.768 kHz) 79 LSE"
"F4","stm32f401cd","table_4","5","10","Table 4. Timer feature comparison"
"F4","stm32f401cd","table_40","3","6","Table 40. LSI oscillator characteristics"
"F4","stm32f401cd","table_41","4","7","Table 41. Main PLL characteristics"
"F4","stm32f401cd","table_43","3","6","Table 43. SSCG parameters constraint"
"F4","stm32f401cd","table_44","3","7","Table 44. Flash memory characteristics"
"F4","stm32f401cd","table_47","4","5","Table 47. Flash memory endurance and data retention"
"F4","stm32f401cd","table_50","4","6","Table 50. EMI characteristics for LQFP100"
"F4","stm32f401cd","table_51","2","6","Table 51. ESD absolute maximum ratings"
"F4","stm32f401cd","table_53","5","5","Table 53. I/O current injection susceptibility"
"F4","stm32f401cd","table_54","6","7","Table 54. I/O static characteristics"
"F4","stm32f401cd","table_56","5","8","Table 56. I/O AC characteristics"
"F4","stm32f401cd","table_57","4","7","Table 57. NRST pin characteristics"
"F4","stm32f401cd","table_6","3","10","Table 6. USART feature comparison"
"F4","stm32f401cd","table_67","5","6","Table 67. ADC accuracy at f = 18 MHz 108 ADC"
"F4","stm32f401cd","table_68","5","6","Table 68. ADC accuracy at f = 30 MHz 108 ADC"
"F4","stm32f401cd","table_69","5","6","Table 69. ADC accuracy at f = 36 MHz 108 ADC"
"F4","stm32f401cd","table_70","4","7","Table 70. ADC dynamic accuracy at f = 18 MHz - limited test conditions 109 ADC"
"F4","stm32f401cd","table_71","4","7","Table 71. ADC dynamic accuracy at f = 36 MHz - limited test conditions 109 ADC"
"F4","stm32f401cd","table_72","5","6","Table 72. Temperature sensor characteristics"
"F4","stm32f401cd","table_74","4","6","Table 74. V monitoring characteristics 113 BAT"
"F4","stm32f401cd","table_75","5","7","Table 75. Embedded internal reference voltage"
"F4","stm32f401cd","table_78","1","5","Table 78. RTC characteristics"
"F4","stm32f405oe","table_11","6","5","Table 11. Voltage characteristics"
"F4","stm32f405oe","table_15","4","7","Table 15. Limitations depending on the operating power supply range"
"F4","stm32f405oe","table_16","4","6","Table 16. VCAP_1/VCAP_2 operating conditions"
"F4","stm32f405oe","table_17","2","5","Table 17. Operating conditions at power-up / power-down (regulator ON)"
"F4","stm32f405oe","table_18","4","6","Table 18. Operating conditions at power-up / power-down (regulator OFF)"
"F4","stm32f405oe","table_23","4","8","Table 23. Typical and maximum current consumptions in Stop mode"
"F4","stm32f405oe","table_24","4","9","Table 24. Typical and maximum current consumptions in Standby mode"
"F4","stm32f405oe","table_25","4","9","Table 25. Typical and maximum current consumptions in V mode 93 BAT"
"F4","stm32f405oe","table_29","6","6","Table 29. Low-power mode wakeup timings"
"F4","stm32f405oe","table_3","3","5","Table 3. Regulator ON/OFF and internal reset ON/OFF availability"
"F4","stm32f405oe","table_32","5","7","Table 32. HSE 4-26 MHz oscillator characteristics"
"F4","stm32f405oe","table_33","6","7","Table 33. LSE oscillator characteristics (f = 32.768 kHz) 104 LSE"
"F4","stm32f405oe","table_35","3","6","Table 35. LSI oscillator characteristics"
"F4","stm32f405oe","table_38","3","6","Table 38. SSCG parameters constraint"
"F4","stm32f405oe","table_39","3","7","Table 39. Flash memory characteristics"
"F4","stm32f405oe","table_42","4","5","Table 42. Flash memory endurance and data retention"
"F4","stm32f405oe","table_45","2","6","Table 45. ESD absolute maximum ratings"
"F4","stm32f405oe","table_47","5","5","Table 47. I/O current injection susceptibility"
"F4","stm32f405oe","table_5","6","10","Table 5. USART feature comparison"
"F4","stm32f405oe","table_54","1","5","Table 54. I2C analog filter characteristics"
"F4","stm32f405oe","table_60","1","6","Table 60. USB HS DC electrical characteristics"
"F4","stm32f405oe","table_63","1","6","Table 63. Ethernet DC electrical characteristics"
"F4","stm32f405oe","table_64","4","6","Table 64. Dynamic characteristics: Ethernet MAC signals for SMI"
"F4","stm32f405oe","table_68","5","6","Table 68. ADC accuracy at f = 30 MHz 137 ADC"
"F4","stm32f405oe","table_69","5","6","Table 69. Temperature sensor characteristics"
"F4","stm32f405oe","table_71","4","6","Table 71. V monitoring characteristics 141 BAT"
"F4","stm32f405oe","table_72","5","7","Table 72. Embedded internal reference voltage"
"F4","stm32f405oe","table_74","3","7","Table 74. DAC characteristics"
"F4","stm32f405oe","table_86","6","5","Table 86. Switching characteristics for NAND flash write cycles"
"F4","stm32f405oe","table_87","3","5","Table 87. DCMI characteristics"
"F4","stm32f405oe","table_89","1","5","Table 89. RTC characteristics"
"F4","stm32f410c8","table_16","4","7","Table 16. Features depending on the operating power supply range"
"F4","stm32f410c8","table_18","2","5","Table 18. Operating conditions at power-up / power-down (regulator ON)"
"F4","stm32f410c8","table_19","4","6","Table 19. Operating conditions at power-up / power-down (regulator OFF)"
"F4","stm32f410c8","table_3","3","8","Table 3. Embedded bootloader interfaces"
"F4","stm32f410c8","table_32","2","9","Table 32. Typical and maximum current consumption in Standby mode - V = 1.7 V 69"
"F4","stm32f410c8","table_33","2","9","Table 33. Typical and maximum current consumption in Standby mode - V = 3.6 V 70"
"F4","stm32f410c8","table_34","3","10","Table 34. Typical and maximum current consumptions in V mode BAT"
"F4","stm32f410c8","table_43","3","6","Table 43. LSI oscillator characteristics"
"F4","stm32f410c8","table_45","3","6","Table 45. SSCG parameter constraints"
"F4","stm32f410c8","table_46","3","7","Table 46. Flash memory characteristics"
"F4","stm32f410c8","table_49","5","5","Table 49. Flash memory endurance and data retention"
"F4","stm32f410c8","table_5","6","10","Table 5. Timer feature comparison"
"F4","stm32f410c8","table_51","5","6","Table 51. EMI characteristics for fHSE = 8 MHz and fHCLK = 64 MHz"
"F4","stm32f410c8","table_52","6","7","Table 52. ESD absolute maximum ratings"
"F4","stm32f410c8","table_54","5","5","Table 54. I/O current injection susceptibility"
"F4","stm32f410c8","table_68","5","6","Table 68. ADC accuracy at f = 30 MHz 110 ADC"
"F4","stm32f410c8","table_69","5","6","Table 69. ADC accuracy at f = 36 MHz 110 ADC"
"F4","stm32f410c8","table_7","3","10","Table 7. USART feature comparison"
"F4","stm32f410c8","table_70","5","6","Table 70. ADC dynamic accuracy at f = 18 MHz - limited test conditions 110 ADC"
"F4","stm32f410c8","table_71","5","6","Table 71. ADC dynamic accuracy at f = 36 MHz - limited test conditions 110 ADC"
"F4","stm32f410c8","table_72","5","6","Table 72. Temperature sensor characteristics"
"F4","stm32f410c8","table_74","4","6","Table 74. V monitoring characteristics 113 BAT"
"F4","stm32f410c8","table_75","5","7","Table 75. Embedded internal reference voltage"
"F4","stm32f410c8","table_78","1","5","Table 78. RTC characteristics"
"F4","stm32f410c8","table_88","1","6","Table 88. Limitations depending on the operating power supply range"
"F4","stm32f411cc","table_17","2","5","Table 17. Operating conditions at power-up / power-down (regulator ON)"
"F4","stm32f411cc","table_18","4","6","Table 18. Operating conditions at power-up / power-down (regulator OFF)"
"F4","stm32f411cc","table_28","5","9","Table 28. Typical and maximum current consumption in Stop mode - V =3.6 V 76 DD"
"F4","stm32f411cc","table_29","2","9","Table 29. Typical and maximum current consumption in Standby mode - V = 1.7 V 76"
"F4","stm32f411cc","table_3","5","5","Table 3. Regulator ON/OFF and internal power supply supervisor availability"
"F4","stm32f411cc","table_30","2","9","Table 30. Typical and maximum current consumption in Standby mode - V = 3.6 V 76"
"F4","stm32f411cc","table_31","3","10","Table 31. Typical and maximum current consumptions in V mode 77 BAT"
"F4","stm32f411cc","table_37","6","7","Table 37. HSE 4-26 MHz oscillator characteristics"
"F4","stm32f411cc","table_38","5","7","Table 38. LSE oscillator characteristics (f = 32.768 kHz) 86 LSE"
"F4","stm32f411cc","table_4","5","10","Table 4. Timer feature comparison"
"F4","stm32f411cc","table_40","3","6","Table 40. LSI oscillator characteristics"
"F4","stm32f411cc","table_43","3","6","Table 43. SSCG parameter constraints"
"F4","stm32f411cc","table_44","3","7","Table 44. Flash memory characteristics"
"F4","stm32f411cc","table_46","5","7","Table 46. Flash memory programming with V voltage 93 PP"
"F4","stm32f411cc","table_47","5","5","Table 47. Flash memory endurance and data retention"
"F4","stm32f411cc","table_49","4","6","Table 49. EMI characteristics for LQFP100"
"F4","stm32f411cc","table_50","4","7","Table 50. ESD absolute maximum ratings"
"F4","stm32f411cc","table_52","5","5","Table 52. I/O current injection susceptibility"
"F4","stm32f411cc","table_56","4","7","Table 56. NRST pin characteristics"
"F4","stm32f411cc","table_6","3","10","Table 6. USART feature comparison"
"F4","stm32f411cc","table_66","5","6","Table 66. ADC accuracy at f = 18 MHz 116 ADC"
"F4","stm32f411cc","table_67","5","6","Table 67. ADC accuracy at f = 30 MHz 116 ADC"
"F4","stm32f411cc","table_68","5","6","Table 68. ADC accuracy at f = 36 MHz 116 ADC"
"F4","stm32f411cc","table_69","4","7","Table 69. ADC dynamic accuracy at f = 18 MHz - limited test conditions 117 ADC"
"F4","stm32f411cc","table_70","4","7","Table 70. ADC dynamic accuracy at f = 36 MHz - limited test conditions 117 ADC"
"F4","stm32f411cc","table_71","5","6","Table 71. Temperature sensor characteristics"
"F4","stm32f411cc","table_73","4","6","Table 73. V monitoring characteristics 121 BAT"
"F4","stm32f411cc","table_74","5","7","Table 74. Embedded internal reference voltage"
"F4","stm32f411cc","table_78","1","5","Table 78. RTC characteristics"
"F4","stm32f411cc","table_8","4","11","Table 8. STM32F411xC/xE pin definitions"
"F4","stm32f411cc","table_88","1","6","Table 88. Limitations depending on the operating power supply range"
"F4","stm32f412ce","table_17","4","7","Table 17. Features depending on the operating power supply range"
"F4","stm32f412ce","table_19","2","5","Table 19. Operating conditions at power-up / power-down (regulator ON)"
"F4","stm32f412ce","table_20","4","6","Table 20. Operating conditions at power-up / power-down (regulator OFF)"
"F4","stm32f412ce","table_33","3","9","Table 33. Typical and maximum current consumption in Standby mode - V = 1.7 V 96"
"F4","stm32f412ce","table_34","3","9","Table 34. Typical and maximum current consumption in Standby mode - V = 3.6 V 97"
"F4","stm32f412ce","table_35","3","11","Table 35. Typical and maximum current consumptions in V mode 97 BAT"
"F4","stm32f412ce","table_42","6","7","Table 42. LSE oscillator characteristics (f = 32.768 kHz) 109 LSE"
"F4","stm32f412ce","table_47","3","6","Table 47. SSCG parameter constraints"
"F4","stm32f412ce","table_48","3","7","Table 48. Flash memory characteristics"
"F4","stm32f412ce","table_51","5","5","Table 51. Flash memory endurance and data retention"
"F4","stm32f412ce","table_53","4","6","Table 53. EMI characteristics for LQFP144"
"F4","stm32f412ce","table_54","4","6","Table 54. ESD absolute maximum ratings"
"F4","stm32f412ce","table_56","5","5","Table 56. I/O current injection susceptibility"
"F4","stm32f412ce","table_60","4","7","Table 60. NRST pin characteristics"
"F4","stm32f412ce","table_68","3","7","Table 68. QSPI dynamic characteristics in DDR mode"
"F4","stm32f412ce","table_7","4","10","Table 7. USART feature comparison"
"F4","stm32f412ce","table_71","2","6","Table 71. USB OTG FS electrical characteristics"
"F4","stm32f412ce","table_74","5","6","Table 74. ADC accuracy at f = 30 MHz 142 ADC"
"F4","stm32f412ce","table_75","5","6","Table 75. ADC accuracy at f = 36 MHz 142 ADC"
"F4","stm32f412ce","table_76","5","6","Table 76. ADC dynamic accuracy at f = 18 MHz - limited test conditions 142 ADC"
"F4","stm32f412ce","table_77","5","6","Table 77. ADC dynamic accuracy at f = 36 MHz - limited test conditions 142 ADC"
"F4","stm32f412ce","table_78","5","6","Table 78. Temperature sensor characteristics"
"F4","stm32f412ce","table_80","4","6","Table 80. V monitoring characteristics 147 BAT"
"F4","stm32f412ce","table_81","5","7","Table 81. Embedded internal reference voltage"
"F4","stm32f412ce","table_85","5","5","Table 85. Asynchronous non-multiplexed SRAM/PSRAM/NOR read - NWAIT timings"
"F4","stm32f412ce","table_89","4","5","Table 89. Asynchronous multiplexed PSRAM/NOR read-NWAIT timings"
"F4","stm32f412ce","table_91","4","5","Table 91. Asynchronous multiplexed PSRAM/NOR write-NWAIT timings"
"F4","stm32f412ce","table_97","6","7","Table 97. Dynamic characteristics: eMMC characteristics VDD = 1.7 V to 1.9 V"
"F4","stm32f412ce","table_98","1","5","Table 98. RTC characteristics"
"F4","stm32f413cg","table_102","1","5","Table 102. RTC characteristics"
"F4","stm32f413cg","table_18","4","7","Table 18. Features depending on the operating power supply range"
"F4","stm32f413cg","table_20","2","5","Table 20. Operating conditions at power-up / power-down (regulator ON)"
"F4","stm32f413cg","table_21","4","6","Table 21. Operating conditions at power-up / power-down (regulator OFF)"
"F4","stm32f413cg","table_35","3","9","Table 35. Typical and maximum current consumption in Standby mode - V = 1.7 V 97"
"F4","stm32f413cg","table_36","3","9","Table 36. Typical and maximum current consumption in Standby mode - V = 3.6 V 98"
"F4","stm32f413cg","table_37","3","11","Table 37. Typical and maximum current consumptions in V mode 98 BAT"
"F4","stm32f413cg","table_49","3","6","Table 49. SSCG parameter constraints"
"F4","stm32f413cg","table_50","3","7","Table 50. Flash memory characteristics"
"F4","stm32f413cg","table_53","5","5","Table 53. Flash memory endurance and data retention"
"F4","stm32f413cg","table_55","5","6","Table 55. EMI characteristics for LQFP144"
"F4","stm32f413cg","table_56","3","6","Table 56. ESD absolute maximum ratings"
"F4","stm32f413cg","table_58","5","5","Table 58. I/O current injection susceptibility"
"F4","stm32f413cg","table_59","6","7","Table 59. I/O static characteristics"
"F4","stm32f413cg","table_62","4","7","Table 62. NRST pin characteristics"
"F4","stm32f413cg","table_71","2","7","Table 71. QSPI dynamic characteristics in DDR mode"
"F4","stm32f413cg","table_74","2","6","Table 74. USB OTG FS electrical characteristics"
"F4","stm32f413cg","table_77","5","6","Table 77. ADC accuracy at f = 30 MHz 145 ADC"
"F4","stm32f413cg","table_78","5","6","Table 78. ADC accuracy at f = 36 MHz 145 ADC"
"F4","stm32f413cg","table_79","5","6","Table 79. ADC dynamic accuracy at f = 18 MHz - limited test conditions 145 ADC"
"F4","stm32f413cg","table_80","5","6","Table 80. ADC dynamic accuracy at f = 36 MHz - limited test conditions 145 ADC"
"F4","stm32f413cg","table_81","5","6","Table 81. Temperature sensor characteristics"
"F4","stm32f413cg","table_83","4","6","Table 83. V monitoring characteristics 150 BAT"
"F4","stm32f413cg","table_84","5","7","Table 84. Embedded internal reference voltage"
"F4","stm32f413cg","table_89","5","5","Table 89. Asynchronous non-multiplexed SRAM/PSRAM/NOR read - NWAIT timings"
"F4","stm32f413cg","table_93","4","5","Table 93. Asynchronous multiplexed PSRAM/NOR read-NWAIT timings"
"F4","stm32f415og","table_11","6","5","Table 11. Voltage characteristics"
"F4","stm32f415og","table_15","4","7","Table 15. Limitations depending on the operating power supply range"
"F4","stm32f415og","table_16","4","6","Table 16. VCAP_1/VCAP_2 operating conditions"
"F4","stm32f415og","table_17","2","5","Table 17. Operating conditions at power-up / power-down (regulator ON)"
"F4","stm32f415og","table_18","4","6","Table 18. Operating conditions at power-up / power-down (regulator OFF)"
"F4","stm32f415og","table_23","4","8","Table 23. Typical and maximum current consumptions in Stop mode"
"F4","stm32f415og","table_24","4","9","Table 24. Typical and maximum current consumptions in Standby mode"
"F4","stm32f415og","table_25","4","9","Table 25. Typical and maximum current consumptions in V mode 94 BAT"
"F4","stm32f415og","table_29","6","6","Table 29. Low-power mode wakeup timings"
"F4","stm32f415og","table_3","3","5","Table 3. Regulator ON/OFF and internal reset ON/OFF availability"
"F4","stm32f415og","table_32","5","7","Table 32. HSE 4-26 MHz oscillator characteristics"
"F4","stm32f415og","table_33","5","7","Table 33. LSE oscillator characteristics (f = 32.768 kHz) 106 LSE"
"F4","stm32f415og","table_35","3","6","Table 35. LSI oscillator characteristics"
"F4","stm32f415og","table_38","3","6","Table 38. SSCG parameters constraint"
"F4","stm32f415og","table_39","3","7","Table 39. Flash memory characteristics"
"F4","stm32f415og","table_42","4","5","Table 42. Flash memory endurance and data retention"
"F4","stm32f415og","table_45","2","6","Table 45. ESD absolute maximum ratings"
"F4","stm32f415og","table_47","5","5","Table 47. I/O current injection susceptibility"
"F4","stm32f415og","table_5","6","10","Table 5. USART feature comparison"
"F4","stm32f415og","table_54","1","5","Table 54. I2C analog filter characteristics"
"F4","stm32f415og","table_60","1","6","Table 60. USB HS DC electrical characteristics"
"F4","stm32f415og","table_63","1","6","Table 63. Ethernet DC electrical characteristics"
"F4","stm32f415og","table_64","4","6","Table 64. Dynamic characteristics: Ethernet MAC signals for SMI"
"F4","stm32f415og","table_68","5","6","Table 68. ADC accuracy at f = 30 MHz 139 ADC"
"F4","stm32f415og","table_69","5","6","Table 69. Temperature sensor characteristics"
"F4","stm32f415og","table_71","4","6","Table 71. V monitoring characteristics 143 BAT"
"F4","stm32f415og","table_72","5","7","Table 72. Embedded internal reference voltage"
"F4","stm32f415og","table_74","3","7","Table 74. DAC characteristics"
"F4","stm32f415og","table_86","6","5","Table 86. Switching characteristics for NAND Flash write cycles"
"F4","stm32f415og","table_87","3","5","Table 87. DCMI characteristics"
"F4","stm32f415og","table_89","1","5","Table 89. RTC characteristics"
"F4","stm32f423ch","table_102","1","5","Table 102. RTC characteristics"
"F4","stm32f423ch","table_18","4","7","Table 18. Features depending on the operating power supply range"
"F4","stm32f423ch","table_20","2","5","Table 20. Operating conditions at power-up / power-down (regulator ON)"
"F4","stm32f423ch","table_21","4","6","Table 21. Operating conditions at power-up / power-down (regulator OFF)"
"F4","stm32f423ch","table_35","3","9","Table 35. Typical and maximum current consumption in Standby mode - V = 1.7 V 99"
"F4","stm32f423ch","table_36","3","9","Table 36. Typical and maximum current consumption in Standby mode - V = 3.6 V 10"
"F4","stm32f423ch","table_37","3","11","Table 37. Typical and maximum current consumptions in V mode 100 BAT"
"F4","stm32f423ch","table_49","3","6","Table 49. SSCG parameter constraints"
"F4","stm32f423ch","table_50","3","7","Table 50. Flash memory characteristics"
"F4","stm32f423ch","table_53","5","5","Table 53. Flash memory endurance and data retention"
"F4","stm32f423ch","table_55","5","6","Table 55. EMI characteristics for LQFP144"
"F4","stm32f423ch","table_56","3","6","Table 56. ESD absolute maximum ratings"
"F4","stm32f423ch","table_58","5","5","Table 58. I/O current injection susceptibility"
"F4","stm32f423ch","table_59","6","7","Table 59. I/O static characteristics"
"F4","stm32f423ch","table_62","4","7","Table 62. NRST pin characteristics"
"F4","stm32f423ch","table_71","2","7","Table 71. QSPI dynamic characteristics in DDR mode"
"F4","stm32f423ch","table_74","2","6","Table 74. USB OTG FS electrical characteristics"
"F4","stm32f423ch","table_77","5","6","Table 77. ADC accuracy at f = 30 MHz 147 ADC"
"F4","stm32f423ch","table_78","5","6","Table 78. ADC accuracy at f = 36 MHz 147 ADC"
"F4","stm32f423ch","table_79","5","6","Table 79. ADC dynamic accuracy at f = 18 MHz - limited test conditions 147 ADC"
"F4","stm32f423ch","table_80","5","6","Table 80. ADC dynamic accuracy at f = 36 MHz - limited test conditions 147 ADC"
"F4","stm32f423ch","table_81","5","6","Table 81. Temperature sensor characteristics"
"F4","stm32f423ch","table_83","4","6","Table 83. V monitoring characteristics 152 BAT"
"F4","stm32f423ch","table_84","5","7","Table 84. Embedded internal reference voltage"
"F4","stm32f423ch","table_89","5","5","Table 89. Asynchronous non-multiplexed SRAM/PSRAM/NOR read - NWAIT timings"
"F4","stm32f423ch","table_93","4","5","Table 93. Asynchronous multiplexed PSRAM/NOR read-NWAIT timings"
"F4","stm32f427ag","table_10","3","14","Table 10. STM32F427xx and STM32F429xx pin and ball definitions"
"F4","stm32f427ag","table_108","5","5","Table 108. LTDC characteristics"
"F4","stm32f427ag","table_110","1","5","Table 110. RTC characteristics"
"F4","stm32f427ag","table_124","1","6","Table 124. Limitations depending on the operating power supply range"
"F4","stm32f427ag","table_18","4","6","Table 18. Limitations depending on the operating power supply range"
"F4","stm32f427ag","table_20","2","5","Table 20. Operating conditions at power-up / power-down (regulator ON)"
"F4","stm32f427ag","table_21","4","6","Table 21. Operating conditions at power-up / power-down (regulator OFF)"
"F4","stm32f427ag","table_23","6","7","Table 23. Over-drive switching characteristics"
"F4","stm32f427ag","table_27","6","8","Table 27. Typical and maximum current consumptions in Stop mode"
"F4","stm32f427ag","table_28","4","10","Table 28. Typical and maximum current consumptions in Standby mode"
"F4","stm32f427ag","table_29","4","9","Table 29. Typical and maximum current consumptions in V mode 106 BAT"
"F4","stm32f427ag","table_3","4","5","Table 3. Voltage regulator configuration mode versus device operating mode"
"F4","stm32f427ag","table_4","3","5","Table 4. Regulator ON/OFF and internal reset ON/OFF availability"
"F4","stm32f427ag","table_40","4","7","Table 40. LSE oscillator characteristics (f = 32.768 kHz) 121 LSE"
"F4","stm32f427ag","table_42","3","6","Table 42. LSI oscillator characteristics"
"F4","stm32f427ag","table_46","3","6","Table 46. SSCG parameters constraint"
"F4","stm32f427ag","table_47","3","7","Table 47. Flash memory characteristics"
"F4","stm32f427ag","table_50","4","5","Table 50. Flash memory endurance and data retention"
"F4","stm32f427ag","table_54","3","6","Table 54. ESD absolute maximum ratings"
"F4","stm32f427ag","table_56","5","5","Table 56. I/O current injection susceptibility"
"F4","stm32f427ag","table_60","4","7","Table 60. NRST pin characteristics"
"F4","stm32f427ag","table_62","1","5","Table 62. I2C analog filter characteristics"
"F4","stm32f427ag","table_63","6","8","Table 63. SPI dynamic characteristics"
"F4","stm32f427ag","table_69","1","6","Table 69. USB HS DC electrical characteristics"
"F4","stm32f427ag","table_71","4","7","Table 71. Dynamic characteristics: USB ULPI"
"F4","stm32f427ag","table_72","4","6","Table 72. Dynamics characteristics: Ethernet MAC signals for SMI"
"F4","stm32f427ag","table_77","5","6","Table 77. ADC static accuracy at f = 30 MHz 160 ADC"
"F4","stm32f427ag","table_78","5","6","Table 78. ADC static accuracy at f = 36 MHz 160 ADC"
"F4","stm32f427ag","table_79","5","6","Table 79. ADC dynamic accuracy at f = 18 MHz - limited test conditions 160 ADC"
"F4","stm32f427ag","table_80","5","6","Table 80. ADC dynamic accuracy at f = 36 MHz - limited test conditions 160 ADC"
"F4","stm32f427ag","table_81","5","6","Table 81. Temperature sensor characteristics"
"F4","stm32f427ag","table_83","4","6","Table 83. V monitoring characteristics 165 BAT"
"F4","stm32f427ag","table_84","5","7","Table 84. internal reference voltage"
"F4","stm32f427ag","table_88","4","5","Table 88. Asynchronous non-multiplexed SRAM/PSRAM/NOR read - NWAIT timings"
"F4","stm32f427ag","table_92","4","5","Table 92. Asynchronous multiplexed PSRAM/NOR read-NWAIT timings"
"F4","stm32f427ag","table_94","4","5","Table 94. Asynchronous multiplexed PSRAM/NOR write-NWAIT timings"
"F4","stm32f437ai","table_10","3","14","Table 10. STM32F437xx and STM32F439xx pin and ball definitions"
"F4","stm32f437ai","table_108","5","5","Table 108. LTDC characteristics"
"F4","stm32f437ai","table_110","1","5","Table 110. RTC characteristics"
"F4","stm32f437ai","table_124","1","6","Table 124. Limitations depending on the operating power supply range."
"F4","stm32f437ai","table_18","4","6","Table 18. Limitations depending on the operating power supply range."
"F4","stm32f437ai","table_20","2","5","Table 20. Operating conditions at power-up / power-down (regulator ON)"
"F4","stm32f437ai","table_21","4","6","Table 21. Operating conditions at power-up / power-down (regulator OFF)."
"F4","stm32f437ai","table_23","6","7","Table 23. Over-drive switching characteristics."
"F4","stm32f437ai","table_27","6","8","Table 27. Typical and maximum current consumptions in Stop mode."
"F4","stm32f437ai","table_28","4","10","Table 28. Typical and maximum current consumptions in Standby mode"
"F4","stm32f437ai","table_29","4","9","Table 29. Typical and maximum current consumptions in V mode."
"F4","stm32f437ai","table_3","4","5","Table 3. Voltage regulator configuration mode versus device operating mode"
"F4","stm32f437ai","table_4","3","5","Table 4. Regulator ON/OFF and internal reset ON/OFF availability."
"F4","stm32f437ai","table_40","4","7","Table 40. LSE oscillator characteristics (f = 32.768 kHz)"
"F4","stm32f437ai","table_42","3","6","Table 42. LSI oscillator characteristics"
"F4","stm32f437ai","table_46","3","6","Table 46. SSCG parameters constraint"
"F4","stm32f437ai","table_47","3","7","Table 47. Flash memory characteristics."
"F4","stm32f437ai","table_50","4","5","Table 50. Flash memory endurance and data retention."
"F4","stm32f437ai","table_54","3","6","Table 54. ESD absolute maximum ratings."
"F4","stm32f437ai","table_56","5","5","Table 56. I/O current injection susceptibility."
"F4","stm32f437ai","table_60","4","7","Table 60. NRST pin characteristics"
"F4","stm32f437ai","table_62","1","5","Table 62. I2C analog filter characteristics."
"F4","stm32f437ai","table_63","6","8","Table 63. SPI dynamic characteristics"
"F4","stm32f437ai","table_69","1","6","Table 69. USB HS DC electrical characteristics."
"F4","stm32f437ai","table_71","4","7","Table 71. Dynamic characteristics: USB ULPI."
"F4","stm32f437ai","table_72","4","6","Table 72. Dynamics characteristics: Ethernet MAC signals for SMI."
"F4","stm32f437ai","table_77","5","6","Table 77. ADC static accuracy at f = 30MHz."
"F4","stm32f437ai","table_78","5","6","Table 78. ADC static accuracy at f = 36MHz."
"F4","stm32f437ai","table_79","5","6","Table 79. ADC dynamic accuracy at f = 18MHz - limited test conditions"
"F4","stm32f437ai","table_80","5","6","Table 80. ADC dynamic accuracy at f = 36MHz - limited test conditions"
"F4","stm32f437ai","table_81","5","6","Table 81. Temperature sensor characteristics."
"F4","stm32f437ai","table_83","4","6","Table 83. V monitoring characteristics"
"F4","stm32f437ai","table_84","5","7","Table 84. internal reference voltage"
"F4","stm32f437ai","table_88","4","5","Table 88. Asynchronous non-multiplexed SRAM/PSRAM/NOR read - NWAIT timings"
"F4","stm32f437ai","table_92","4","5","Table 92. Asynchronous multiplexed PSRAM/NOR read-NWAIT timings"
"F4","stm32f437ai","table_94","4","5","Table 94. Asynchronous multiplexed PSRAM/NOR write-NWAIT timings."
"F4","stm32f446mc","table_10","4","11","Table 10. STM32F446xx pin and ball descriptions"
"F4","stm32f446mc","table_107","1","5","Table 107. RTC characteristics"
"F4","stm32f446mc","table_17","4","6","Table 17. Limitations depending on the operating power supply range"
"F4","stm32f446mc","table_20","4","6","Table 20. Operating conditions at power-up / power-down (regulator OFF)"
"F4","stm32f446mc","table_22","6","7","Table 22. Over-drive switching characteristics"
"F4","stm32f446mc","table_27","6","8","Table 27. Typical and maximum current consumptions in Stop mode"
"F4","stm32f446mc","table_28","6","10","Table 28. Typical and maximum current consumptions in Standby mode"
"F4","stm32f446mc","table_29","6","9","Table 29. Typical and maximum current consumptions in V mode 90 BAT"
"F4","stm32f446mc","table_3","4","5","Table 3. Voltage regulator configuration mode versus device operating mode"
"F4","stm32f446mc","table_4","4","5","Table 4. Regulator ON/OFF and internal reset ON/OFF availability"
"F4","stm32f446mc","table_42","3","6","Table 42. LSI oscillator characteristics"
"F4","stm32f446mc","table_46","3","6","Table 46. SSCG parameters constraint"
"F4","stm32f446mc","table_47","3","7","Table 47. Flash memory characteristics"
"F4","stm32f446mc","table_49","6","7","Table 49. Flash memory programming with VPP"
"F4","stm32f446mc","table_50","4","5","Table 50. Flash memory endurance and data retention"
"F4","stm32f446mc","table_53","3","6","Table 53. ESD absolute maximum ratings"
"F4","stm32f446mc","table_55","5","5","Table 55. I/O current injection susceptibility"
"F4","stm32f446mc","table_58","6","8","Table 58. I/O AC characteristics"
"F4","stm32f446mc","table_59","4","7","Table 59. NRST pin characteristics"
"F4","stm32f446mc","table_60","5","6","Table 60. TIMx characteristics"
"F4","stm32f446mc","table_65","3","7","Table 65. QSPI dynamic characteristics in DDR mode"
"F4","stm32f446mc","table_71","1","6","Table 71. USB HS DC electrical characteristics"
"F4","stm32f446mc","table_73","4","7","Table 73. Dynamic characteristics: USB ULPI"
"F4","stm32f446mc","table_76","5","6","Table 76. ADC static accuracy at f = 30 MHz 142 ADC"
"F4","stm32f446mc","table_77","5","6","Table 77. ADC static accuracy at f = 36 MHz 142 ADC"
"F4","stm32f446mc","table_78","5","6","Table 78. ADC dynamic accuracy at f = 18 MHz - Limited test conditions 142 ADC"
"F4","stm32f446mc","table_79","5","6","Table 79. ADC dynamic accuracy at f = 36 MHz - Limited test conditions 142 ADC"
"F4","stm32f446mc","table_8","6","10","Table 8. USART feature comparison"
"F4","stm32f446mc","table_80","5","6","Table 80. Temperature sensor characteristics"
"F4","stm32f446mc","table_82","4","6","Table 82. V monitoring characteristics 146 BAT"
"F4","stm32f446mc","table_83","5","7","Table 83. internal reference voltage"
"F4","stm32f446mc","table_85","2","8","Table 85. DAC characteristics"
"F4","stm32f446mc","table_87","5","5","Table 87. Asynchronous non-multiplexed SRAM/PSRAM/NOR read NWAIT timings"
"F4","stm32f446mc","table_91","4","5","Table 91. Asynchronous multiplexed PSRAM/NOR read NWAIT timings"
"F4","stm32f446mc","table_93","4","5","Table 93. Asynchronous multiplexed PSRAM/NOR write NWAIT timings"
"F4","stm32f469ae","table_101","5","5","Table 101. Switching characteristics for NAND Flash read cycles"
"F4","stm32f469ae","table_102","6","5","Table 102. Switching characteristics for NAND Flash write cycles"
"F4","stm32f469ae","table_110","5","5","Table 110. LTDC characteristics"
"F4","stm32f469ae","table_113","1","5","Table 113. RTC characteristics"
"F4","stm32f469ae","table_127","1","6","Table 127. Limitations depending on the operating power supply range"
"F4","stm32f469ae","table_18","4","6","Table 18. Limitations depending on the operating power supply range"
"F4","stm32f469ae","table_20","2","5","Table 20. Operating conditions at power-up / power-down (regulator ON)"
"F4","stm32f469ae","table_21","4","6","Table 21. Operating conditions at power-up / power-down (regulator OFF)"
"F4","stm32f469ae","table_23","6","7","Table 23. Over-drive switching characteristics"
"F4","stm32f469ae","table_29","6","8","Table 29. Typical and maximum current consumption in Stop mode"
"F4","stm32f469ae","table_3","4","5","Table 3. Voltage regulator configuration mode versus device operating mode"
"F4","stm32f469ae","table_30","6","10","Table 30. Typical and maximum current consumption in Standby mode"
"F4","stm32f469ae","table_31","6","10","Table 31. Typical and maximum current consumption in V mode 106 BAT"
"F4","stm32f469ae","table_36","5","7","Table 36. Low-speed external user clock characteristics"
"F4","stm32f469ae","table_4","3","5","Table 4. Regulator ON/OFF and internal reset ON/OFF availability"
"F4","stm32f469ae","table_40","3","6","Table 40. LSI oscillator characteristics"
"F4","stm32f469ae","table_41","4","7","Table 41. Main PLL characteristics"
"F4","stm32f469ae","table_44","3","6","Table 44. SSCG parameters constraint"
"F4","stm32f469ae","table_49","3","7","Table 49. Flash memory characteristics"
"F4","stm32f469ae","table_52","4","5","Table 52. Flash memory endurance and data retention"
"F4","stm32f469ae","table_56","2","6","Table 56. ESD absolute maximum ratings"
"F4","stm32f469ae","table_58","5","5","Table 58. I/O current injection susceptibility"
"F4","stm32f469ae","table_62","4","7","Table 62. NRST pin characteristics"
"F4","stm32f469ae","table_63","5","6","Table 63. TIMx characteristics"
"F4","stm32f469ae","table_64","1","5","Table 64. I2C analog filter characteristics"
"F4","stm32f469ae","table_71","1","6","Table 71. USB HS DC electrical characteristics"
"F4","stm32f469ae","table_73","4","7","Table 73. Dynamic characteristics: USB ULPI"
"F4","stm32f469ae","table_75","6","6","Table 75. Dynamics characteristics: Ethernet MAC signals for RMII"
"F4","stm32f469ae","table_76","3","6","Table 76. Dynamics characteristics: Ethernet MAC signals for MII"
"F4","stm32f469ae","table_78","5","6","Table 78. ADC static accuracy at f = 18 MHz 159 ADC"
"F4","stm32f469ae","table_79","5","6","Table 79. ADC static accuracy at f = 30 MHz 159 ADC"
"F4","stm32f469ae","table_80","5","6","Table 80. ADC static accuracy at f = 36 MHz 159 ADC"
"F4","stm32f469ae","table_81","4","7","Table 81. ADC dynamic accuracy at f = 18 MHz - limited test conditions 160 ADC"
"F4","stm32f469ae","table_82","4","7","Table 82. ADC dynamic accuracy at f = 36 MHz - limited test conditions 160 ADC"
"F4","stm32f469ae","table_83","5","6","Table 83. Temperature sensor characteristics"
"F4","stm32f469ae","table_85","4","6","Table 85. V monitoring characteristics 163 BAT"
"F4","stm32f469ae","table_90","4","5","Table 90. Asynchronous non-multiplexed SRAM/PSRAM/NOR read - NWAIT timings"
"F4","stm32f469ae","table_94","4","5","Table 94. Asynchronous multiplexed PSRAM/NOR read-NWAIT timings"
"F4","stm32f469ae","table_96","4","5","Table 96. Asynchronous multiplexed PSRAM/NOR write-NWAIT timings"
"F4","stm32f479ag","table_101","5","5","Table 101. Switching characteristics for NAND Flash read cycles"
"F4","stm32f479ag","table_102","6","5","Table 102. Switching characteristics for NAND Flash write cycles"
"F4","stm32f479ag","table_110","5","5","Table 110. LTDC characteristics"
"F4","stm32f479ag","table_113","1","5","Table 113. RTC characteristics"
"F4","stm32f479ag","table_127","1","6","Table 127. Limitations depending on the operating power supply range"
"F4","stm32f479ag","table_18","4","6","Table 18. Limitations depending on the operating power supply range"
"F4","stm32f479ag","table_20","2","5","Table 20. Operating conditions at power-up / power-down (regulator ON)"
"F4","stm32f479ag","table_21","4","6","Table 21. Operating conditions at power-up / power-down (regulator OFF)"
"F4","stm32f479ag","table_23","6","7","Table 23. Over-drive switching characteristics"
"F4","stm32f479ag","table_29","6","8","Table 29. Typical and maximum current consumption in Stop mode"
"F4","stm32f479ag","table_3","4","5","Table 3. Voltage regulator configuration mode versus device operating mode"
"F4","stm32f479ag","table_30","6","10","Table 30. Typical and maximum current consumption in Standby mode"
"F4","stm32f479ag","table_31","6","10","Table 31. Typical and maximum current consumption in V mode 106 BAT"
"F4","stm32f479ag","table_36","5","7","Table 36. Low-speed external user clock characteristics"
"F4","stm32f479ag","table_4","2","5","Table 4. Regulator ON/OFF and internal reset ON/OFF availability"
"F4","stm32f479ag","table_40","3","6","Table 40. LSI oscillator characteristics"
"F4","stm32f479ag","table_41","4","7","Table 41. Main PLL characteristics"
"F4","stm32f479ag","table_44","3","6","Table 44. SSCG parameters constraint"
"F4","stm32f479ag","table_49","3","7","Table 49. Flash memory characteristics"
"F4","stm32f479ag","table_52","4","5","Table 52. Flash memory endurance and data retention"
"F4","stm32f479ag","table_56","2","6","Table 56. ESD absolute maximum ratings"
"F4","stm32f479ag","table_58","5","5","Table 58. I/O current injection susceptibility"
"F4","stm32f479ag","table_62","4","7","Table 62. NRST pin characteristics"
"F4","stm32f479ag","table_63","5","6","Table 63. TIMx characteristics"
"F4","stm32f479ag","table_64","1","5","Table 64. I2C analog filter characteristics"
"F4","stm32f479ag","table_71","1","6","Table 71. USB HS DC electrical characteristics"
"F4","stm32f479ag","table_73","4","7","Table 73. Dynamic characteristics: USB ULPI"
"F4","stm32f479ag","table_75","6","6","Table 75. Dynamics characteristics: Ethernet MAC signals for RMII"
"F4","stm32f479ag","table_76","3","6","Table 76. Dynamics characteristics: Ethernet MAC signals for MII"
"F4","stm32f479ag","table_78","5","6","Table 78. ADC static accuracy at f = 18 MHz 159 ADC"
"F4","stm32f479ag","table_79","5","6","Table 79. ADC static accuracy at f = 30 MHz 159 ADC"
"F4","stm32f479ag","table_80","5","6","Table 80. ADC static accuracy at f = 36 MHz 159 ADC"
"F4","stm32f479ag","table_81","4","7","Table 81. ADC dynamic accuracy at f = 18 MHz - limited test conditions 160 ADC"
"F4","stm32f479ag","table_82","4","7","Table 82. ADC dynamic accuracy at f = 36 MHz - limited test conditions 160 ADC"
"F4","stm32f479ag","table_83","5","6","Table 83. Temperature sensor characteristics"
"F4","stm32f479ag","table_85","4","6","Table 85. V monitoring characteristics 163 BAT"
"F4","stm32f479ag","table_90","4","5","Table 90. Asynchronous non-multiplexed SRAM/PSRAM/NOR read - NWAIT timings"
"F4","stm32f479ag","table_94","4","5","Table 94. Asynchronous multiplexed PSRAM/NOR read-NWAIT timings"
"F4","stm32f479ag","table_96","4","5","Table 96. Asynchronous multiplexed PSRAM/NOR write-NWAIT timings"
"F7","stm32f722ic","table_100","4","5","Table 100. Asynchronous multiplexed PSRAM/NOR write-NWAIT timings"
"F7","stm32f722ic","table_105","5","5","Table 105. Switching characteristics for NAND Flash read cycles"
"F7","stm32f722ic","table_106","6","5","Table 106. Switching characteristics for NAND Flash write cycles"
"F7","stm32f722ic","table_111","2","7","Table 111. Quad-SPI characteristics in SDR mode"
"F7","stm32f722ic","table_122","3","7","Table 122. UFBGA(176+25) - Recommended PCB design rules (0.65 mm pitch BGA)"
"F7","stm32f722ic","table_127","1","6","Table 127. Limitations depending on the operating power supply range"
"F7","stm32f722ic","table_20","2","5","Table 20. Operating conditions at power-up/power-down (regulator ON)"
"F7","stm32f722ic","table_21","4","6","Table 21. Operating conditions at power-up/power-down (regulator OFF)"
"F7","stm32f722ic","table_23","6","7","Table 23. Over-drive switching characteristics"
"F7","stm32f722ic","table_3","4","5","Table 3. Voltage regulator configuration mode versus device operating mode"
"F7","stm32f722ic","table_31","6","8","Table 31. Typical and maximum current consumptions in Stop mode"
"F7","stm32f722ic","table_37","5","6","Table 37. Low-power mode wakeup timings"
"F7","stm32f722ic","table_4","3","5","Table 4. Regulator ON/OFF and internal reset ON/OFF availability"
"F7","stm32f722ic","table_43","3","6","Table 43. LSI oscillator characteristics"
"F7","stm32f722ic","table_47","3","6","Table 47. SSCG parameters constraint"
"F7","stm32f722ic","table_49","6","7","Table 49. USB OTG HS PLL2 characteristics"
"F7","stm32f722ic","table_50","3","7","Table 50. USB OTG HS PHY regulator characteristics"
"F7","stm32f722ic","table_51","1","7","Table 51. USB HS PHY external resistor characteristics (on STM32F723xx devices)"
"F7","stm32f722ic","table_52","3","7","Table 52. Flash memory characteristics"
"F7","stm32f722ic","table_55","1","5","Table 55. Flash memory endurance and data retention"
"F7","stm32f722ic","table_57","5","6","Table 57. EMI characteristics"
"F7","stm32f722ic","table_58","2","6","Table 58. ESD absolute maximum ratings"
"F7","stm32f722ic","table_60","5","5","Table 60. I/O current injection susceptibility"
"F7","stm32f722ic","table_64","4","7","Table 64. NRST pin characteristics"
"F7","stm32f722ic","table_65","5","6","Table 65. TIMx characteristics"
"F7","stm32f722ic","table_66","1","5","Table 66. RTC characteristics"
"F7","stm32f722ic","table_68","5","6","Table 68. ADC static accuracy at f = 18 MHz 152 ADC"
"F7","stm32f722ic","table_69","5","6","Table 69. ADC static accuracy at f = 30 MHz 152 ADC"
"F7","stm32f722ic","table_70","5","6","Table 70. ADC static accuracy at f = 36 MHz 153 ADC"
"F7","stm32f722ic","table_71","5","6","Table 71. ADC dynamic accuracy at f = 18 MHz - limited test conditions 153 ADC"
"F7","stm32f722ic","table_72","5","6","Table 72. ADC dynamic accuracy at f = 36 MHz - limited test conditions 153 ADC"
"F7","stm32f722ic","table_73","5","6","Table 73. Temperature sensor characteristics"
"F7","stm32f722ic","table_75","4","6","Table 75. V monitoring characteristics 156 BAT"
"F7","stm32f722ic","table_79","5","6","Table 79. Minimum I2CCLK frequency in all I2C modes"
"F7","stm32f722ic","table_80","1","5","Table 80. I2C analog filter characteristics"
"F7","stm32f722ic","table_87","1","6","Table 87. USB HS DC electrical characteristics"
"F7","stm32f722ic","table_89","4","7","Table 89. Dynamic characteristics: USB ULPI"
"F7","stm32f722ic","table_91","4","7","Table 91. USB OTG high speed electrical characteristics"
"F7","stm32f722ic","table_94","5","5","Table 94. Asynchronous non-multiplexed SRAM/PSRAM/NOR read - NWAIT timings"
"F7","stm32f722ic","table_98","4","5","Table 98. Asynchronous multiplexed PSRAM/NOR read-NWAIT timings"
"F7","stm32f730i8","table_10","3","10","Table 10. STM32F730x8 pin and ball definition"
"F7","stm32f730i8","table_100","4","5","Table 100. Asynchronous multiplexed PSRAM/NOR write-NWAIT timings"
"F7","stm32f730i8","table_105","5","5","Table 105. Switching characteristics for NAND Flash read cycles"
"F7","stm32f730i8","table_106","6","5","Table 106. Switching characteristics for NAND Flash write cycles"
"F7","stm32f730i8","table_111","2","7","Table 111. Quad-SPI characteristics in SDR mode"
"F7","stm32f730i8","table_122","1","6","Table 122. Limitations depending on the operating power supply range"
"F7","stm32f730i8","table_17","4","6","Table 17. Limitations depending on the operating power supply range"
"F7","stm32f730i8","table_20","2","5","Table 20. Operating conditions at power-up / power-down (regulator ON)"
"F7","stm32f730i8","table_21","4","6","Table 21. Operating conditions at power-up / power-down (regulator OFF)"
"F7","stm32f730i8","table_23","6","7","Table 23. Over-drive switching characteristics"
"F7","stm32f730i8","table_3","4","5","Table 3. Voltage regulator configuration mode versus device operating mode"
"F7","stm32f730i8","table_31","6","8","Table 31. Typical and maximum current consumptions in Stop mode"
"F7","stm32f730i8","table_37","5","6","Table 37. Low-power mode wakeup timings"
"F7","stm32f730i8","table_4","3","5","Table 4. Regulator ON/OFF and internal reset ON/OFF availability"
"F7","stm32f730i8","table_43","3","6","Table 43. LSI oscillator characteristics"
"F7","stm32f730i8","table_44","4","7","Table 44. Main PLL characteristics"
"F7","stm32f730i8","table_47","3","6","Table 47. SSCG parameters constraint"
"F7","stm32f730i8","table_48","6","7","Table 48. USB OTG HS PLL1 characteristics"
"F7","stm32f730i8","table_49","6","7","Table 49. USB OTG HS PLL2 characteristics"
"F7","stm32f730i8","table_50","3","7","Table 50. USB OTG HS PHY regulator characteristics"
"F7","stm32f730i8","table_51","1","7","Table 51. USB HS PHY external resistor characteristics"
"F7","stm32f730i8","table_52","3","7","Table 52. Flash memory characteristics"
"F7","stm32f730i8","table_55","4","5","Table 55. Flash memory endurance and data retention"
"F7","stm32f730i8","table_57","5","6","Table 57. EMI characteristics"
"F7","stm32f730i8","table_58","2","6","Table 58. ESD absolute maximum ratings"
"F7","stm32f730i8","table_60","5","5","Table 60. I/O current injection susceptibility"
"F7","stm32f730i8","table_64","4","7","Table 64. NRST pin characteristics"
"F7","stm32f730i8","table_65","5","6","Table 65. TIMx characteristics"
"F7","stm32f730i8","table_66","1","5","Table 66. RTC characteristics"
"F7","stm32f730i8","table_68","5","6","Table 68. ADC static accuracy at f = 18 MHz 141 ADC"
"F7","stm32f730i8","table_69","5","6","Table 69. ADC static accuracy at f = 30 MHz 141 ADC"
"F7","stm32f730i8","table_70","5","6","Table 70. ADC static accuracy at f = 36 MHz 142 ADC"
"F7","stm32f730i8","table_71","5","6","Table 71. ADC dynamic accuracy at f = 18 MHz - limited test conditions 142 ADC"
"F7","stm32f730i8","table_72","5","6","Table 72. ADC dynamic accuracy at f = 36 MHz - limited test conditions 142 ADC"
"F7","stm32f730i8","table_73","5","6","Table 73. Temperature sensor characteristics"
"F7","stm32f730i8","table_75","4","6","Table 75. V monitoring characteristics 145 BAT"
"F7","stm32f730i8","table_79","5","6","Table 79. Minimum I2CCLK frequency in all I2C modes"
"F7","stm32f730i8","table_80","1","5","Table 80. I2C analog filter characteristics"
"F7","stm32f730i8","table_87","1","6","Table 87. USB HS DC electrical characteristics"
"F7","stm32f730i8","table_89","4","7","Table 89. Dynamic characteristics: USB ULPI"
"F7","stm32f730i8","table_91","4","7","Table 91. USB OTG high speed electrical characteristics"
"F7","stm32f730i8","table_94","5","5","Table 94. Asynchronous non-multiplexed SRAM/PSRAM/NOR read - NWAIT timings"
"F7","stm32f730i8","table_98","4","5","Table 98. Asynchronous multiplexed PSRAM/NOR read-NWAIT timings"
"F7","stm32f732ie","table_100","4","5","Table 100. Asynchronous multiplexed PSRAM/NOR write-NWAIT timings"
"F7","stm32f732ie","table_105","5","5","Table 105. Switching characteristics for NAND Flash read cycles"
"F7","stm32f732ie","table_106","6","5","Table 106. Switching characteristics for NAND Flash write cycles"
"F7","stm32f732ie","table_111","2","7","Table 111. Quad-SPI characteristics in SDR mode"
"F7","stm32f732ie","table_122","3","7","Table 122. UFBGA(176+25) - Recommended PCB design rules (0.65 mm pitch BGA)"
"F7","stm32f732ie","table_127","1","6","Table 127. Limitations depending on the operating power supply range"
"F7","stm32f732ie","table_20","2","5","Table 20. Operating conditions at power-up/power-down (regulator ON)"
"F7","stm32f732ie","table_21","4","6","Table 21. Operating conditions at power-up/power-down (regulator OFF)"
"F7","stm32f732ie","table_23","6","7","Table 23. Over-drive switching characteristics"
"F7","stm32f732ie","table_3","4","5","Table 3. Voltage regulator configuration mode versus device operating mode"
"F7","stm32f732ie","table_31","6","8","Table 31. Typical and maximum current consumptions in Stop mode"
"F7","stm32f732ie","table_37","5","6","Table 37. Low-power mode wakeup timings"
"F7","stm32f732ie","table_4","3","5","Table 4. Regulator ON/OFF and internal reset ON/OFF availability"
"F7","stm32f732ie","table_43","3","6","Table 43. LSI oscillator characteristics"
"F7","stm32f732ie","table_47","3","6","Table 47. SSCG parameters constraint"
"F7","stm32f732ie","table_49","6","7","Table 49. USB OTG HS PLL2 characteristics"
"F7","stm32f732ie","table_50","3","7","Table 50. USB OTG HS PHY regulator characteristics"
"F7","stm32f732ie","table_51","1","7","Table 51. USB HS PHY external resistor characteristics (on STM32F733xx devices)"
"F7","stm32f732ie","table_52","3","7","Table 52. Flash memory characteristics"
"F7","stm32f732ie","table_55","1","5","Table 55. Flash memory endurance and data retention"
"F7","stm32f732ie","table_57","5","6","Table 57. EMI characteristics"
"F7","stm32f732ie","table_58","2","6","Table 58. ESD absolute maximum ratings"
"F7","stm32f732ie","table_60","5","5","Table 60. I/O current injection susceptibility"
"F7","stm32f732ie","table_64","4","7","Table 64. NRST pin characteristics"
"F7","stm32f732ie","table_65","5","6","Table 65. TIMx characteristics"
"F7","stm32f732ie","table_66","1","5","Table 66. RTC characteristics"
"F7","stm32f732ie","table_68","5","6","Table 68. ADC static accuracy at f = 18 MHz 154 ADC"
"F7","stm32f732ie","table_69","5","6","Table 69. ADC static accuracy at f = 30 MHz 154 ADC"
"F7","stm32f732ie","table_70","5","6","Table 70. ADC static accuracy at f = 36 MHz 155 ADC"
"F7","stm32f732ie","table_71","5","6","Table 71. ADC dynamic accuracy at f = 18 MHz - limited test conditions 155 ADC"
"F7","stm32f732ie","table_72","5","6","Table 72. ADC dynamic accuracy at f = 36 MHz - limited test conditions 155 ADC"
"F7","stm32f732ie","table_73","5","6","Table 73. Temperature sensor characteristics"
"F7","stm32f732ie","table_75","4","6","Table 75. V monitoring characteristics 158 BAT"
"F7","stm32f732ie","table_79","5","6","Table 79. Minimum I2CCLK frequency in all I2C modes"
"F7","stm32f732ie","table_80","1","5","Table 80. I2C analog filter characteristics"
"F7","stm32f732ie","table_87","1","6","Table 87. USB HS DC electrical characteristics"
"F7","stm32f732ie","table_89","4","7","Table 89. Dynamic characteristics: USB ULPI"
"F7","stm32f732ie","table_91","4","7","Table 91. USB OTG high speed electrical characteristics"
"F7","stm32f732ie","table_94","5","5","Table 94. Asynchronous non-multiplexed SRAM/PSRAM/NOR read - NWAIT timings"
"F7","stm32f732ie","table_98","4","5","Table 98. Asynchronous multiplexed PSRAM/NOR read-NWAIT timings"
"F7","stm32f745ie","table_10","3","14","Table 10. STM32F745xx and STM32F746xx pin and ball definition"
"F7","stm32f745ie","table_102","6","5","Table 102. Switching characteristics for NAND flash write cycles"
"F7","stm32f745ie","table_107","2","7","Table 107. Quad-SPI characteristics in SDR mode"
"F7","stm32f745ie","table_110","5","5","Table 110. LTDC characteristics"
"F7","stm32f745ie","table_127","1","6","Table 127. Limitations depending on the operating power supply range"
"F7","stm32f745ie","table_19","4","6","Table 19. Limitations depending on the operating power supply range"
"F7","stm32f745ie","table_21","2","5","Table 21. Operating conditions at power-up / power-down (regulator ON)"
"F7","stm32f745ie","table_22","4","6","Table 22. Operating conditions at power-up / power-down (regulator OFF)"
"F7","stm32f745ie","table_24","6","7","Table 24. Over-drive switching characteristics"
"F7","stm32f745ie","table_3","4","5","Table 3. Voltage regulator configuration mode versus device operating mode"
"F7","stm32f745ie","table_32","6","8","Table 32. Typical and maximum current consumptions in Stop mode"
"F7","stm32f745ie","table_4","3","5","Table 4. Regulator ON/OFF and internal reset ON/OFF availability"
"F7","stm32f745ie","table_43","3","6","Table 43. LSI oscillator characteristics"
"F7","stm32f745ie","table_44","4","7","Table 44. Main PLL characteristics"
"F7","stm32f745ie","table_47","3","6","Table 47. SSCG parameters constraint"
"F7","stm32f745ie","table_48","3","7","Table 48. Flash memory characteristics"
"F7","stm32f745ie","table_51","4","5","Table 51. Flash memory endurance and data retention"
"F7","stm32f745ie","table_53","5","6","Table 53. EMI characteristics"
"F7","stm32f745ie","table_54","2","6","Table 54. ESD absolute maximum ratings"
"F7","stm32f745ie","table_56","5","5","Table 56. I/O current injection susceptibility"
"F7","stm32f745ie","table_57","4","7","Table 57. I/O static characteristics"
"F7","stm32f745ie","table_60","4","7","Table 60. NRST pin characteristics"
"F7","stm32f745ie","table_61","5","6","Table 61. TIMx characteristics"
"F7","stm32f745ie","table_62","1","5","Table 62. RTC characteristics"
"F7","stm32f745ie","table_63","3","7","Table 63. ADC characteristics"
"F7","stm32f745ie","table_64","5","6","Table 64. ADC static accuracy at f = 18 MHz 171 ADC"
"F7","stm32f745ie","table_65","5","6","Table 65. ADC static accuracy at f = 30 MHz 171 ADC"
"F7","stm32f745ie","table_66","5","6","Table 66. ADC static accuracy at f = 36 MHz 172 ADC"
"F7","stm32f745ie","table_67","5","6","Table 67. ADC dynamic accuracy at f = 18 MHz - limited test conditions 172 ADC"
"F7","stm32f745ie","table_68","5","6","Table 68. ADC dynamic accuracy at f = 36 MHz - limited test conditions 172 ADC"
"F7","stm32f745ie","table_69","5","6","Table 69. Temperature sensor characteristics"
"F7","stm32f745ie","table_7","5","5","Table 7. I2C implementation"
"F7","stm32f745ie","table_71","4","6","Table 71. V monitoring characteristics 175 BAT"
"F7","stm32f745ie","table_75","5","6","Table 75. Minimum I2CCLK frequency in all I2C modes"
"F7","stm32f745ie","table_83","1","6","Table 83. USB HS DC electrical characteristics"
"F7","stm32f745ie","table_85","4","7","Table 85. Dynamic characteristics: USB ULPI"
"F7","stm32f745ie","table_86","4","6","Table 86. Dynamics characteristics: Ethernet MAC signals for SMI"
"F7","stm32f745ie","table_87","6","6","Table 87. Dynamics characteristics: Ethernet MAC signals for RMII"
"F7","stm32f745ie","table_94","4","5","Table 94. Asynchronous multiplexed PSRAM/NOR read-NWAIT timings"
"F7","stm32f745ie","table_96","4","5","Table 96. Asynchronous multiplexed PSRAM/NOR write-NWAIT timings"
"F7","stm32f750n8","table_10","3","9","Table 10. STM32F750x8 pin and ball definition"
"F7","stm32f750n8","table_100","6","5","Table 100. Switching characteristics for NAND flash write cycles"
"F7","stm32f750n8","table_105","2","7","Table 105. Quad-SPI characteristics in SDR mode"
"F7","stm32f750n8","table_108","5","5","Table 108. LTDC characteristics"
"F7","stm32f750n8","table_116","1","6","Table 116. Limitations depending on the operating power supply range"
"F7","stm32f750n8","table_17","4","6","Table 17. Limitations depending on the operating power supply range"
"F7","stm32f750n8","table_19","2","5","Table 19. Operating conditions at power-up / power-down (regulator ON)"
"F7","stm32f750n8","table_20","4","6","Table 20. Operating conditions at power-up / power-down (regulator OFF)"
"F7","stm32f750n8","table_22","6","7","Table 22. Over-drive switching characteristics"
"F7","stm32f750n8","table_3","4","5","Table 3. Voltage regulator configuration mode versus device operating mode"
"F7","stm32f750n8","table_30","6","8","Table 30. Typical and maximum current consumptions in Stop mode"
"F7","stm32f750n8","table_4","3","5","Table 4. Regulator ON/OFF and internal reset ON/OFF availability"
"F7","stm32f750n8","table_41","3","6","Table 41. LSI oscillator characteristics"
"F7","stm32f750n8","table_42","4","7","Table 42. Main PLL characteristics"
"F7","stm32f750n8","table_45","3","6","Table 45. SSCG parameters constraint"
"F7","stm32f750n8","table_46","3","7","Table 46. Flash memory characteristics"
"F7","stm32f750n8","table_49","4","5","Table 49. Flash memory endurance and data retention"
"F7","stm32f750n8","table_51","5","6","Table 51. EMI characteristics"
"F7","stm32f750n8","table_52","2","6","Table 52. ESD absolute maximum ratings"
"F7","stm32f750n8","table_54","5","5","Table 54. I/O current injection susceptibility"
"F7","stm32f750n8","table_58","4","7","Table 58. NRST pin characteristics"
"F7","stm32f750n8","table_59","5","6","Table 59. TIMx characteristics"
"F7","stm32f750n8","table_60","1","5","Table 60. RTC characteristics"
"F7","stm32f750n8","table_61","3","7","Table 61. ADC characteristics"
"F7","stm32f750n8","table_62","5","6","Table 62. ADC static accuracy at f = 18 MHz 135 ADC"
"F7","stm32f750n8","table_63","5","6","Table 63. ADC static accuracy at f = 30 MHz 135 ADC"
"F7","stm32f750n8","table_64","5","6","Table 64. ADC static accuracy at f = 36 MHz 136 ADC"
"F7","stm32f750n8","table_65","5","6","Table 65. ADC dynamic accuracy at f = 18 MHz - limited test conditions 136 ADC"
"F7","stm32f750n8","table_66","5","6","Table 66. ADC dynamic accuracy at f = 36 MHz - limited test conditions 136 ADC"
"F7","stm32f750n8","table_67","5","6","Table 67. Temperature sensor characteristics"
"F7","stm32f750n8","table_69","4","6","Table 69. V monitoring characteristics 139 BAT"
"F7","stm32f750n8","table_7","5","5","Table 7. I2C implementation"
"F7","stm32f750n8","table_73","5","6","Table 73. Minimum I2CCLK frequency in all I2C modes"
"F7","stm32f750n8","table_81","1","6","Table 81. USB HS DC electrical characteristics"
"F7","stm32f750n8","table_83","4","7","Table 83. Dynamic characteristics: USB ULPI"
"F7","stm32f750n8","table_84","4","6","Table 84. Dynamics characteristics: Ethernet MAC signals for SMI"
"F7","stm32f750n8","table_85","6","6","Table 85. Dynamics characteristics: Ethernet MAC signals for RMII"
"F7","stm32f750n8","table_92","4","5","Table 92. Asynchronous multiplexed PSRAM/NOR read-NWAIT timings"
"F7","stm32f750n8","table_94","4","5","Table 94. Asynchronous multiplexed PSRAM/NOR write-NWAIT timings"
"F7","stm32f756bg","table_10","3","14","Table 10. STM32F756xx pin and ball definition"
"F7","stm32f756bg","table_102","6","5","Table 102. Switching characteristics for NAND flash write cycles"
"F7","stm32f756bg","table_107","2","7","Table 107. Quad-SPI characteristics in SDR mode"
"F7","stm32f756bg","table_110","5","5","Table 110. LTDC characteristics"
"F7","stm32f756bg","table_127","1","6","Table 127. Limitations depending on the operating power supply range"
"F7","stm32f756bg","table_19","4","6","Table 19. Limitations depending on the operating power supply range"
"F7","stm32f756bg","table_21","2","5","Table 21. Operating conditions at power-up / power-down (regulator ON)"
"F7","stm32f756bg","table_22","4","6","Table 22. Operating conditions at power-up / power-down (regulator OFF)"
"F7","stm32f756bg","table_24","6","7","Table 24. Over-drive switching characteristics"
"F7","stm32f756bg","table_3","4","5","Table 3. Voltage regulator configuration mode versus device operating mode"
"F7","stm32f756bg","table_32","6","8","Table 32. Typical and maximum current consumptions in Stop mode"
"F7","stm32f756bg","table_4","3","5","Table 4. Regulator ON/OFF and internal reset ON/OFF availability"
"F7","stm32f756bg","table_43","3","6","Table 43. LSI oscillator characteristics"
"F7","stm32f756bg","table_44","4","7","Table 44. Main PLL characteristics"
"F7","stm32f756bg","table_47","3","6","Table 47. SSCG parameters constraint"
"F7","stm32f756bg","table_48","3","7","Table 48. Flash memory characteristics"
"F7","stm32f756bg","table_51","4","5","Table 51. Flash memory endurance and data retention"
"F7","stm32f756bg","table_53","5","6","Table 53. EMI characteristics"
"F7","stm32f756bg","table_54","2","6","Table 54. ESD absolute maximum ratings"
"F7","stm32f756bg","table_56","5","5","Table 56. I/O current injection susceptibility"
"F7","stm32f756bg","table_57","4","7","Table 57. I/O static characteristics"
"F7","stm32f756bg","table_60","4","7","Table 60. NRST pin characteristics"
"F7","stm32f756bg","table_61","5","6","Table 61. TIMx characteristics"
"F7","stm32f756bg","table_62","1","5","Table 62. RTC characteristics"
"F7","stm32f756bg","table_63","3","7","Table 63. ADC characteristics"
"F7","stm32f756bg","table_64","5","6","Table 64. ADC static accuracy at f = 18 MHz 153 ADC"
"F7","stm32f756bg","table_65","5","6","Table 65. ADC static accuracy at f = 30 MHz 153 ADC"
"F7","stm32f756bg","table_66","5","6","Table 66. ADC static accuracy at f = 36 MHz 154 ADC"
"F7","stm32f756bg","table_67","5","6","Table 67. ADC dynamic accuracy at f = 18 MHz - limited test conditions 154 ADC"
"F7","stm32f756bg","table_68","5","6","Table 68. ADC dynamic accuracy at f = 36 MHz - limited test conditions 154 ADC"
"F7","stm32f756bg","table_69","5","6","Table 69. Temperature sensor characteristics"
"F7","stm32f756bg","table_7","5","5","Table 7. I2C implementation"
"F7","stm32f756bg","table_71","4","6","Table 71. V monitoring characteristics 157 BAT"
"F7","stm32f756bg","table_75","5","6","Table 75. Minimum I2CCLK frequency in all I2C modes"
"F7","stm32f756bg","table_83","1","6","Table 83. USB HS DC electrical characteristics"
"F7","stm32f756bg","table_85","4","7","Table 85. Dynamic characteristics: USB ULPI"
"F7","stm32f756bg","table_86","4","6","Table 86. Dynamics characteristics: Ethernet MAC signals for SMI"
"F7","stm32f756bg","table_87","6","6","Table 87. Dynamics characteristics: Ethernet MAC signals for RMII"
"F7","stm32f756bg","table_94","4","5","Table 94. Asynchronous multiplexed PSRAM/NOR read-NWAIT timings"
"F7","stm32f756bg","table_96","4","5","Table 96. Asynchronous multiplexed PSRAM/NOR write-NWAIT timings"
"F7","stm32f765bg","table_100","4","6","Table 100. MDIO Slave timing parameters"
"F7","stm32f765bg","table_102","5","5","Table 102. Asynchronous non-multiplexed SRAM/PSRAM/NOR read - NWAIT timings"
"F7","stm32f765bg","table_106","4","5","Table 106. Asynchronous multiplexed PSRAM/NOR read-NWAIT timings"
"F7","stm32f765bg","table_108","4","5","Table 108. Asynchronous multiplexed PSRAM/NOR write-NWAIT timings"
"F7","stm32f765bg","table_120","3","7","Table 120. QUADSPI characteristics in DDR mode"
"F7","stm32f765bg","table_122","5","5","Table 122. LTDC characteristics"
"F7","stm32f765bg","table_140","1","6","Table 140. Limitations depending on the operating power supply range"
"F7","stm32f765bg","table_18","4","6","Table 18. Limitations depending on the operating power supply range"
"F7","stm32f765bg","table_20","2","5","Table 20. Operating conditions at power-up / power-down (regulator ON)"
"F7","stm32f765bg","table_21","4","6","Table 21. Operating conditions at power-up / power-down (regulator OFF)"
"F7","stm32f765bg","table_23","6","7","Table 23. Over-drive switching characteristics"
"F7","stm32f765bg","table_3","4","5","Table 3. Voltage regulator configuration mode versus device operating mode"
"F7","stm32f765bg","table_35","6","8","Table 35. Typical and maximum current consumptions in Stop mode"
"F7","stm32f765bg","table_4","4","5","Table 4. Regulator ON/OFF and internal reset ON/OFF availability"
"F7","stm32f765bg","table_49","5","7","Table 49. PLLISAI characteristics"
"F7","stm32f765bg","table_50","3","6","Table 50. SSCG parameters constraint"
"F7","stm32f765bg","table_55","3","7","Table 55. Flash memory characteristics"
"F7","stm32f765bg","table_59","4","5","Table 59. Flash memory endurance and data retention"
"F7","stm32f765bg","table_61","5","6","Table 61. EMI characteristics for fHSE= 8 MHz and fCPU= 200MHz (Setting 1)"
"F7","stm32f765bg","table_62","5","6","Table 62. EMI characteristics for fHSE= 8 MHz and fCPU= 200MHz (Setting 2)"
"F7","stm32f765bg","table_63","3","6","Table 63. ESD absolute maximum ratings"
"F7","stm32f765bg","table_65","5","5","Table 65. I/O current injection susceptibility"
"F7","stm32f765bg","table_66","4","7","Table 66. I/O static characteristics"
"F7","stm32f765bg","table_69","4","7","Table 69. NRST pin characteristics"
"F7","stm32f765bg","table_7","6","5","Table 7. I2C implementation"
"F7","stm32f765bg","table_70","5","6","Table 70. TIMx characteristics"
"F7","stm32f765bg","table_71","1","5","Table 71. RTC characteristics"
"F7","stm32f765bg","table_73","5","6","Table 73. ADC static accuracy at f = 18 MHz 166 ADC"
"F7","stm32f765bg","table_74","5","6","Table 74. ADC static accuracy at f = 30 MHz 166 ADC"
"F7","stm32f765bg","table_75","5","6","Table 75. ADC static accuracy at f = 36 MHz 166 ADC"
"F7","stm32f765bg","table_76","5","6","Table 76. ADC dynamic accuracy at f = 18 MHz - limited test conditions 166 ADC"
"F7","stm32f765bg","table_77","4","7","Table 77. ADC dynamic accuracy at f = 36 MHz - limited test conditions 167 ADC"
"F7","stm32f765bg","table_78","5","6","Table 78. Temperature sensor characteristics"
"F7","stm32f765bg","table_80","4","6","Table 80. V monitoring characteristics 170 BAT"
"F7","stm32f765bg","table_84","5","6","Table 84. Minimum I2CCLK frequency in all I2C modes"
"F7","stm32f765bg","table_85","1","5","Table 85. I2C analog filter characteristics"
"F7","stm32f765bg","table_92","6","8","Table 92. USB OTG full speed DC electrical characteristics"
"F7","stm32f765bg","table_93","2","6","Table 93. USB OTG full speed electrical characteristics"
"F7","stm32f765bg","table_94","1","6","Table 94. USB HS DC electrical characteristics"
"F7","stm32f765bg","table_96","4","7","Table 96. Dynamic characteristics: USB ULPI"
"F7","stm32f765bg","table_98","6","6","Table 98. Dynamics characteristics: Ethernet MAC signals for RMII"
"F7","stm32f777bi","table_100","4","6","Table 100. MDIO Slave timing parameters"
"F7","stm32f777bi","table_102","5","5","Table 102. Asynchronous non-multiplexed SRAM/PSRAM/NOR read - NWAIT timings"
"F7","stm32f777bi","table_106","4","5","Table 106. Asynchronous multiplexed PSRAM/NOR read-NWAIT timings"
"F7","stm32f777bi","table_108","4","5","Table 108. Asynchronous multiplexed PSRAM/NOR write-NWAIT timings"
"F7","stm32f777bi","table_11","2","17","Table 11. STM32F777xx, STM32F778Ax and STM32F779xx pin and ball definitions"
"F7","stm32f777bi","table_120","3","7","Table 120. QUADSPI characteristics in DDR mode"
"F7","stm32f777bi","table_122","5","5","Table 122. LTDC characteristics"
"F7","stm32f777bi","table_140","1","6","Table 140. Limitations depending on the operating power supply range"
"F7","stm32f777bi","table_18","4","6","Table 18. Limitations depending on the operating power supply range"
"F7","stm32f777bi","table_20","2","5","Table 20. Operating conditions at power-up / power-down (regulator ON)"
"F7","stm32f777bi","table_21","4","6","Table 21. Operating conditions at power-up / power-down (regulator OFF)"
"F7","stm32f777bi","table_23","6","7","Table 23. Over-drive switching characteristics"
"F7","stm32f777bi","table_3","4","5","Table 3. Voltage regulator configuration mode versus device operating mode"
"F7","stm32f777bi","table_35","6","8","Table 35. Typical and maximum current consumptions in Stop mode"
"F7","stm32f777bi","table_4","4","5","Table 4. Regulator ON/OFF and internal reset ON/OFF availability"
"F7","stm32f777bi","table_49","5","7","Table 49. PLLISAI characteristics"
"F7","stm32f777bi","table_50","3","6","Table 50. SSCG parameters constraint"
"F7","stm32f777bi","table_55","3","7","Table 55. Flash memory characteristics"
"F7","stm32f777bi","table_59","4","5","Table 59. Flash memory endurance and data retention"
"F7","stm32f777bi","table_61","5","6","Table 61. EMI characteristics for fHSE= 8 MHz and fCPU= 200MHz (Setting 1)"
"F7","stm32f777bi","table_62","5","6","Table 62. EMI characteristics for fHSE= 8 MHz and fCPU= 200MHz (Setting 2)"
"F7","stm32f777bi","table_63","3","6","Table 63. ESD absolute maximum ratings"
"F7","stm32f777bi","table_65","5","5","Table 65. I/O current injection susceptibility"
"F7","stm32f777bi","table_66","4","7","Table 66. I/O static characteristics"
"F7","stm32f777bi","table_69","4","7","Table 69. NRST pin characteristics"
"F7","stm32f777bi","table_7","6","5","Table 7. I2C implementation"
"F7","stm32f777bi","table_70","5","6","Table 70. TIMx characteristics"
"F7","stm32f777bi","table_71","1","5","Table 71. RTC characteristics"
"F7","stm32f777bi","table_73","5","6","Table 73. ADC static accuracy at f = 18 MHz 166 ADC"
"F7","stm32f777bi","table_74","5","6","Table 74. ADC static accuracy at f = 30 MHz 166 ADC"
"F7","stm32f777bi","table_75","5","6","Table 75. ADC static accuracy at f = 36 MHz 166 ADC"
"F7","stm32f777bi","table_76","5","6","Table 76. ADC dynamic accuracy at f = 18 MHz - limited test conditions 166 ADC"
"F7","stm32f777bi","table_77","4","7","Table 77. ADC dynamic accuracy at f = 36 MHz - limited test conditions 167 ADC"
"F7","stm32f777bi","table_78","5","6","Table 78. Temperature sensor characteristics"
"F7","stm32f777bi","table_80","4","6","Table 80. V monitoring characteristics 170 BAT"
"F7","stm32f777bi","table_84","5","6","Table 84. Minimum I2CCLK frequency in all I2C modes"
"F7","stm32f777bi","table_85","1","5","Table 85. I2C analog filter characteristics"
"F7","stm32f777bi","table_92","6","8","Table 92. USB OTG full speed DC electrical characteristics"
"F7","stm32f777bi","table_93","2","6","Table 93. USB OTG full speed electrical characteristics"
"F7","stm32f777bi","table_94","1","6","Table 94. USB HS DC electrical characteristics"
"F7","stm32f777bi","table_96","4","7","Table 96. Dynamic characteristics: USB ULPI"
"F7","stm32f777bi","table_98","6","6","Table 98. Dynamics characteristics: Ethernet MAC signals for RMII"
"G0","stm32g030c6","table_18","5","5","Table 18. Voltage characteristics"
"G0","stm32g030c6","table_22","2","6","Table 22. Operating conditions at power-up / power-down"
"G0","stm32g030c6","table_23","5","7","Table 23. Embedded reset and power control block characteristics"
"G0","stm32g030c6","table_27","6","9","Table 27. Current consumption in Stop 0 mode"
"G0","stm32g030c6","table_28","6","10","Table 28. Current consumption in Stop 1 mode"
"G0","stm32g030c6","table_29","6","9","Table 29. Current consumption in Standby mode"
"G0","stm32g030c6","table_30","6","7","Table 30. Current consumption in VBAT mode"
"G0","stm32g030c6","table_34","6","7","Table 34. High-speed external user clock characteristics"
"G0","stm32g030c6","table_39","5","7","Table 39. LSI oscillator characteristics"
"G0","stm32g030c6","table_42","2","5","Table 42. Flash memory endurance and data retention"
"G0","stm32g030c6","table_44","5","6","Table 44. EMI characteristics"
"G0","stm32g030c6","table_45","2","6","Table 45. ESD absolute maximum ratings"
"G0","stm32g030c6","table_47","4","6","Table 47. I/O current injection susceptibility"
"G0","stm32g030c6","table_49","3","7","Table 49. Input characteristics of FT_e I/Os"
"G0","stm32g030c6","table_54","1","6","Table 54. EXTI input characteristics"
"G0","stm32g030c6","table_55","2","6","Table 55. Analog switch booster characteristics"
"G0","stm32g030c6","table_60","4","6","Table 60. V monitoring characteristics 73 BAT"
"G0","stm32g030c6","table_61","2","7","Table 61. V charging characteristics 73 BAT"
"G0","stm32g030c6","table_65","1","5","Table 65. I2C analog filter characteristics"
"G0","stm32g030c6","table_7","4","9","Table 7. Timer feature comparison"
"G0","stm32g031c4","table_18","5","5","Table 18. Voltage characteristics"
"G0","stm32g031c4","table_22","3","6","Table 22. Operating conditions at power-up / power-down"
"G0","stm32g031c4","table_35","1","6","Table 35. Regulator mode transition times"
"G0","stm32g031c4","table_36","2","6","Table 36. Wakeup time using LPUART"
"G0","stm32g031c4","table_37","6","7","Table 37. High-speed external user clock characteristics"
"G0","stm32g031c4","table_47","5","6","Table 47. EMI characteristics"
"G0","stm32g031c4","table_48","2","6","Table 48. ESD absolute maximum ratings"
"G0","stm32g031c4","table_50","4","6","Table 50. I/O current injection susceptibility"
"G0","stm32g031c4","table_52","3","7","Table 52. Input characteristics of FT_e I/Os"
"G0","stm32g031c4","table_57","1","6","Table 57. EXTI input characteristics"
"G0","stm32g031c4","table_58","2","6","Table 58. Analog switch booster characteristics"
"G0","stm32g031c4","table_64","4","6","Table 64. V monitoring characteristics 86 BAT"
"G0","stm32g031c4","table_65","2","7","Table 65. V charging characteristics 86 BAT"
"G0","stm32g031c4","table_69","1","5","Table 69. I2C analog filter characteristics"
"G0","stm32g031c4","table_7","1","9","Table 7. Timer feature comparison"
"G0","stm32g041c6","table_18","5","5","Table 18. Voltage characteristics"
"G0","stm32g041c6","table_22","3","6","Table 22. Operating conditions at power-up / power-down"
"G0","stm32g041c6","table_35","1","6","Table 35. Regulator mode transition times"
"G0","stm32g041c6","table_36","2","6","Table 36. Wakeup time using LPUART"
"G0","stm32g041c6","table_37","6","7","Table 37. High-speed external user clock characteristics"
"G0","stm32g041c6","table_47","5","6","Table 47. EMI characteristics"
"G0","stm32g041c6","table_48","2","6","Table 48. ESD absolute maximum ratings"
"G0","stm32g041c6","table_50","4","6","Table 50. I/O current injection susceptibility"
"G0","stm32g041c6","table_52","3","7","Table 52. Input characteristics of FT_e I/Os"
"G0","stm32g041c6","table_57","1","6","Table 57. EXTI input characteristics"
"G0","stm32g041c6","table_58","2","6","Table 58. Analog switch booster characteristics"
"G0","stm32g041c6","table_64","4","6","Table 64. V monitoring characteristics 88 BAT"
"G0","stm32g041c6","table_65","2","7","Table 65. V charging characteristics 88 BAT"
"G0","stm32g041c6","table_69","1","5","Table 69. I2C analog filter characteristics"
"G0","stm32g041c6","table_7","6","9","Table 7. Timer feature comparison"
"G0","stm32g050c6","table_18","5","5","Table 18. Voltage characteristics"
"G0","stm32g050c6","table_22","2","6","Table 22. Operating conditions at power-up / power-down"
"G0","stm32g050c6","table_23","5","7","Table 23. Embedded reset and power control block characteristics"
"G0","stm32g050c6","table_27","6","9","Table 27. Current consumption in Stop 0 mode"
"G0","stm32g050c6","table_33","1","6","Table 33. Regulator mode transition times"
"G0","stm32g050c6","table_34","6","7","Table 34. High-speed external user clock characteristics"
"G0","stm32g050c6","table_35","4","7","Table 35. Low-speed external user clock characteristics"
"G0","stm32g050c6","table_36","2","7","Table 36. HSE oscillator characteristics"
"G0","stm32g050c6","table_39","5","7","Table 39. LSI oscillator characteristics"
"G0","stm32g050c6","table_42","2","5","Table 42. Flash memory endurance and data retention"
"G0","stm32g050c6","table_44","5","6","Table 44. EMI characteristics"
"G0","stm32g050c6","table_45","2","6","Table 45. ESD absolute maximum ratings"
"G0","stm32g050c6","table_47","6","6","Table 47. I/O current injection susceptibility"
"G0","stm32g050c6","table_49","3","7","Table 49. Input characteristics of FT_e I/Os"
"G0","stm32g050c6","table_54","1","6","Table 54. EXTI input characteristics"
"G0","stm32g050c6","table_55","2","6","Table 55. Analog switch booster characteristics"
"G0","stm32g050c6","table_60","4","6","Table 60. V monitoring characteristics 72 BAT"
"G0","stm32g050c6","table_61","2","7","Table 61. V charging characteristics 72 BAT"
"G0","stm32g050c6","table_65","1","5","Table 65. I2C analog filter characteristics"
"G0","stm32g050c6","table_7","6","9","Table 7. Timer feature comparison"
"G0","stm32g051c6","table_18","5","5","Table 18. Voltage characteristics"
"G0","stm32g051c6","table_22","3","6","Table 22. Operating conditions at power-up / power-down"
"G0","stm32g051c6","table_35","1","6","Table 35. Regulator mode transition times"
"G0","stm32g051c6","table_36","2","6","Table 36. Wakeup time using LPUART"
"G0","stm32g051c6","table_37","6","7","Table 37. High-speed external user clock characteristics"
"G0","stm32g051c6","table_47","5","6","Table 47. EMI characteristics"
"G0","stm32g051c6","table_48","2","6","Table 48. ESD absolute maximum ratings"
"G0","stm32g051c6","table_50","6","6","Table 50. I/O current injection susceptibility"
"G0","stm32g051c6","table_52","3","7","Table 52. Input characteristics of FT_e I/Os"
"G0","stm32g051c6","table_57","1","6","Table 57. EXTI input characteristics"
"G0","stm32g051c6","table_58","2","6","Table 58. Analog switch booster characteristics"
"G0","stm32g051c6","table_67","2","6","Table 67. V monitoring characteristics 93 BAT"
"G0","stm32g051c6","table_68","2","7","Table 68. V charging characteristics 94 BAT"
"G0","stm32g051c6","table_72","1","5","Table 72. I2C analog filter characteristics"
"G0","stm32g061c6","table_18","5","5","Table 18. Voltage characteristics"
"G0","stm32g061c6","table_22","3","6","Table 22. Operating conditions at power-up / power-down"
"G0","stm32g061c6","table_35","1","6","Table 35. Regulator mode transition times"
"G0","stm32g061c6","table_36","2","6","Table 36. Wakeup time using LPUART"
"G0","stm32g061c6","table_37","6","7","Table 37. High-speed external user clock characteristics"
"G0","stm32g061c6","table_47","5","6","Table 47. EMI characteristics"
"G0","stm32g061c6","table_48","2","6","Table 48. ESD absolute maximum ratings"
"G0","stm32g061c6","table_50","6","6","Table 50. I/O current injection susceptibility"
"G0","stm32g061c6","table_52","3","7","Table 52. Input characteristics of FT_e I/Os"
"G0","stm32g061c6","table_57","1","6","Table 57. EXTI input characteristics"
"G0","stm32g061c6","table_58","2","6","Table 58. Analog switch booster characteristics"
"G0","stm32g061c6","table_67","2","6","Table 67. V monitoring characteristics 93 BAT"
"G0","stm32g061c6","table_68","2","7","Table 68. V charging characteristics 94 BAT"
"G0","stm32g061c6","table_72","1","5","Table 72. I2C analog filter characteristics"
"G0","stm32g070cb","table_17","6","5","Table 17. Voltage characteristics"
"G0","stm32g070cb","table_21","2","6","Table 21. Operating conditions at power-up / power-down"
"G0","stm32g070cb","table_22","5","7","Table 22. Embedded reset and power control block characteristics"
"G0","stm32g070cb","table_23","3","7","Table 23. Embedded internal voltage reference"
"G0","stm32g070cb","table_26","3","8","Table 26. Current consumption in Stop 0 mode"
"G0","stm32g070cb","table_27","6","10","Table 27. Current consumption in Stop 1 mode"
"G0","stm32g070cb","table_28","6","9","Table 28. Current consumption in Standby mode"
"G0","stm32g070cb","table_29","6","7","Table 29. Current consumption in VBAT mode"
"G0","stm32g070cb","table_33","6","7","Table 33. High-speed external user clock characteristics"
"G0","stm32g070cb","table_38","5","7","Table 38. LSI oscillator characteristics"
"G0","stm32g070cb","table_41","2","5","Table 41. Flash memory endurance and data retention"
"G0","stm32g070cb","table_43","5","6","Table 43. EMI characteristics"
"G0","stm32g070cb","table_44","2","6","Table 44. ESD absolute maximum ratings"
"G0","stm32g070cb","table_46","3","6","Table 46. I/O current injection susceptibility"
"G0","stm32g070cb","table_51","3","7","Table 51. NRST pin characteristics"
"G0","stm32g070cb","table_53","4","6","Table 53. Analog switch booster characteristics"
"G0","stm32g070cb","table_58","4","6","Table 58. V monitoring characteristics 74 BAT"
"G0","stm32g070cb","table_59","2","7","Table 59. V charging characteristics 74 BAT"
"G0","stm32g070cb","table_6","6","9","Table 6. Timer feature comparison"
"G0","stm32g070cb","table_63","1","5","Table 63. I2C analog filter characteristics"
"G0","stm32g071c8","table_12","3","14","Table 12. Pin assignment and description"
"G0","stm32g071c8","table_18","6","5","Table 18. Voltage characteristics"
"G0","stm32g071c8","table_22","3","6","Table 22. Operating conditions at power-up / power-down"
"G0","stm32g071c8","table_35","3","6","Table 35. Regulator mode transition times"
"G0","stm32g071c8","table_36","2","6","Table 36. Wakeup time using LPUART"
"G0","stm32g071c8","table_37","6","7","Table 37. High-speed external user clock characteristics"
"G0","stm32g071c8","table_38","4","7","Table 38. Low-speed external user clock characteristics"
"G0","stm32g071c8","table_39","2","7","Table 39. HSE oscillator characteristics"
"G0","stm32g071c8","table_47","5","6","Table 47. EMI characteristics"
"G0","stm32g071c8","table_48","2","6","Table 48. ESD absolute maximum ratings"
"G0","stm32g071c8","table_50","3","6","Table 50. I/O current injection susceptibility"
"G0","stm32g071c8","table_55","3","7","Table 55. NRST pin characteristics"
"G0","stm32g071c8","table_57","5","6","Table 57. Analog switch booster characteristics"
"G0","stm32g071c8","table_66","2","6","Table 66. V monitoring characteristics 100 BAT"
"G0","stm32g071c8","table_67","2","7","Table 67. V charging characteristics 101 BAT"
"G0","stm32g071c8","table_71","1","5","Table 71. I2C analog filter characteristics"
"G0","stm32g071c8","table_75","4","7","Table 75. UCPD operating conditions"
"G0","stm32g081cb","table_12","3","14","Table 12. Pin assignment and description"
"G0","stm32g081cb","table_18","6","5","Table 18. Voltage characteristics"
"G0","stm32g081cb","table_22","3","6","Table 22. Operating conditions at power-up / power-down"
"G0","stm32g081cb","table_35","3","6","Table 35. Regulator mode transition times"
"G0","stm32g081cb","table_36","2","6","Table 36. Wakeup time using LPUART"
"G0","stm32g081cb","table_37","6","7","Table 37. High-speed external user clock characteristics"
"G0","stm32g081cb","table_38","4","7","Table 38. Low-speed external user clock characteristics"
"G0","stm32g081cb","table_39","2","7","Table 39. HSE oscillator characteristics"
"G0","stm32g081cb","table_47","5","6","Table 47. EMI characteristics"
"G0","stm32g081cb","table_48","2","6","Table 48. ESD absolute maximum ratings"
"G0","stm32g081cb","table_50","3","6","Table 50. I/O current injection susceptibility"
"G0","stm32g081cb","table_55","3","7","Table 55. NRST pin characteristics"
"G0","stm32g081cb","table_57","5","6","Table 57. Analog switch booster characteristics"
"G0","stm32g081cb","table_66","2","6","Table 66. V monitoring characteristics 101 BAT"
"G0","stm32g081cb","table_67","2","7","Table 67. V charging characteristics 102 BAT"
"G0","stm32g081cb","table_71","1","5","Table 71. I2C analog filter characteristics"
"G0","stm32g081cb","table_75","4","7","Table 75. UCPD operating conditions"
"G0","stm32g0b0ce","table_20","6","5","Table 20. Voltage characteristics"
"G0","stm32g0b0ce","table_24","2","6","Table 24. Operating conditions at power-up / power-down"
"G0","stm32g0b0ce","table_25","5","7","Table 25. Embedded reset and power control block characteristics"
"G0","stm32g0b0ce","table_26","3","7","Table 26. Embedded internal voltage reference"
"G0","stm32g0b0ce","table_29","6","9","Table 29. Current consumption in Stop 0 mode"
"G0","stm32g0b0ce","table_31","6","9","Table 31. Current consumption in Standby mode"
"G0","stm32g0b0ce","table_35","1","6","Table 35. Regulator mode transition times"
"G0","stm32g0b0ce","table_36","6","7","Table 36. High-speed external user clock characteristics"
"G0","stm32g0b0ce","table_37","4","7","Table 37. Low-speed external user clock characteristics"
"G0","stm32g0b0ce","table_38","2","7","Table 38. HSE oscillator characteristics"
"G0","stm32g0b0ce","table_41","5","7","Table 41. LSI oscillator characteristics"
"G0","stm32g0b0ce","table_44","2","5","Table 44. Flash memory endurance and data retention"
"G0","stm32g0b0ce","table_46","5","6","Table 46. EMI characteristics"
"G0","stm32g0b0ce","table_47","2","6","Table 47. ESD absolute maximum ratings"
"G0","stm32g0b0ce","table_49","3","6","Table 49. I/O current injection susceptibility"
"G0","stm32g0b0ce","table_55","3","7","Table 55. NRST pin characteristics"
"G0","stm32g0b0ce","table_61","4","6","Table 61. V monitoring characteristics 81 BAT"
"G0","stm32g0b0ce","table_62","2","7","Table 62. V charging characteristics 81 BAT"
"G0","stm32g0b0ce","table_66","1","5","Table 66. I2C analog filter characteristics"
"G0","stm32g0b0ce","table_75","4","5","Table 75. Package thermal characteristics"
"G0","stm32g0b1cb","table_25","3","6","Table 25. Operating conditions at power-up / power-down"
"G0","stm32g0b1cb","table_26","5","7","Table 26. Embedded reset and power control block characteristics"
"G0","stm32g0b1cb","table_38","1","6","Table 38. Regulator mode transition times"
"G0","stm32g0b1cb","table_39","2","6","Table 39. Wakeup time using LPUART"
"G0","stm32g0b1cb","table_40","4","7","Table 40. High-speed external user clock characteristics"
"G0","stm32g0b1cb","table_41","4","7","Table 41. Low-speed external user clock characteristics"
"G0","stm32g0b1cb","table_46","5","7","Table 46. LSI oscillator characteristics"
"G0","stm32g0b1cb","table_51","5","6","Table 51. EMI characteristics"
"G0","stm32g0b1cb","table_52","2","6","Table 52. ESD absolute maximum ratings"
"G0","stm32g0b1cb","table_54","3","6","Table 54. I/O current injection susceptibility"
"G0","stm32g0b1cb","table_60","3","7","Table 60. NRST pin characteristics"
"G0","stm32g0b1cb","table_62","5","6","Table 62. Analog switch booster characteristics"
"G0","stm32g0b1cb","table_71","2","6","Table 71. V monitoring characteristics 113 BAT"
"G0","stm32g0b1cb","table_72","2","7","Table 72. V charging characteristics 114 BAT"
"G0","stm32g0b1cb","table_76","1","5","Table 76. I2C analog filter characteristics"
"G0","stm32g0b1cb","table_81","4","7","Table 81. UCPD operating conditions"
"G0","stm32g0b1cb","table_88","4","7","Table 88. WLCSP52 - Tolerance of form and position"
"G0","stm32g0c1cc","table_25","3","6","Table 25. Operating conditions at power-up / power-down"
"G0","stm32g0c1cc","table_38","1","6","Table 38. Regulator mode transition times"
"G0","stm32g0c1cc","table_39","2","6","Table 39. Wakeup time using LPUART"
"G0","stm32g0c1cc","table_40","4","7","Table 40. High-speed external user clock characteristics"
"G0","stm32g0c1cc","table_41","4","7","Table 41. Low-speed external user clock characteristics"
"G0","stm32g0c1cc","table_46","5","7","Table 46. LSI oscillator characteristics"
"G0","stm32g0c1cc","table_51","5","6","Table 51. EMI characteristics"
"G0","stm32g0c1cc","table_52","2","6","Table 52. ESD absolute maximum ratings"
"G0","stm32g0c1cc","table_54","3","6","Table 54. I/O current injection susceptibility"
"G0","stm32g0c1cc","table_60","3","7","Table 60. NRST pin characteristics"
"G0","stm32g0c1cc","table_62","5","6","Table 62. Analog switch booster characteristics"
"G0","stm32g0c1cc","table_71","4","6","Table 71. V monitoring characteristics 115 BAT"
"G0","stm32g0c1cc","table_72","2","7","Table 72. V charging characteristics 115 BAT"
"G0","stm32g0c1cc","table_76","1","5","Table 76. I2C analog filter characteristics"
"G0","stm32g0c1cc","table_81","4","7","Table 81. UCPD operating conditions"
"G0","stm32g0c1cc","table_85","3","7","Table 85. Exposed pad variation"
"G4","stm32g431c6","table_18","4","6","Table 18. Operating conditions at power-up / power-down"
"G4","stm32g431c6","table_36","1","6","Table 36. Regulator modes transition times"
"G4","stm32g431c6","table_37","2","6","Table 37. Wakeup time using USART/LPUART"
"G4","stm32g431c6","table_38","6","7","Table 38. High-speed external user clock characteristics"
"G4","stm32g431c6","table_49","5","6","Table 49. EMI characteristics"
"G4","stm32g431c6","table_50","2","6","Table 50. ESD absolute maximum ratings"
"G4","stm32g431c6","table_52","3","6","Table 52. I/O current injection susceptibility"
"G4","stm32g431c6","table_57","6","7","Table 57. NRST pin characteristics"
"G4","stm32g431c6","table_58","1","7","Table 58. EXTI input characteristics"
"G4","stm32g431c6","table_59","5","6","Table 59. Analog switches booster characteristics"
"G4","stm32g431c6","table_76","4","6","Table 76. V monitoring characteristics 148 BAT"
"G4","stm32g431c6","table_77","2","7","Table 77. V charging characteristics 148 BAT"
"G4","stm32g431c6","table_80","4","5","Table 80. WWDG min/max timeout value at 170 MHz (PCLK)"
"G4","stm32g431c6","table_81","5","6","Table 81. Minimum I2CCLK frequency in all I2C modes"
"G4","stm32g431c6","table_82","1","5","Table 82. I2C analog filter characteristics"
"G4","stm32g431c6","table_86","5","7","Table 86. USB electrical characteristics"
"G4","stm32g431c6","table_88","2","7","Table 88. UCPD characteristics"
"G4","stm32g441cb","table_18","4","6","Table 18. Operating conditions at power-up / power-down"
"G4","stm32g441cb","table_36","1","6","Table 36. Regulator modes transition times"
"G4","stm32g441cb","table_37","2","6","Table 37. Wakeup time using USART/LPUART"
"G4","stm32g441cb","table_38","6","7","Table 38. High-speed external user clock characteristics"
"G4","stm32g441cb","table_49","5","6","Table 49. EMI characteristics"
"G4","stm32g441cb","table_50","2","6","Table 50. ESD absolute maximum ratings"
"G4","stm32g441cb","table_52","3","6","Table 52. I/O current injection susceptibility"
"G4","stm32g441cb","table_57","6","7","Table 57. NRST pin characteristics"
"G4","stm32g441cb","table_58","1","7","Table 58. EXTI input characteristics"
"G4","stm32g441cb","table_59","5","6","Table 59. Analog switches booster characteristics"
"G4","stm32g441cb","table_76","4","6","Table 76. V monitoring characteristics 148 BAT"
"G4","stm32g441cb","table_77","2","7","Table 77. V charging characteristics 148 BAT"
"G4","stm32g441cb","table_80","4","5","Table 80. WWDG min/max timeout value at 170 MHz (PCLK)"
"G4","stm32g441cb","table_81","5","6","Table 81. Minimum I2CCLK frequency in all I2C modes"
"G4","stm32g441cb","table_82","1","5","Table 82. I2C analog filter characteristics"
"G4","stm32g441cb","table_86","5","7","Table 86. USB electrical characteristics"
"G4","stm32g441cb","table_88","2","7","Table 88. UCPD characteristics"
"G4","stm32g473cb","table_101","5","5","Table 101. Switching characteristics for NAND flash memory read cycles"
"G4","stm32g473cb","table_102","6","5","Table 102. Switching characteristics for NAND flash memory write cycles"
"G4","stm32g473cb","table_104","2","7","Table 104. QUADSPI characteristics in DDR mode"
"G4","stm32g473cb","table_105","2","7","Table 105. UCPD characteristics"
"G4","stm32g473cb","table_18","4","6","Table 18. Operating conditions at power-up / power-down"
"G4","stm32g473cb","table_37","1","6","Table 37. Regulator modes transition times"
"G4","stm32g473cb","table_38","2","6","Table 38. Wakeup time using USART/LPUART"
"G4","stm32g473cb","table_39","6","7","Table 39. High-speed external user clock characteristics"
"G4","stm32g473cb","table_50","5","6","Table 50. EMI characteristics"
"G4","stm32g473cb","table_51","3","7","Table 51. ESD absolute maximum ratings"
"G4","stm32g473cb","table_53","3","6","Table 53. I/O current injection susceptibility"
"G4","stm32g473cb","table_58","6","7","Table 58. NRST pin characteristics"
"G4","stm32g473cb","table_59","1","7","Table 59. EXTI input characteristics"
"G4","stm32g473cb","table_60","5","6","Table 60. Analog switches booster characteristics"
"G4","stm32g473cb","table_77","4","6","Table 77. V monitoring characteristics 163 BAT"
"G4","stm32g473cb","table_78","2","7","Table 78. V charging characteristics 163 BAT"
"G4","stm32g473cb","table_81","4","5","Table 81. WWDG min/max timeout value at 170 MHz (PCLK)"
"G4","stm32g473cb","table_82","5","6","Table 82. Minimum I2CCLK frequency in all I2C modes"
"G4","stm32g473cb","table_83","1","5","Table 83. I2C analog filter characteristics"
"G4","stm32g473cb","table_87","5","7","Table 87. USB electrical characteristics"
"G4","stm32g473cb","table_90","5","5","Table 90. Asynchronous non-multiplexed SRAM/PSRAM/NOR read-NWAIT timings"
"G4","stm32g473cb","table_94","4","5","Table 94. Asynchronous multiplexed PSRAM/NOR read-NWAIT timings"
"G4","stm32g473cb","table_96","4","5","Table 96. Asynchronous multiplexed PSRAM/NOR write-NWAIT timings"
"G4","stm32g474cb","table_101","4","5","Table 101. Asynchronous multiplexed PSRAM/NOR write-NWAIT timings"
"G4","stm32g474cb","table_106","5","5","Table 106. Switching characteristics for NAND Flash read cycles"
"G4","stm32g474cb","table_107","6","5","Table 107. Switching characteristics for NAND Flash write cycles"
"G4","stm32g474cb","table_109","2","7","Table 109. QUADSPI characteristics in DDR mode"
"G4","stm32g474cb","table_110","2","7","Table 110. UCPD characteristics"
"G4","stm32g474cb","table_18","4","6","Table 18. Operating conditions at power-up / power-down"
"G4","stm32g474cb","table_37","1","6","Table 37. Regulator modes transition times"
"G4","stm32g474cb","table_38","2","6","Table 38. Wakeup time using USART/LPUART"
"G4","stm32g474cb","table_39","6","7","Table 39. High-speed external user clock characteristics"
"G4","stm32g474cb","table_50","5","6","Table 50. EMI characteristics"
"G4","stm32g474cb","table_51","3","7","Table 51. ESD absolute maximum ratings"
"G4","stm32g474cb","table_53","3","6","Table 53. I/O current injection susceptibility"
"G4","stm32g474cb","table_58","6","7","Table 58. NRST pin characteristics"
"G4","stm32g474cb","table_60","3","7","Table 60. HRTIM output response to fault protection"
"G4","stm32g474cb","table_61","3","7","Table 61. HRTIM output response to external events 1 to 5 (Low-Latency mode)"
"G4","stm32g474cb","table_62","4","7","Table 62. HRTIM output response to external events 1 to 10 (Synchronous mode )"
"G4","stm32g474cb","table_63","4","7","Table 63. HRTIM synchronization input / output"
"G4","stm32g474cb","table_64","1","7","Table 64. EXTI input characteristics"
"G4","stm32g474cb","table_82","4","6","Table 82. V monitoring characteristics 168 BAT"
"G4","stm32g474cb","table_83","2","7","Table 83. V charging characteristics 168 BAT"
"G4","stm32g474cb","table_86","4","5","Table 86. WWDG min/max timeout value at 170 MHz (PCLK)"
"G4","stm32g474cb","table_87","5","6","Table 87. Minimum I2CCLK frequency in all I2C modes"
"G4","stm32g474cb","table_88","1","5","Table 88. I2C analog filter characteristics"
"G4","stm32g474cb","table_92","5","7","Table 92. USB electrical characteristics"
"G4","stm32g474cb","table_95","5","5","Table 95. Asynchronous non-multiplexed SRAM/PSRAM/NOR read-NWAIT timings"
"G4","stm32g474cb","table_99","4","5","Table 99. Asynchronous multiplexed PSRAM/NOR read-NWAIT timings"
"G4","stm32g483ce","table_101","5","5","Table 101. Switching characteristics for NAND Flash read cycles"
"G4","stm32g483ce","table_102","6","5","Table 102. Switching characteristics for NAND Flash write cycles"
"G4","stm32g483ce","table_104","2","7","Table 104. QUADSPI characteristics in DDR mode"
"G4","stm32g483ce","table_105","2","7","Table 105. UCPD characteristics"
"G4","stm32g483ce","table_18","4","6","Table 18. Operating conditions at power-up / power-down"
"G4","stm32g483ce","table_37","1","6","Table 37. Regulator modes transition times"
"G4","stm32g483ce","table_38","2","6","Table 38. Wakeup time using USART/LPUART"
"G4","stm32g483ce","table_39","6","7","Table 39. High-speed external user clock characteristics"
"G4","stm32g483ce","table_50","5","6","Table 50. EMI characteristics"
"G4","stm32g483ce","table_51","3","7","Table 51. ESD absolute maximum ratings"
"G4","stm32g483ce","table_53","3","6","Table 53. I/O current injection susceptibility"
"G4","stm32g483ce","table_58","6","7","Table 58. NRST pin characteristics"
"G4","stm32g483ce","table_59","1","7","Table 59. EXTI input characteristics"
"G4","stm32g483ce","table_60","5","6","Table 60. Analog switches booster characteristics"
"G4","stm32g483ce","table_77","4","6","Table 77. V monitoring characteristics 163 BAT"
"G4","stm32g483ce","table_78","2","7","Table 78. V charging characteristics 163 BAT"
"G4","stm32g483ce","table_81","4","5","Table 81. WWDG min/max timeout value at 170 MHz (PCLK)"
"G4","stm32g483ce","table_82","5","6","Table 82. Minimum I2CCLK frequency in all I2C modes"
"G4","stm32g483ce","table_83","1","5","Table 83. I2C analog filter characteristics"
"G4","stm32g483ce","table_87","5","7","Table 87. USB electrical characteristics"
"G4","stm32g483ce","table_90","5","5","Table 90. Asynchronous non-multiplexed SRAM/PSRAM/NOR read-NWAIT timings"
"G4","stm32g483ce","table_94","4","5","Table 94. Asynchronous multiplexed PSRAM/NOR read-NWAIT timings"
"G4","stm32g483ce","table_96","4","5","Table 96. Asynchronous multiplexed PSRAM/NOR write-NWAIT timings"
"G4","stm32g484ce","table_101","4","5","Table 101. Asynchronous multiplexed PSRAM/NOR write-NWAIT timings"
"G4","stm32g484ce","table_106","5","5","Table 106. Switching characteristics for NAND flash memory read cycles"
"G4","stm32g484ce","table_107","6","5","Table 107. Switching characteristics for NAND flash memory write cycles"
"G4","stm32g484ce","table_109","2","7","Table 109. QUADSPI characteristics in DDR mode"
"G4","stm32g484ce","table_110","2","7","Table 110. UCPD characteristics"
"G4","stm32g484ce","table_18","4","6","Table 18. Operating conditions at power-up / power-down"
"G4","stm32g484ce","table_37","1","6","Table 37. Regulator modes transition times"
"G4","stm32g484ce","table_38","2","6","Table 38. Wakeup time using USART/LPUART"
"G4","stm32g484ce","table_39","6","7","Table 39. High-speed external user clock characteristics"
"G4","stm32g484ce","table_50","5","6","Table 50. EMI characteristics"
"G4","stm32g484ce","table_51","3","7","Table 51. ESD absolute maximum ratings"
"G4","stm32g484ce","table_53","3","6","Table 53. I/O current injection susceptibility"
"G4","stm32g484ce","table_58","6","7","Table 58. NRST pin characteristics"
"G4","stm32g484ce","table_60","3","7","Table 60. HRTIM output response to fault protection"
"G4","stm32g484ce","table_61","3","7","Table 61. HRTIM output response to external events 1 to 5 (Low-Latency mode)"
"G4","stm32g484ce","table_62","4","7","Table 62. HRTIM output response to external events 1 to 10 (Synchronous mode )"
"G4","stm32g484ce","table_63","4","7","Table 63. HRTIM synchronization input / output"
"G4","stm32g484ce","table_64","1","7","Table 64. EXTI input characteristics"
"G4","stm32g484ce","table_82","4","6","Table 82. V monitoring characteristics 168 BAT"
"G4","stm32g484ce","table_83","2","7","Table 83. V charging characteristics 168 BAT"
"G4","stm32g484ce","table_86","4","5","Table 86. WWDG min/max timeout value at 170 MHz (PCLK)"
"G4","stm32g484ce","table_87","5","6","Table 87. Minimum I2CCLK frequency in all I2C modes"
"G4","stm32g484ce","table_88","1","5","Table 88. I2C analog filter characteristics"
"G4","stm32g484ce","table_92","5","7","Table 92. USB electrical characteristics"
"G4","stm32g484ce","table_95","5","5","Table 95. Asynchronous non-multiplexed SRAM/PSRAM/NOR read-NWAIT timings"
"G4","stm32g484ce","table_99","4","5","Table 99. Asynchronous multiplexed PSRAM/NOR read-NWAIT timings"
"G4","stm32g491cc","table_18","4","6","Table 18. Operating conditions at power-up / power-down"
"G4","stm32g491cc","table_36","1","6","Table 36. Regulator modes transition times"
"G4","stm32g491cc","table_37","2","6","Table 37. Wakeup time using USART/LPUART"
"G4","stm32g491cc","table_38","6","7","Table 38. High-speed external user clock characteristics"
"G4","stm32g491cc","table_49","5","6","Table 49. EMI characteristics"
"G4","stm32g491cc","table_50","4","7","Table 50. ESD absolute maximum ratings"
"G4","stm32g491cc","table_52","3","6","Table 52. I/O current injection susceptibility"
"G4","stm32g491cc","table_57","6","7","Table 57. NRST pin characteristics"
"G4","stm32g491cc","table_58","1","7","Table 58. EXTI input characteristics"
"G4","stm32g491cc","table_59","5","6","Table 59. Analog switches booster characteristics"
"G4","stm32g491cc","table_76","4","6","Table 76. V monitoring characteristics 150 BAT"
"G4","stm32g491cc","table_77","2","7","Table 77. V charging characteristics 150 BAT"
"G4","stm32g491cc","table_80","4","5","Table 80. WWDG min/max timeout value at 170 MHz (PCLK)"
"G4","stm32g491cc","table_81","5","6","Table 81. Minimum I2CCLK frequency in all I2C modes"
"G4","stm32g491cc","table_82","1","5","Table 82. I2C analog filter characteristics"
"G4","stm32g491cc","table_86","5","7","Table 86. USB electrical characteristics"
"G4","stm32g491cc","table_90","2","7","Table 90. UCPD characteristics"
"G4","stm32g4a1ce","table_18","4","6","Table 18. Operating conditions at power-up / power-down"
"G4","stm32g4a1ce","table_36","1","6","Table 36. Regulator modes transition times"
"G4","stm32g4a1ce","table_37","2","6","Table 37. Wakeup time using USART/LPUART"
"G4","stm32g4a1ce","table_38","6","7","Table 38. High-speed external user clock characteristics"
"G4","stm32g4a1ce","table_49","5","6","Table 49. EMI characteristics"
"G4","stm32g4a1ce","table_50","4","7","Table 50. ESD absolute maximum ratings"
"G4","stm32g4a1ce","table_52","3","6","Table 52. I/O current injection susceptibility"
"G4","stm32g4a1ce","table_57","6","7","Table 57. NRST pin characteristics"
"G4","stm32g4a1ce","table_58","1","7","Table 58. EXTI input characteristics"
"G4","stm32g4a1ce","table_59","5","6","Table 59. Analog switches booster characteristics"
"G4","stm32g4a1ce","table_76","4","6","Table 76. V monitoring characteristics 152 BAT"
"G4","stm32g4a1ce","table_77","2","7","Table 77. V charging characteristics 152 BAT"
"G4","stm32g4a1ce","table_80","4","5","Table 80. WWDG min/max timeout value at 170 MHz (PCLK)"
"G4","stm32g4a1ce","table_81","5","6","Table 81. Minimum I2CCLK frequency in all I2C modes"
"G4","stm32g4a1ce","table_82","1","5","Table 82. I2C analog filter characteristics"
"G4","stm32g4a1ce","table_86","5","7","Table 86. USB electrical characteristics"
"G4","stm32g4a1ce","table_90","2","7","Table 90. UCPD characteristics"
"H5","stm32h503cb","table_31","4","13","Table 31. Typical and maximum current consumption in Standby mode"
"H5","stm32h503cb","table_32","4","13","Table 32. Typical and maximum current consumption in VBAT mode"
"H5","stm32h503cb","table_42","6","7","Table 42. LSI oscillator characteristics"
"H5","stm32h503cb","table_45","3","7","Table 45. Flash memory characteristics"
"H5","stm32h503cb","table_46","6","7","Table 46. Flash memory programming"
"H5","stm32h503cb","table_47","4","5","Table 47. Flash memory endurance and data retention"
"H5","stm32h503cb","table_49","5","6","Table 49. EMI characteristics"
"H5","stm32h503cb","table_50","2","7","Table 50. ESD absolute maximum ratings"
"H5","stm32h503cb","table_51","3","5","Table 51. Electrical sensitivities"
"H5","stm32h503cb","table_52","3","5","Table 52. I/O current injection susceptibility"
"H5","stm32h503cb","table_55","6","6","Table 55. Output voltage characteristics for PC13"
"H5","stm32h503cb","table_56","6","6","Table 56. Output voltage characteristics for PC14 and PC15"
"H5","stm32h503cb","table_61","3","7","Table 61. NRST pin characteristics"
"H5","stm32h503cb","table_62","1","7","Table 62. EXTI input characteristics"
"H5","stm32h503cb","table_63","4","7","Table 63. 12-bit ADC characteristics"
"H5","stm32h503cb","table_71","1","6","Table 71. V monitoring characteristics 134 CORE"
"H5","stm32h503cb","table_73","2","7","Table 73. V charging characteristics 135 BAT"
"H5","stm32h503cb","table_74","2","6","Table 74. Temperature monitoring characteristics"
"H5","stm32h503cb","table_75","4","7","Table 75. Voltage booster for analog switch characteristics"
"H5","stm32h503cb","table_78","5","6","Table 78. TIMx characteristics"
"H5","stm32h503cb","table_79","1","5","Table 79. I2C analog filter characteristics"
"H5","stm32h503cb","table_80","2","7","Table 80. I3C open-drain measured timing"
"H5","stm32h503cb","table_81","2","7","Table 81. I3C push-pull measured timing"
"H5","stm32h523cc","table_100","2","6","Table 100. Temperature monitoring characteristics"
"H5","stm32h523cc","table_101","4","7","Table 101. Voltage booster for analog switch characteristics"
"H5","stm32h523cc","table_103","5","6","Table 103. TIMx characteristics"
"H5","stm32h523cc","table_104","3","5","Table 104. LPTIMx characteristics"
"H5","stm32h523cc","table_107","2","7","Table 107. I3C open-drain measured timing"
"H5","stm32h523cc","table_108","1","7","Table 108. I3C push-pull measured timing"
"H5","stm32h523cc","table_114","4","7","Table 114. USB BCD DC electrical characteristics"
"H5","stm32h523cc","table_19","5","7","Table 19. General operating conditions"
"H5","stm32h523cc","table_34","4","13","Table 34. Typical and maximum current consumption in Standby mode"
"H5","stm32h523cc","table_35","4","13","Table 35. Typical and maximum current consumption in VBAT mode"
"H5","stm32h523cc","table_45","3","7","Table 45. LSI oscillator characteristics"
"H5","stm32h523cc","table_48","3","7","Table 48. Flash memory characteristics"
"H5","stm32h523cc","table_52","5","6","Table 52. EMI characteristics"
"H5","stm32h523cc","table_53","2","7","Table 53. ESD absolute maximum ratings"
"H5","stm32h523cc","table_55","4","5","Table 55. I/O current injection susceptibility"
"H5","stm32h523cc","table_59","6","6","Table 59. Output voltage characteristics for PC13"
"H5","stm32h523cc","table_6","5","8","Table 6. Timer features"
"H5","stm32h523cc","table_60","6","6","Table 60. Output voltage characteristics for PC14 and PC15"
"H5","stm32h523cc","table_66","3","7","Table 66. NRST pin characteristics"
"H5","stm32h523cc","table_67","1","7","Table 67. EXTI input characteristics"
"H5","stm32h523cc","table_69","5","5","Table 69. Asynchronous non-multiplexed SRAM/PSRAM/NOR read-NWAIT timings"
"H5","stm32h523cc","table_73","4","5","Table 73. Asynchronous multiplexed PSRAM/NOR read-NWAIT timings"
"H5","stm32h523cc","table_75","4","5","Table 75. Asynchronous multiplexed PSRAM/NOR write-NWAIT timings"
"H5","stm32h523cc","table_80","5","5","Table 80. Switching characteristics for NAND flash read cycles"
"H5","stm32h523cc","table_81","6","5","Table 81. Switching characteristics for NAND flash write cycles"
"H5","stm32h523cc","table_85","2","7","Table 85. Delay block characteristics"
"H5","stm32h523cc","table_97","1","6","Table 97. V monitoring characteristics 177 CORE"
"H5","stm32h523cc","table_99","2","7","Table 99. V charging characteristics 178 BAT"
"H5","stm32h533ce","table_100","2","7","Table 100. V charging characteristics 183 BAT"
"H5","stm32h533ce","table_101","2","6","Table 101. Temperature monitoring characteristics"
"H5","stm32h533ce","table_102","4","7","Table 102. Voltage booster for analog switch characteristics"
"H5","stm32h533ce","table_104","5","6","Table 104. TIMx characteristics"
"H5","stm32h533ce","table_105","3","5","Table 105. LPTIMx characteristics"
"H5","stm32h533ce","table_108","2","7","Table 108. I3C open-drain measured timing"
"H5","stm32h533ce","table_109","1","7","Table 109. I3C push-pull measured timing"
"H5","stm32h533ce","table_115","4","7","Table 115. USB BCD DC electrical characteristics"
"H5","stm32h533ce","table_20","5","7","Table 20. General operating conditions"
"H5","stm32h533ce","table_35","4","13","Table 35. Typical and maximum current consumption in Standby mode"
"H5","stm32h533ce","table_36","4","13","Table 36. Typical and maximum current consumption in VBAT mode"
"H5","stm32h533ce","table_46","6","7","Table 46. LSI oscillator characteristics"
"H5","stm32h533ce","table_49","3","7","Table 49. Flash memory characteristics"
"H5","stm32h533ce","table_53","5","6","Table 53. EMI characteristics"
"H5","stm32h533ce","table_54","2","7","Table 54. ESD absolute maximum ratings"
"H5","stm32h533ce","table_56","4","5","Table 56. I/O current injection susceptibility"
"H5","stm32h533ce","table_60","6","6","Table 60. Output voltage characteristics for PC13"
"H5","stm32h533ce","table_61","6","6","Table 61. Output voltage characteristics for PC14 and PC15"
"H5","stm32h533ce","table_67","3","7","Table 67. NRST pin characteristics"
"H5","stm32h533ce","table_68","1","7","Table 68. EXTI input characteristics"
"H5","stm32h533ce","table_7","5","8","Table 7. Timer features"
"H5","stm32h533ce","table_70","5","5","Table 70. Asynchronous non-multiplexed SRAM/PSRAM/NOR read-NWAIT timings"
"H5","stm32h533ce","table_74","4","5","Table 74. Asynchronous multiplexed PSRAM/NOR read-NWAIT timings"
"H5","stm32h533ce","table_76","4","5","Table 76. Asynchronous multiplexed PSRAM/NOR write-NWAIT timings"
"H5","stm32h533ce","table_81","5","5","Table 81. Switching characteristics for NAND flash read cycles"
"H5","stm32h533ce","table_82","6","5","Table 82. Switching characteristics for NAND flash write cycles"
"H5","stm32h533ce","table_86","2","7","Table 86. Delay block characteristics"
"H5","stm32h533ce","table_98","1","6","Table 98. V monitoring characteristics 182 CORE"
"H5","stm32h543ce","table_100","2","7","Table 100. V charging characteristics 182 BAT"
"H5","stm32h543ce","table_101","2","6","Table 101. Temperature monitoring characteristics"
"H5","stm32h543ce","table_102","4","7","Table 102. Voltage booster for analog switch characteristics"
"H5","stm32h543ce","table_106","5","5","Table 106. LPTIMx characteristics"
"H5","stm32h543ce","table_107","1","5","Table 107. I2C analog filter characteristics"
"H5","stm32h543ce","table_109","2","5","Table 109. I3C open-drain measured timings"
"H5","stm32h543ce","table_110","3","5","Table 110. I3C push-pull measured timings"
"H5","stm32h543ce","table_117","3","7","Table 117. UCPD electrical characteristics"
"H5","stm32h543ce","table_120","4","6","Table 120. Dynamic characteristics: Ethernet MAC signals for SMI"
"H5","stm32h543ce","table_121","6","6","Table 121. Dynamic characteristics: Ethernet MAC signals for RMII"
"H5","stm32h543ce","table_124","2","7","Table 124. Dynamic SWD characteristics"
"H5","stm32h543ce","table_17","5","7","Table 17. General operating conditions"
"H5","stm32h543ce","table_33","4","14","Table 33. Typical and maximum current consumption in VBAT mode"
"H5","stm32h543ce","table_37","4","7","Table 37. Low-speed external user clock characteristics"
"H5","stm32h543ce","table_38","2","7","Table 38. 4 to 50 MHz HSE oscillator characteristics"
"H5","stm32h543ce","table_4","5","8","Table 4. Timer features"
"H5","stm32h543ce","table_41","6","7","Table 41. HSI oscillator characteristics"
"H5","stm32h543ce","table_43","6","7","Table 43. LSI oscillator characteristics"
"H5","stm32h543ce","table_46","3","7","Table 46. Flash memory characteristics"
"H5","stm32h543ce","table_47","3","7","Table 47. Flash memory programming"
"H5","stm32h543ce","table_50","5","6","Table 50. EMI characteristics"
"H5","stm32h543ce","table_51","3","7","Table 51. ESD absolute maximum ratings"
"H5","stm32h543ce","table_52","3","5","Table 52. Electrical sensitivities"
"H5","stm32h543ce","table_53","3","5","Table 53. I/O current injection susceptibility"
"H5","stm32h543ce","table_54","3","7","Table 54. I/O static characteristics"
"H5","stm32h543ce","table_57","6","6","Table 57. Output voltage characteristics for PC13"
"H5","stm32h543ce","table_58","6","6","Table 58. Output voltage characteristics for PC14 and PC15"
"H5","stm32h543ce","table_64","3","7","Table 64. NRST pin characteristics"
"H5","stm32h543ce","table_65","1","7","Table 65. EXTI input characteristics"
"H5","stm32h543ce","table_66","2","7","Table 66. PLAY timing measurement"
"H5","stm32h543ce","table_67","2","5","Table 67. PLAY filter characteristics"
"H5","stm32h543ce","table_69","5","5","Table 69. Asynchronous non-multiplexed SRAM/PSRAM/NOR read-NWAIT timings"
"H5","stm32h543ce","table_73","4","5","Table 73. Asynchronous multiplexed PSRAM/NOR read-NWAIT timings"
"H5","stm32h543ce","table_75","4","5","Table 75. Asynchronous multiplexed PSRAM/NOR write-NWAIT timings"
"H5","stm32h543ce","table_80","5","5","Table 80. Switching characteristics for NAND flash read cycles"
"H5","stm32h543ce","table_81","6","5","Table 81. Switching characteristics for NAND flash write cycles"
"H5","stm32h543ce","table_89","2","7","Table 89. Delay block characteristics"
"H5","stm32h543ce","table_90","3","7","Table 90. 12-bit ADC characteristics"
"H5","stm32h543ce","table_98","1","6","Table 98. V monitoring characteristics 181 CORE"
"H5","stm32h553cg","table_101","2","7","Table 101. V charging characteristics 185 BAT"
"H5","stm32h553cg","table_102","2","6","Table 102. Temperature monitoring characteristics"
"H5","stm32h553cg","table_103","4","7","Table 103. Voltage booster for analog switch characteristics"
"H5","stm32h553cg","table_107","5","5","Table 107. LPTIMx characteristics"
"H5","stm32h553cg","table_108","1","5","Table 108. I2C analog filter characteristics"
"H5","stm32h553cg","table_110","2","5","Table 110. I3C open-drain measured timings"
"H5","stm32h553cg","table_111","3","5","Table 111. I3C push-pull measured timings"
"H5","stm32h553cg","table_118","3","7","Table 118. UCPD electrical characteristics"
"H5","stm32h553cg","table_121","4","6","Table 121. Dynamic characteristics: Ethernet MAC signals for SMI"
"H5","stm32h553cg","table_122","6","6","Table 122. Dynamic characteristics: Ethernet MAC signals for RMII"
"H5","stm32h553cg","table_125","2","7","Table 125. Dynamic SWD characteristics"
"H5","stm32h553cg","table_18","5","7","Table 18. General operating conditions"
"H5","stm32h553cg","table_34","4","14","Table 34. Typical and maximum current consumption in VBAT mode"
"H5","stm32h553cg","table_37","1","7","Table 37. High-speed external user clock characteristics"
"H5","stm32h553cg","table_38","4","7","Table 38. Low-speed external user clock characteristics"
"H5","stm32h553cg","table_39","2","7","Table 39. 4 to 50 MHz HSE oscillator characteristics"
"H5","stm32h553cg","table_42","6","7","Table 42. HSI oscillator characteristics"
"H5","stm32h553cg","table_44","6","7","Table 44. LSI oscillator characteristics"
"H5","stm32h553cg","table_47","3","7","Table 47. Flash memory characteristics"
"H5","stm32h553cg","table_48","3","7","Table 48. Flash memory programming"
"H5","stm32h553cg","table_5","5","8","Table 5. Timer features"
"H5","stm32h553cg","table_51","5","6","Table 51. EMI characteristics"
"H5","stm32h553cg","table_52","3","7","Table 52. ESD absolute maximum ratings"
"H5","stm32h553cg","table_53","3","5","Table 53. Electrical sensitivities"
"H5","stm32h553cg","table_54","3","5","Table 54. I/O current injection susceptibility"
"H5","stm32h553cg","table_55","3","7","Table 55. I/O static characteristics"
"H5","stm32h553cg","table_58","6","6","Table 58. Output voltage characteristics for PC13"
"H5","stm32h553cg","table_59","6","6","Table 59. Output voltage characteristics for PC14 and PC15"
"H5","stm32h553cg","table_65","3","7","Table 65. NRST pin characteristics"
"H5","stm32h553cg","table_66","1","7","Table 66. EXTI input characteristics"
"H5","stm32h553cg","table_67","2","7","Table 67. PLAY timing measurement"
"H5","stm32h553cg","table_68","2","5","Table 68. PLAY filter characteristics"
"H5","stm32h553cg","table_70","5","5","Table 70. Asynchronous non-multiplexed SRAM/PSRAM/NOR read-NWAIT timings"
"H5","stm32h553cg","table_74","4","5","Table 74. Asynchronous multiplexed PSRAM/NOR read-NWAIT timings"
"H5","stm32h553cg","table_76","4","5","Table 76. Asynchronous multiplexed PSRAM/NOR write-NWAIT timings"
"H5","stm32h553cg","table_81","5","5","Table 81. Switching characteristics for NAND flash read cycles"
"H5","stm32h553cg","table_82","6","5","Table 82. Switching characteristics for NAND flash write cycles"
"H5","stm32h553cg","table_90","2","7","Table 90. Delay block characteristics"
"H5","stm32h553cg","table_91","3","7","Table 91. 12-bit ADC characteristics"
"H5","stm32h553cg","table_99","1","6","Table 99. V monitoring characteristics 184 CORE"
"H5","stm32h562ag","table_103","1","6","Table 103. V monitoring characteristics 218 CORE"
"H5","stm32h562ag","table_105","2","7","Table 105. V charging characteristics 219 BAT"
"H5","stm32h562ag","table_106","2","6","Table 106. Temperature monitoring characteristics"
"H5","stm32h562ag","table_107","4","7","Table 107. Voltage booster for analog switch characteristics"
"H5","stm32h562ag","table_108","2","7","Table 108. V characteristics 219 REFBUF"
"H5","stm32h562ag","table_109","5","6","Table 109. TIMx characteristics"
"H5","stm32h562ag","table_110","5","5","Table 110. LPTIMx characteristics"
"H5","stm32h562ag","table_111","1","5","Table 111. I2C analog filter characteristics"
"H5","stm32h562ag","table_112","6","7","Table 112. USART characteristics"
"H5","stm32h562ag","table_113","2","7","Table 113. I3C open-drain measured timings"
"H5","stm32h562ag","table_114","3","7","Table 114. I3C push-pull measured timings"
"H5","stm32h562ag","table_124","4","6","Table 124. Dynamic characteristics: Ethernet MAC signals for SMI"
"H5","stm32h562ag","table_125","6","6","Table 125. Dynamic characteristics: Ethernet MAC signals for RMII"
"H5","stm32h562ag","table_20","3","7","Table 20. General operating conditions"
"H5","stm32h562ag","table_37","4","13","Table 37. Typical and maximum current consumption in VBAT mode"
"H5","stm32h562ag","table_40","4","7","Table 40. High-speed external user clock characteristics"
"H5","stm32h562ag","table_45","6","7","Table 45. HSI oscillator characteristics"
"H5","stm32h562ag","table_47","6","7","Table 47. LSI oscillator characteristics"
"H5","stm32h562ag","table_50","3","7","Table 50. Flash memory characteristics"
"H5","stm32h562ag","table_54","5","6","Table 54. EMI characteristics"
"H5","stm32h562ag","table_55","3","7","Table 55. ESD absolute maximum ratings"
"H5","stm32h562ag","table_57","2","5","Table 57. I/O current injection susceptibility"
"H5","stm32h562ag","table_6","6","8","Table 6. Timer features"
"H5","stm32h562ag","table_61","6","6","Table 61. Output voltage characteristics for PC13 and PI8"
"H5","stm32h562ag","table_62","6","6","Table 62. Output voltage characteristics for PC14 and PC15"
"H5","stm32h562ag","table_68","3","7","Table 68. NRST pin characteristics"
"H5","stm32h562ag","table_69","1","7","Table 69. EXTI input characteristics"
"H5","stm32h562ag","table_71","5","5","Table 71. Asynchronous non-multiplexed SRAM/PSRAM/NOR read-NWAIT timings"
"H5","stm32h562ag","table_75","4","5","Table 75. Asynchronous multiplexed PSRAM/NOR read-NWAIT timings"
"H5","stm32h562ag","table_77","4","5","Table 77. Asynchronous multiplexed PSRAM/NOR write-NWAIT timings"
"H5","stm32h562ag","table_82","5","5","Table 82. Switching characteristics for NAND flash read cycles"
"H5","stm32h562ag","table_83","6","5","Table 83. Switching characteristics for NAND flash write cycles"
"H5","stm32h573ai","table_104","1","6","Table 104. V monitoring characteristics 221 CORE"
"H5","stm32h573ai","table_106","2","7","Table 106. V charging characteristics 222 BAT"
"H5","stm32h573ai","table_107","2","6","Table 107. Temperature monitoring characteristics"
"H5","stm32h573ai","table_108","4","7","Table 108. Voltage booster for analog switch characteristics"
"H5","stm32h573ai","table_109","2","7","Table 109. V characteristics 222 REFBUF"
"H5","stm32h573ai","table_110","5","6","Table 110. TIMx characteristics"
"H5","stm32h573ai","table_111","5","5","Table 111. LPTIMx characteristics"
"H5","stm32h573ai","table_112","1","5","Table 112. I2C analog filter characteristics"
"H5","stm32h573ai","table_113","6","7","Table 113. USART characteristics"
"H5","stm32h573ai","table_114","2","7","Table 114. I3C open-drain measured timings"
"H5","stm32h573ai","table_115","3","7","Table 115. I3C push-pull measured timings"
"H5","stm32h573ai","table_125","4","6","Table 125. Dynamic characteristics: Ethernet MAC signals for SMI"
"H5","stm32h573ai","table_126","6","6","Table 126. Dynamic characteristics: Ethernet MAC signals for RMII"
"H5","stm32h573ai","table_21","3","7","Table 21. General operating conditions"
"H5","stm32h573ai","table_38","4","13","Table 38. Typical and maximum current consumption in VBAT mode"
"H5","stm32h573ai","table_41","4","7","Table 41. High-speed external user clock characteristics"
"H5","stm32h573ai","table_46","6","7","Table 46. HSI oscillator characteristics"
"H5","stm32h573ai","table_48","6","7","Table 48. LSI oscillator characteristics"
"H5","stm32h573ai","table_51","3","7","Table 51. Flash memory characteristics"
"H5","stm32h573ai","table_55","5","6","Table 55. EMI characteristics"
"H5","stm32h573ai","table_56","3","7","Table 56. ESD absolute maximum ratings"
"H5","stm32h573ai","table_58","2","5","Table 58. I/O current injection susceptibility"
"H5","stm32h573ai","table_62","6","6","Table 62. Output voltage characteristics for PC13 and PI8"
"H5","stm32h573ai","table_63","6","6","Table 63. Output voltage characteristics for PC14 and PC15"
"H5","stm32h573ai","table_69","3","7","Table 69. NRST pin characteristics"
"H5","stm32h573ai","table_7","6","8","Table 7. Timer features"
"H5","stm32h573ai","table_70","1","7","Table 70. EXTI input characteristics"
"H5","stm32h573ai","table_72","5","5","Table 72. Asynchronous non-multiplexed SRAM/PSRAM/NOR read-NWAIT timings"
"H5","stm32h573ai","table_76","4","5","Table 76. Asynchronous multiplexed PSRAM/NOR read-NWAIT timings"
"H5","stm32h573ai","table_78","4","5","Table 78. Asynchronous multiplexed PSRAM/NOR write-NWAIT timings"
"H5","stm32h573ai","table_83","5","5","Table 83. Switching characteristics for NAND flash read cycles"
"H5","stm32h573ai","table_84","6","5","Table 84. Switching characteristics for NAND flash write cycles"
"H5","stm32h5e4aj","table_104","1","6","Table 104. V monitoring characteristics 255 CORE"
"H5","stm32h5e4aj","table_106","2","7","Table 106. V charging characteristics 256 BAT"
"H5","stm32h5e4aj","table_107","2","6","Table 107. Temperature monitoring characteristics"
"H5","stm32h5e4aj","table_108","4","7","Table 108. Voltage booster for analog switch characteristics"
"H5","stm32h5e4aj","table_109","2","7","Table 109. V characteristics 256 REFBUF"
"H5","stm32h5e4aj","table_112","5","6","Table 112. LTDC characteristics"
"H5","stm32h5e4aj","table_114","5","7","Table 114. MDF characteristics"
"H5","stm32h5e4aj","table_115","5","6","Table 115. TIMx characteristics"
"H5","stm32h5e4aj","table_116","2","6","Table 116. TIMx characteristics"
"H5","stm32h5e4aj","table_117","5","5","Table 117. LPTIMx characteristics"
"H5","stm32h5e4aj","table_118","1","5","Table 118. I2C analog filter characteristics"
"H5","stm32h5e4aj","table_120","2","5","Table 120. I3C open-drain measured timings"
"H5","stm32h5e4aj","table_121","3","5","Table 121. I3C push-pull measured timings"
"H5","stm32h5e4aj","table_129","6","7","Table 129. OTG_HS current consumption characteristics"
"H5","stm32h5e4aj","table_130","3","7","Table 130. UCPD electrical characteristics"
"H5","stm32h5e4aj","table_134","4","6","Table 134. Dynamic characteristics: Ethernet MAC signals for SMI"
"H5","stm32h5e4aj","table_135","6","6","Table 135. Dynamic characteristics: Ethernet MAC signals for RMII"
"H5","stm32h5e4aj","table_19","3","7","Table 19. General operating conditions"
"H5","stm32h5e4aj","table_36","4","13","Table 36. Typical and maximum current consumption in VBAT mode"
"H5","stm32h5e4aj","table_39","4","7","Table 39. High-speed external user clock characteristics"
"H5","stm32h5e4aj","table_44","6","7","Table 44. HSI oscillator characteristics"
"H5","stm32h5e4aj","table_46","6","7","Table 46. LSI oscillator characteristics"
"H5","stm32h5e4aj","table_49","3","7","Table 49. Flash memory characteristics"
"H5","stm32h5e4aj","table_5","6","8","Table 5. Timer features"
"H5","stm32h5e4aj","table_53","5","6","Table 53. EMI characteristics"
"H5","stm32h5e4aj","table_54","2","7","Table 54. ESD absolute maximum ratings"
"H5","stm32h5e4aj","table_56","3","5","Table 56. I/O current injection susceptibility"
"H5","stm32h5e4aj","table_60","6","6","Table 60. Output voltage characteristics for PC13 and PI8"
"H5","stm32h5e4aj","table_61","6","6","Table 61. Output voltage characteristics for PC14 and PC15"
"H5","stm32h5e4aj","table_67","3","7","Table 67. NRST pin characteristics"
"H5","stm32h5e4aj","table_68","1","7","Table 68. EXTI input characteristics"
"H5","stm32h5e4aj","table_69","2","7","Table 69. PLAY timing"
"H5","stm32h5e4aj","table_70","2","5","Table 70. PLAY filter characteristics"
"H5","stm32h5e4aj","table_72","5","5","Table 72. Asynchronous non-multiplexed SRAM/PSRAM/NOR read-NWAIT timings"
"H5","stm32h5e4aj","table_76","4","5","Table 76. Asynchronous multiplexed PSRAM/NOR read-NWAIT timings"
"H5","stm32h5e4aj","table_78","4","5","Table 78. Asynchronous multiplexed PSRAM/NOR write-NWAIT timings"
"H5","stm32h5e4aj","table_83","5","5","Table 83. Switching characteristics for NAND flash read cycles"
"H5","stm32h5e4aj","table_84","6","5","Table 84. Switching characteristics for NAND flash write cycles"
"H5","stm32h5f4aj","table_105","1","6","Table 105. V monitoring characteristics 259 CORE"
"H5","stm32h5f4aj","table_107","2","7","Table 107. V charging characteristics 260 BAT"
"H5","stm32h5f4aj","table_108","2","6","Table 108. Temperature monitoring characteristics"
"H5","stm32h5f4aj","table_109","4","7","Table 109. Voltage booster for analog switch characteristics"
"H5","stm32h5f4aj","table_110","2","7","Table 110. V characteristics 260 REFBUF"
"H5","stm32h5f4aj","table_113","5","6","Table 113. LTDC characteristics"
"H5","stm32h5f4aj","table_115","5","7","Table 115. MDF characteristics"
"H5","stm32h5f4aj","table_116","5","6","Table 116. TIMx characteristics"
"H5","stm32h5f4aj","table_117","2","6","Table 117. TIMx characteristics"
"H5","stm32h5f4aj","table_118","5","5","Table 118. LPTIMx characteristics"
"H5","stm32h5f4aj","table_119","1","5","Table 119. I2C analog filter characteristics"
"H5","stm32h5f4aj","table_121","2","5","Table 121. I3C open-drain measured timings"
"H5","stm32h5f4aj","table_122","3","5","Table 122. I3C push-pull measured timings"
"H5","stm32h5f4aj","table_130","6","7","Table 130. OTG_HS current consumption characteristics"
"H5","stm32h5f4aj","table_131","3","7","Table 131. UCPD electrical characteristics"
"H5","stm32h5f4aj","table_135","4","6","Table 135. Dynamic characteristics: Ethernet MAC signals for SMI"
"H5","stm32h5f4aj","table_136","6","6","Table 136. Dynamic characteristics: Ethernet MAC signals for RMII"
"H5","stm32h5f4aj","table_20","3","7","Table 20. General operating conditions"
"H5","stm32h5f4aj","table_37","4","13","Table 37. Typical and maximum current consumption in VBAT mode"
"H5","stm32h5f4aj","table_40","4","7","Table 40. High-speed external user clock characteristics"
"H5","stm32h5f4aj","table_45","6","7","Table 45. HSI oscillator characteristics"
"H5","stm32h5f4aj","table_47","6","7","Table 47. LSI oscillator characteristics"
"H5","stm32h5f4aj","table_50","3","7","Table 50. Flash memory characteristics"
"H5","stm32h5f4aj","table_54","5","6","Table 54. EMI characteristics"
"H5","stm32h5f4aj","table_55","2","7","Table 55. ESD absolute maximum ratings"
"H5","stm32h5f4aj","table_57","3","5","Table 57. I/O current injection susceptibility"
"H5","stm32h5f4aj","table_6","6","8","Table 6. Timer features"
"H5","stm32h5f4aj","table_61","6","6","Table 61. Output voltage characteristics for PC13 and PI8"
"H5","stm32h5f4aj","table_62","6","6","Table 62. Output voltage characteristics for PC14 and PC15"
"H5","stm32h5f4aj","table_68","3","7","Table 68. NRST pin characteristics"
"H5","stm32h5f4aj","table_69","1","7","Table 69. EXTI input characteristics"
"H5","stm32h5f4aj","table_70","2","7","Table 70. PLAY timing"
"H5","stm32h5f4aj","table_71","2","5","Table 71. PLAY filter characteristics"
"H5","stm32h5f4aj","table_73","5","5","Table 73. Asynchronous non-multiplexed SRAM/PSRAM/NOR read-NWAIT timings"
"H5","stm32h5f4aj","table_77","4","5","Table 77. Asynchronous multiplexed PSRAM/NOR read-NWAIT timings"
"H5","stm32h5f4aj","table_79","4","5","Table 79. Asynchronous multiplexed PSRAM/NOR write-NWAIT timings"
"H5","stm32h5f4aj","table_84","5","5","Table 84. Switching characteristics for NAND flash read cycles"
"H5","stm32h5f4aj","table_85","6","5","Table 85. Switching characteristics for NAND flash write cycles"
"H7","stm32h723ve","table_103","5","6","Table 103. TIMx characteristics"
"H7","stm32h723ve","table_104","5","5","Table 104. LPTIMx characteristics"
"H7","stm32h723ve","table_105","5","6","Table 105. Minimum i2c_ker_ck frequency in all I2C modes"
"H7","stm32h723ve","table_106","1","5","Table 106. I2C analog filter characteristics"
"H7","stm32h723ve","table_11","2","5","Table 11. Thermal characteristics"
"H7","stm32h723ve","table_111","4","6","Table 111. MDIO slave timing parameters"
"H7","stm32h723ve","table_113","6","7","Table 113. Dynamics characteristics: eMMC characteristics VDD = 1.71V to 1.9V"
"H7","stm32h723ve","table_114","4","7","Table 114. USB OTG_FS electrical characteristics"
"H7","stm32h723ve","table_115","4","7","Table 115. Dynamics characteristics: USB ULPI"
"H7","stm32h723ve","table_19","3","7","Table 19. USB regulator characteristics"
"H7","stm32h723ve","table_24","2","7","Table 24. Typical current consumption in Autonomous mode"
"H7","stm32h723ve","table_26","6","10","Table 26. Typical and maximum current consumption in Stop mode"
"H7","stm32h723ve","table_27","4","13","Table 27. Typical and maximum current consumption in Standby mode"
"H7","stm32h723ve","table_28","4","13","Table 28. Typical and maximum current consumption in VBAT mode"
"H7","stm32h723ve","table_38","6","7","Table 38. LSI oscillator characteristics"
"H7","stm32h723ve","table_43","4","7","Table 43. Flash memory characteristics"
"H7","stm32h723ve","table_45","3","5","Table 45. Flash memory endurance and data retention"
"H7","stm32h723ve","table_47","5","6","Table 47. EMI characteristics for fHSE = 8 MHz and fCPU = 550 MHz"
"H7","stm32h723ve","table_48","3","7","Table 48. ESD absolute maximum ratings"
"H7","stm32h723ve","table_50","4","5","Table 50. I/O current injection susceptibility"
"H7","stm32h723ve","table_53","6","6","Table 53. Output voltage characteristics for PC13, PC14 and PC15"
"H7","stm32h723ve","table_56","6","7","Table 56. Pxy_C and Pxy analog switch characteristics"
"H7","stm32h723ve","table_57","4","7","Table 57. NRST pin characteristics"
"H7","stm32h723ve","table_59","5","5","Table 59. Asynchronous non-multiplexed SRAM/PSRAM/NOR read-NWAIT timings"
"H7","stm32h723ve","table_61","4","5","Table 61. Asynchronous non-multiplexed SRAM/PSRAM/NOR write-NWAIT timings"
"H7","stm32h723ve","table_63","4","5","Table 63. Asynchronous multiplexed PSRAM/NOR read-NWAIT timings"
"H7","stm32h723ve","table_65","4","5","Table 65. Asynchronous multiplexed PSRAM/NOR write-NWAIT timings"
"H7","stm32h723ve","table_70","5","5","Table 70. Switching characteristics for NAND flash read cycles"
"H7","stm32h723ve","table_71","6","5","Table 71. Switching characteristics for NAND flash write cycles"
"H7","stm32h723ve","table_79","2","7","Table 79. Delay Block characteristics"
"H7","stm32h723ve","table_80","4","7","Table 80. 16-bit ADC characteristics"
"H7","stm32h723ve","table_92","6","6","Table 92. V monitoring characteristics 183 BAT"
"H7","stm32h723ve","table_93","2","7","Table 93. V charging characteristics 183 BAT"
"H7","stm32h723ve","table_94","2","6","Table 94. Temperature monitoring characteristics"
"H7","stm32h723ve","table_95","4","7","Table 95. Voltage booster for analog switch characteristics"
"H7","stm32h725ae","table_107","5","6","Table 107. TIMx characteristics"
"H7","stm32h725ae","table_108","5","5","Table 108. LPTIMx characteristics"
"H7","stm32h725ae","table_109","5","6","Table 109. Minimum i2c_ker_ck frequency in all I2C modes"
"H7","stm32h725ae","table_110","1","5","Table 110. I2C analog filter characteristics"
"H7","stm32h725ae","table_115","4","6","Table 115. MDIO slave timing parameters"
"H7","stm32h725ae","table_117","6","7","Table 117. Dynamics characteristics: eMMC characteristics VDD = 1.71V to 1.9V"
"H7","stm32h725ae","table_118","4","7","Table 118. USB OTG_FS electrical characteristics"
"H7","stm32h725ae","table_119","4","7","Table 119. Dynamics characteristics: USB ULPI"
"H7","stm32h725ae","table_12","3","5","Table 12. Thermal characteristics"
"H7","stm32h725ae","table_23","5","7","Table 23. USB regulator characteristics"
"H7","stm32h725ae","table_28","2","8","Table 28. Typical current consumption in Autonomous mode"
"H7","stm32h725ae","table_31","4","14","Table 31. Typical and maximum current consumption in Standby mode"
"H7","stm32h725ae","table_32","4","14","Table 32. Typical and maximum current consumption in VBAT mode"
"H7","stm32h725ae","table_42","6","7","Table 42. LSI oscillator characteristics"
"H7","stm32h725ae","table_47","4","7","Table 47. Flash memory characteristics"
"H7","stm32h725ae","table_49","3","5","Table 49. Flash memory endurance and data retention"
"H7","stm32h725ae","table_51","5","6","Table 51. EMI characteristics for fHSE = 8 MHz and fCPU = 550 MHz"
"H7","stm32h725ae","table_52","3","7","Table 52. ESD absolute maximum ratings"
"H7","stm32h725ae","table_54","4","5","Table 54. I/O current injection susceptibility"
"H7","stm32h725ae","table_57","6","6","Table 57. Output voltage characteristics for PC13, PC14 and PC15"
"H7","stm32h725ae","table_60","6","7","Table 60. Pxy_C and Pxy analog switch characteristics"
"H7","stm32h725ae","table_61","4","7","Table 61. NRST pin characteristics"
"H7","stm32h725ae","table_63","5","5","Table 63. Asynchronous non-multiplexed SRAM/PSRAM/NOR read-NWAIT timings"
"H7","stm32h725ae","table_65","4","5","Table 65. Asynchronous non-multiplexed SRAM/PSRAM/NOR write-NWAIT timings"
"H7","stm32h725ae","table_67","4","5","Table 67. Asynchronous multiplexed PSRAM/NOR read-NWAIT timings"
"H7","stm32h725ae","table_69","4","5","Table 69. Asynchronous multiplexed PSRAM/NOR write-NWAIT timings"
"H7","stm32h725ae","table_74","5","5","Table 74. Switching characteristics for NAND flash read cycles"
"H7","stm32h725ae","table_75","6","5","Table 75. Switching characteristics for NAND flash write cycles"
"H7","stm32h725ae","table_83","2","7","Table 83. Delay Block characteristics"
"H7","stm32h725ae","table_84","4","7","Table 84. 16-bit ADC characteristics"
"H7","stm32h725ae","table_96","6","6","Table 96. V monitoring characteristics 216 BAT"
"H7","stm32h725ae","table_97","2","7","Table 97. V charging characteristics 216 BAT"
"H7","stm32h725ae","table_98","2","6","Table 98. Temperature monitoring characteristics"
"H7","stm32h725ae","table_99","4","7","Table 99. Voltage booster for analog switch characteristics"
"H7","stm32h730ab","table_106","5","6","Table 106. TIMx characteristics"
"H7","stm32h730ab","table_107","5","5","Table 107. LPTIMx characteristics"
"H7","stm32h730ab","table_108","5","6","Table 108. Minimum i2c_ker_ck frequency in all I2C modes"
"H7","stm32h730ab","table_109","1","5","Table 109. I2C analog filter characteristics"
"H7","stm32h730ab","table_11","2","5","Table 11. Thermal characteristics"
"H7","stm32h730ab","table_114","4","6","Table 114. MDIO slave timing parameters"
"H7","stm32h730ab","table_116","6","7","Table 116. Dynamics characteristics: eMMC characteristics VDD = 1.71V to 1.9V"
"H7","stm32h730ab","table_117","4","7","Table 117. USB OTG_FS electrical characteristics"
"H7","stm32h730ab","table_118","4","7","Table 118. Dynamics characteristics: USB ULPI"
"H7","stm32h730ab","table_22","5","7","Table 22. USB regulator characteristics"
"H7","stm32h730ab","table_27","2","8","Table 27. Typical current consumption in Autonomous mode"
"H7","stm32h730ab","table_30","4","14","Table 30. Typical and maximum current consumption in Standby mode"
"H7","stm32h730ab","table_31","4","14","Table 31. Typical and maximum current consumption in VBAT mode"
"H7","stm32h730ab","table_41","6","7","Table 41. LSI oscillator characteristics"
"H7","stm32h730ab","table_46","4","7","Table 46. Flash memory characteristics"
"H7","stm32h730ab","table_48","3","5","Table 48. Flash memory endurance and data retention"
"H7","stm32h730ab","table_50","5","6","Table 50. EMI characteristics for fHSE = 8 MHz and fCPU = 550 MHz"
"H7","stm32h730ab","table_51","4","7","Table 51. ESD absolute maximum ratings"
"H7","stm32h730ab","table_53","4","5","Table 53. I/O current injection susceptibility"
"H7","stm32h730ab","table_56","6","6","Table 56. Output voltage characteristics for PC13, PC14 and PC15"
"H7","stm32h730ab","table_59","6","7","Table 59. Pxy_C and Pxy analog switch characteristics"
"H7","stm32h730ab","table_60","4","7","Table 60. NRST pin characteristics"
"H7","stm32h730ab","table_62","5","5","Table 62. Asynchronous non-multiplexed SRAM/PSRAM/NOR read-NWAIT timings"
"H7","stm32h730ab","table_64","4","5","Table 64. Asynchronous non-multiplexed SRAM/PSRAM/NOR write-NWAIT timings"
"H7","stm32h730ab","table_66","4","5","Table 66. Asynchronous multiplexed PSRAM/NOR read-NWAIT timings"
"H7","stm32h730ab","table_68","4","5","Table 68. Asynchronous multiplexed PSRAM/NOR write-NWAIT timings"
"H7","stm32h730ab","table_73","5","5","Table 73. Switching characteristics for NAND flash read cycles"
"H7","stm32h730ab","table_74","6","5","Table 74. Switching characteristics for NAND flash write cycles"
"H7","stm32h730ab","table_82","2","7","Table 82. Delay Block characteristics"
"H7","stm32h730ab","table_83","4","7","Table 83. 16-bit ADC characteristics"
"H7","stm32h730ab","table_95","6","6","Table 95. V monitoring characteristics 207 BAT"
"H7","stm32h730ab","table_96","2","7","Table 96. V charging characteristics 207 BAT"
"H7","stm32h730ab","table_97","2","6","Table 97. Temperature monitoring characteristics"
"H7","stm32h730ab","table_98","4","7","Table 98. Voltage booster for analog switch characteristics"
"H7","stm32h733vg","table_103","5","6","Table 103. TIMx characteristics"
"H7","stm32h733vg","table_104","5","5","Table 104. LPTIMx characteristics"
"H7","stm32h733vg","table_105","5","6","Table 105. Minimum i2c_ker_ck frequency in all I2C modes"
"H7","stm32h733vg","table_106","1","5","Table 106. I2C analog filter characteristics"
"H7","stm32h733vg","table_11","2","5","Table 11. Thermal characteristics"
"H7","stm32h733vg","table_111","4","6","Table 111. MDIO slave timing parameters"
"H7","stm32h733vg","table_113","6","7","Table 113. Dynamics characteristics: eMMC characteristics VDD = 1.71V to 1.9V"
"H7","stm32h733vg","table_114","4","7","Table 114. USB OTG_FS electrical characteristics"
"H7","stm32h733vg","table_115","4","7","Table 115. Dynamics characteristics: USB ULPI"
"H7","stm32h733vg","table_19","3","7","Table 19. USB regulator characteristics"
"H7","stm32h733vg","table_24","2","7","Table 24. Typical current consumption in Autonomous mode"
"H7","stm32h733vg","table_26","6","10","Table 26. Typical and maximum current consumption in Stop mode"
"H7","stm32h733vg","table_27","4","13","Table 27. Typical and maximum current consumption in Standby mode"
"H7","stm32h733vg","table_28","4","13","Table 28. Typical and maximum current consumption in VBAT mode"
"H7","stm32h733vg","table_38","6","7","Table 38. LSI oscillator characteristics"
"H7","stm32h733vg","table_43","4","7","Table 43. Flash memory characteristics"
"H7","stm32h733vg","table_45","3","5","Table 45. Flash memory endurance and data retention"
"H7","stm32h733vg","table_47","5","6","Table 47. EMI characteristics for fHSE = 8 MHz and fCPU = 550 MHz"
"H7","stm32h733vg","table_48","3","7","Table 48. ESD absolute maximum ratings"
"H7","stm32h733vg","table_50","4","5","Table 50. I/O current injection susceptibility"
"H7","stm32h733vg","table_53","6","6","Table 53. Output voltage characteristics for PC13, PC14 and PC15"
"H7","stm32h733vg","table_56","6","7","Table 56. Pxy_C and Pxy analog switch characteristics"
"H7","stm32h733vg","table_57","4","7","Table 57. NRST pin characteristics"
"H7","stm32h733vg","table_59","5","5","Table 59. Asynchronous non-multiplexed SRAM/PSRAM/NOR read-NWAIT timings"
"H7","stm32h733vg","table_61","4","5","Table 61. Asynchronous non-multiplexed SRAM/PSRAM/NOR write-NWAIT timings"
"H7","stm32h733vg","table_63","4","5","Table 63. Asynchronous multiplexed PSRAM/NOR read-NWAIT timings"
"H7","stm32h733vg","table_65","4","5","Table 65. Asynchronous multiplexed PSRAM/NOR write-NWAIT timings"
"H7","stm32h733vg","table_70","5","5","Table 70. Switching characteristics for NAND flash read cycles"
"H7","stm32h733vg","table_71","6","5","Table 71. Switching characteristics for NAND flash write cycles"
"H7","stm32h733vg","table_79","2","7","Table 79. Delay Block characteristics"
"H7","stm32h733vg","table_80","4","7","Table 80. 16-bit ADC characteristics"
"H7","stm32h733vg","table_92","6","6","Table 92. V monitoring characteristics 184 BAT"
"H7","stm32h733vg","table_93","2","7","Table 93. V charging characteristics 184 BAT"
"H7","stm32h733vg","table_94","2","6","Table 94. Temperature monitoring characteristics"
"H7","stm32h733vg","table_95","4","7","Table 95. Voltage booster for analog switch characteristics"
"H7","stm32h735ag","table_107","5","6","Table 107. TIMx characteristics"
"H7","stm32h735ag","table_108","5","5","Table 108. LPTIMx characteristics"
"H7","stm32h735ag","table_109","5","6","Table 109. Minimum i2c_ker_ck frequency in all I2C modes"
"H7","stm32h735ag","table_110","1","5","Table 110. I2C analog filter characteristics"
"H7","stm32h735ag","table_115","4","6","Table 115. MDIO slave timing parameters"
"H7","stm32h735ag","table_117","6","7","Table 117. Dynamics characteristics: eMMC characteristics VDD = 1.71V to 1.9V"
"H7","stm32h735ag","table_118","4","7","Table 118. USB OTG_FS electrical characteristics"
"H7","stm32h735ag","table_119","4","7","Table 119. Dynamics characteristics: USB ULPI"
"H7","stm32h735ag","table_12","3","5","Table 12. Thermal characteristics"
"H7","stm32h735ag","table_23","5","7","Table 23. USB regulator characteristics"
"H7","stm32h735ag","table_28","2","8","Table 28. Typical current consumption in Autonomous mode"
"H7","stm32h735ag","table_31","4","14","Table 31. Typical and maximum current consumption in Standby mode"
"H7","stm32h735ag","table_32","4","14","Table 32. Typical and maximum current consumption in VBAT mode"
"H7","stm32h735ag","table_42","6","7","Table 42. LSI oscillator characteristics"
"H7","stm32h735ag","table_47","4","7","Table 47. Flash memory characteristics"
"H7","stm32h735ag","table_49","3","5","Table 49. Flash memory endurance and data retention"
"H7","stm32h735ag","table_51","5","6","Table 51. EMI characteristics for fHSE = 8 MHz and fCPU = 550 MHz"
"H7","stm32h735ag","table_52","3","7","Table 52. ESD absolute maximum ratings"
"H7","stm32h735ag","table_54","4","5","Table 54. I/O current injection susceptibility"
"H7","stm32h735ag","table_57","6","6","Table 57. Output voltage characteristics for PC13, PC14 and PC15"
"H7","stm32h735ag","table_60","6","7","Table 60. Pxy_C and Pxy analog switch characteristics"
"H7","stm32h735ag","table_61","4","7","Table 61. NRST pin characteristics"
"H7","stm32h735ag","table_63","5","5","Table 63. Asynchronous non-multiplexed SRAM/PSRAM/NOR read-NWAIT timings"
"H7","stm32h735ag","table_65","4","5","Table 65. Asynchronous non-multiplexed SRAM/PSRAM/NOR write-NWAIT timings"
"H7","stm32h735ag","table_67","4","5","Table 67. Asynchronous multiplexed PSRAM/NOR read-NWAIT timings"
"H7","stm32h735ag","table_69","4","5","Table 69. Asynchronous multiplexed PSRAM/NOR write-NWAIT timings"
"H7","stm32h735ag","table_74","5","5","Table 74. Switching characteristics for NAND flash read cycles"
"H7","stm32h735ag","table_75","6","5","Table 75. Switching characteristics for NAND flash write cycles"
"H7","stm32h735ag","table_83","2","7","Table 83. Delay Block characteristics"
"H7","stm32h735ag","table_84","4","7","Table 84. 16-bit ADC characteristics"
"H7","stm32h735ag","table_96","6","6","Table 96. V monitoring characteristics 218 BAT"
"H7","stm32h735ag","table_97","2","7","Table 97. V charging characteristics 218 BAT"
"H7","stm32h735ag","table_98","2","6","Table 98. Temperature monitoring characteristics"
"H7","stm32h735ag","table_99","4","7","Table 99. Voltage booster for analog switch characteristics"
"H7","stm32h742ag","table_102","4","7","Table 102. USB OTG_FS electrical characteristics"
"H7","stm32h742ag","table_103","4","7","Table 103. Dynamic characteristics: USB ULPI"
"H7","stm32h742ag","table_104","4","6","Table 104. Dynamics characteristics: Ethernet MAC signals for SMI"
"H7","stm32h742ag","table_113","6","5","Table 113. Supply voltage and maximum frequency configuration"
"H7","stm32h742ag","table_115","6","5","Table 115. Operating conditions at power-up / power-down (regulator ON)"
"H7","stm32h742ag","table_122","4","11","Table 122. Typical and maximum current consumption batch acquisition mode, LDO r"
"H7","stm32h742ag","table_125","4","13","Table 125. Typical and maximum current consumption in Standby"
"H7","stm32h742ag","table_126","4","13","Table 126. Typical and maximum current consumption in VBAT mode"
"H7","stm32h742ag","table_135","5","7","Table 135. CSI oscillator characteristics"
"H7","stm32h742ag","table_139","4","7","Table 139. Flash memory characteristics"
"H7","stm32h742ag","table_141","3","5","Table 141. Flash memory endurance and data retention"
"H7","stm32h742ag","table_143","5","6","Table 143. EMI characteristics for fHSE = 8 MHz and fCPU = 400 MHz"
"H7","stm32h742ag","table_144","2","7","Table 144. ESD absolute maximum ratings"
"H7","stm32h742ag","table_146","4","5","Table 146. I/O current injection susceptibility"
"H7","stm32h742ag","table_149","6","6","Table 149. Output voltage characteristics for PC13, PC14, PC15 and PI8"
"H7","stm32h742ag","table_152","4","7","Table 152. NRST pin characteristics"
"H7","stm32h742ag","table_154","5","5","Table 154. Asynchronous non-multiplexed SRAM/PSRAM/NOR read-NWAIT timings"
"H7","stm32h742ag","table_156","4","5","Table 156. Asynchronous non-multiplexed SRAM/PSRAM/NOR write-NWAIT timings"
"H7","stm32h742ag","table_158","4","5","Table 158. Asynchronous multiplexed PSRAM/NOR read-NWAIT timings"
"H7","stm32h742ag","table_16","6","5","Table 16. Operating conditions at power-up / power-down (regulator ON)"
"H7","stm32h742ag","table_160","4","5","Table 160. Asynchronous multiplexed PSRAM/NOR write-NWAIT timings"
"H7","stm32h742ag","table_165","5","5","Table 165. Switching characteristics for NAND flash read cycles"
"H7","stm32h742ag","table_166","6","5","Table 166. Switching characteristics for NAND flash write cycles"
"H7","stm32h742ag","table_173","2","7","Table 173. Delay Block characteristics"
"H7","stm32h742ag","table_182","6","6","Table 182. V monitoring characteristics 287 BAT"
"H7","stm32h742ag","table_183","2","7","Table 183. V charging characteristics 287 BAT"
"H7","stm32h742ag","table_184","2","6","Table 184. Temperature monitoring characteristics"
"H7","stm32h742ag","table_185","4","7","Table 185. Voltage booster for analog switch characteristics"
"H7","stm32h742ag","table_191","5","6","Table 191. TIMx characteristics"
"H7","stm32h742ag","table_192","5","6","Table 192. Minimum i2c_ker_ck frequency in all I2C modes"
"H7","stm32h742ag","table_193","1","5","Table 193. I2C analog filter characteristics"
"H7","stm32h742ag","table_198","4","6","Table 198. MDIO Slave timing parameters"
"H7","stm32h742ag","table_200","6","7","Table 200. Dynamics characteristics: eMMC characteristics VDD = 1.71V to 1.9V"
"H7","stm32h742ag","table_201","4","7","Table 201. USB OTG_FS electrical characteristics"
"H7","stm32h742ag","table_202","5","7","Table 202. Dynamics characteristics: USB ULPI"
"H7","stm32h742ag","table_219","5","7","Table 219. TFBGA240+25 - Tolerance of form and position"
"H7","stm32h742ag","table_24","2","7","Table 24. Typical current consumption batch acquisition mode"
"H7","stm32h742ag","table_25","5","11","Table 25. Typical and maximum current consumption in Sleep mode, regulator ON"
"H7","stm32h742ag","table_28","4","13","Table 28. Typical and maximum current consumption in VBAT mode"
"H7","stm32h742ag","table_30","4","5","Table 30. Peripheral current consumption in Stop, Standby and VBAT mode"
"H7","stm32h742ag","table_38","3","7","Table 38. CSI oscillator characteristics"
"H7","stm32h742ag","table_39","5","7","Table 39. LSI oscillator characteristics"
"H7","stm32h742ag","table_40","2","7","Table 40. PLL characteristics (wide VCO frequency range)"
"H7","stm32h742ag","table_42","4","7","Table 42. Flash memory characteristics"
"H7","stm32h742ag","table_44","3","5","Table 44. Flash memory endurance and data retention"
"H7","stm32h742ag","table_46","5","6","Table 46. EMI characteristics for fHSE = 8 MHz and fCPU = 400 MHz"
"H7","stm32h742ag","table_47","2","7","Table 47. ESD absolute maximum ratings"
"H7","stm32h742ag","table_49","4","5","Table 49. I/O current injection susceptibility"
"H7","stm32h742ag","table_50","6","7","Table 50. I/O static characteristics"
"H7","stm32h742ag","table_52","6","6","Table 52. Output voltage characteristics for PC13, PC14, PC15 and PI8"
"H7","stm32h742ag","table_55","4","7","Table 55. NRST pin characteristics"
"H7","stm32h742ag","table_63","4","5","Table 63. Asynchronous multiplexed PSRAM/NOR write-NWAIT timings"
"H7","stm32h742ag","table_68","5","5","Table 68. Switching characteristics for NAND flash read cycles"
"H7","stm32h742ag","table_69","6","5","Table 69. Switching characteristics for NAND flash write cycles"
"H7","stm32h742ag","table_76","2","7","Table 76. Dynamics characteristics: Delay Block characteristics"
"H7","stm32h742ag","table_84","6","6","Table 84. V monitoring characteristics 176 BAT"
"H7","stm32h742ag","table_85","2","7","Table 85. V charging characteristics 176 BAT"
"H7","stm32h742ag","table_86","2","6","Table 86. Temperature monitoring characteristics"
"H7","stm32h742ag","table_87","4","7","Table 87. Voltage booster for analog switch characteristics"
"H7","stm32h742ag","table_93","5","6","Table 93. TIMx characteristics"
"H7","stm32h742ag","table_94","5","6","Table 94. Minimum i2c_ker_ck frequency in all I2C modes"
"H7","stm32h742ag","table_95","1","5","Table 95. I2C analog filter characteristics"
"H7","stm32h742ag","table_99","4","6","Table 99. MDIO Slave timing parameters"
"H7","stm32h745bg","table_103","5","6","Table 103. TIMx characteristics"
"H7","stm32h745bg","table_104","5","6","Table 104. Minimum i2c_ker_ck frequency in all I2C modes"
"H7","stm32h745bg","table_105","1","5","Table 105. I2C analog filter characteristics"
"H7","stm32h745bg","table_110","4","6","Table 110. MDIO Slave timing parameters"
"H7","stm32h745bg","table_112","6","7","Table 112. Dynamics characteristics: eMMC characteristics VDD = 1.71V to 1.9V"
"H7","stm32h745bg","table_113","4","7","Table 113. USB OTG_FS electrical characteristics"
"H7","stm32h745bg","table_114","5","7","Table 114. Dynamics characteristics: USB ULPI"
"H7","stm32h745bg","table_126","5","7","Table 126. TFBGA240+25 - Tolerance of form and position"
"H7","stm32h745bg","table_23","6","13","Table 23. Typical and maximum current consumption in Run mode, code with data pr"
"H7","stm32h745bg","table_27","6","12","Table 27. Typical and maximum current consumption in Run mode, code with data pr"
"H7","stm32h745bg","table_30","4","12","Table 30. Typical and maximum current consumption batch acquisition mode, LDO re"
"H7","stm32h745bg","table_32","6","11","Table 32. Typical and maximum current consumption in Run mode, code with data pr"
"H7","stm32h745bg","table_37","4","14","Table 37. Typical and maximum current consumption in Standby"
"H7","stm32h745bg","table_38","4","14","Table 38. Typical and maximum current consumption in VBAT mode"
"H7","stm32h745bg","table_47","5","7","Table 47. CSI oscillator characteristics"
"H7","stm32h745bg","table_51","4","7","Table 51. Flash memory characteristics"
"H7","stm32h745bg","table_53","3","5","Table 53. Flash memory endurance and data retention"
"H7","stm32h745bg","table_55","5","6","Table 55. EMI characteristics for fHSE = 8 MHz and fCPU = 400 MHz"
"H7","stm32h745bg","table_56","2","7","Table 56. ESD absolute maximum ratings"
"H7","stm32h745bg","table_58","4","5","Table 58. I/O current injection susceptibility"
"H7","stm32h745bg","table_61","6","6","Table 61. Output voltage characteristics for PC13, PC14, PC15 and PI8"
"H7","stm32h745bg","table_64","4","7","Table 64. NRST pin characteristics"
"H7","stm32h745bg","table_66","5","5","Table 66. Asynchronous non-multiplexed SRAM/PSRAM/NOR read-NWAIT timings"
"H7","stm32h745bg","table_68","4","5","Table 68. Asynchronous non-multiplexed SRAM/PSRAM/NOR write-NWAIT timings"
"H7","stm32h745bg","table_70","4","5","Table 70. Asynchronous multiplexed PSRAM/NOR read-NWAIT timings"
"H7","stm32h745bg","table_72","4","5","Table 72. Asynchronous multiplexed PSRAM/NOR write-NWAIT timings"
"H7","stm32h745bg","table_77","5","5","Table 77. Switching characteristics for NAND flash read cycles"
"H7","stm32h745bg","table_78","6","5","Table 78. Switching characteristics for NAND flash write cycles"
"H7","stm32h745bg","table_85","2","7","Table 85. Delay Block characteristics"
"H7","stm32h745bg","table_94","6","6","Table 94. V monitoring characteristics 191 BAT"
"H7","stm32h745bg","table_95","2","7","Table 95. V charging characteristics 191 BAT"
"H7","stm32h745bg","table_96","2","6","Table 96. Temperature monitoring characteristics"
"H7","stm32h745bg","table_97","4","7","Table 97. Voltage booster for analog switch characteristics"
"H7","stm32h747ag","table_100","4","7","Table 100. Voltage booster for analog switch characteristics"
"H7","stm32h747ag","table_106","5","6","Table 106. TIMx characteristics"
"H7","stm32h747ag","table_107","5","6","Table 107. Minimum i2c_ker_ck frequency in all I2C modes"
"H7","stm32h747ag","table_108","1","5","Table 108. I2C analog filter characteristics"
"H7","stm32h747ag","table_113","4","6","Table 113. MDIO Slave timing parameters"
"H7","stm32h747ag","table_115","6","7","Table 115. Dynamics characteristics: eMMC characteristics VDD = 1.71V to 1.9V"
"H7","stm32h747ag","table_116","4","7","Table 116. USB OTG_FS electrical characteristics"
"H7","stm32h747ag","table_117","5","7","Table 117. Dynamics characteristics: USB ULPI"
"H7","stm32h747ag","table_130","5","7","Table 130. TFBGA240+25 - Tolerance of form and position"
"H7","stm32h747ag","table_30","4","11","Table 30. Typical and maximum current consumption batch acquisition mode, LDO re"
"H7","stm32h747ag","table_32","6","10","Table 32. Typical and maximum current consumption in Run mode, code with data pr"
"H7","stm32h747ag","table_37","4","13","Table 37. Typical and maximum current consumption in Standby"
"H7","stm32h747ag","table_38","4","13","Table 38. Typical and maximum current consumption in VBAT mode"
"H7","stm32h747ag","table_47","5","7","Table 47. CSI oscillator characteristics"
"H7","stm32h747ag","table_54","4","7","Table 54. Flash memory characteristics"
"H7","stm32h747ag","table_56","3","5","Table 56. Flash memory endurance and data retention"
"H7","stm32h747ag","table_58","5","6","Table 58. EMI characteristics for fHSE = 8 MHz and fCPU = 400 MHz"
"H7","stm32h747ag","table_59","2","7","Table 59. ESD absolute maximum ratings"
"H7","stm32h747ag","table_61","4","5","Table 61. I/O current injection susceptibility"
"H7","stm32h747ag","table_64","6","6","Table 64. Output voltage characteristics for PC13, PC14, PC15 and PI8"
"H7","stm32h747ag","table_67","4","7","Table 67. NRST pin characteristics"
"H7","stm32h747ag","table_69","5","5","Table 69. Asynchronous non-multiplexed SRAM/PSRAM/NOR read-NWAIT timings"
"H7","stm32h747ag","table_71","4","5","Table 71. Asynchronous non-multiplexed SRAM/PSRAM/NOR write-NWAIT timings"
"H7","stm32h747ag","table_73","4","5","Table 73. Asynchronous multiplexed PSRAM/NOR read-NWAIT timings"
"H7","stm32h747ag","table_75","4","5","Table 75. Asynchronous multiplexed PSRAM/NOR write-NWAIT timings"
"H7","stm32h747ag","table_80","5","5","Table 80. Switching characteristics for NAND flash read cycles"
"H7","stm32h747ag","table_81","6","5","Table 81. Switching characteristics for NAND flash write cycles"
"H7","stm32h747ag","table_88","2","7","Table 88. Delay Block characteristics"
"H7","stm32h747ag","table_97","6","6","Table 97. V monitoring characteristics 199 BAT"
"H7","stm32h747ag","table_98","2","7","Table 98. V charging characteristics 199 BAT"
"H7","stm32h747ag","table_99","2","6","Table 99. Temperature monitoring characteristics"
"H7","stm32h750ib","table_100","4","7","Table 100. USB OTG_FS electrical characteristics"
"H7","stm32h750ib","table_101","4","7","Table 101. Dynamic characteristics: USB ULPI"
"H7","stm32h750ib","table_102","4","6","Table 102. Dynamics characteristics: Ethernet MAC signals for SMI"
"H7","stm32h750ib","table_111","6","5","Table 111. Supply voltage and maximum frequency configuration"
"H7","stm32h750ib","table_113","6","5","Table 113. Operating conditions at power-up / power-down (regulator ON)"
"H7","stm32h750ib","table_120","4","11","Table 120. Typical and maximum current consumption batch acquisition mode, LDO r"
"H7","stm32h750ib","table_123","4","13","Table 123. Typical and maximum current consumption in Standby"
"H7","stm32h750ib","table_124","4","13","Table 124. Typical and maximum current consumption in VBAT mode"
"H7","stm32h750ib","table_133","5","7","Table 133. CSI oscillator characteristics"
"H7","stm32h750ib","table_137","4","7","Table 137. Flash memory characteristics"
"H7","stm32h750ib","table_139","3","5","Table 139. Flash memory endurance and data retention"
"H7","stm32h750ib","table_14","6","5","Table 14. Operating conditions at power-up / power-down (regulator ON)"
"H7","stm32h750ib","table_141","5","6","Table 141. EMI characteristics for fHSE = 8 MHz and fCPU = 400 MHz"
"H7","stm32h750ib","table_142","2","7","Table 142. ESD absolute maximum ratings"
"H7","stm32h750ib","table_144","4","5","Table 144. I/O current injection susceptibility"
"H7","stm32h750ib","table_147","6","6","Table 147. Output voltage characteristics for PC13, PC14, PC15 and PI8"
"H7","stm32h750ib","table_150","4","7","Table 150. NRST pin characteristics"
"H7","stm32h750ib","table_152","5","5","Table 152. Asynchronous non-multiplexed SRAM/PSRAM/NOR read-NWAIT timings"
"H7","stm32h750ib","table_154","4","5","Table 154. Asynchronous non-multiplexed SRAM/PSRAM/NOR write-NWAIT timings"
"H7","stm32h750ib","table_156","4","5","Table 156. Asynchronous multiplexed PSRAM/NOR read-NWAIT timings"
"H7","stm32h750ib","table_158","4","5","Table 158. Asynchronous multiplexed PSRAM/NOR write-NWAIT timings"
"H7","stm32h750ib","table_163","5","5","Table 163. Switching characteristics for NAND flash read cycles"
"H7","stm32h750ib","table_164","6","5","Table 164. Switching characteristics for NAND flash write cycles"
"H7","stm32h750ib","table_171","2","7","Table 171. Delay Block characteristics"
"H7","stm32h750ib","table_180","6","6","Table 180. V monitoring characteristics 277 BAT"
"H7","stm32h750ib","table_181","2","7","Table 181. V charging characteristics 277 BAT"
"H7","stm32h750ib","table_182","2","6","Table 182. Temperature monitoring characteristics"
"H7","stm32h750ib","table_183","4","7","Table 183. Voltage booster for analog switch characteristics"
"H7","stm32h750ib","table_189","5","6","Table 189. TIMx characteristics"
"H7","stm32h750ib","table_190","5","6","Table 190. Minimum i2c_ker_ck frequency in all I2C modes"
"H7","stm32h750ib","table_191","1","5","Table 191. I2C analog filter characteristics"
"H7","stm32h750ib","table_196","4","6","Table 196. MDIO Slave timing parameters"
"H7","stm32h750ib","table_198","6","7","Table 198. Dynamics characteristics: eMMC characteristics VDD = 1.71V to 1.9V"
"H7","stm32h750ib","table_199","4","7","Table 199. USB OTG_FS electrical characteristics"
"H7","stm32h750ib","table_200","5","7","Table 200. Dynamics characteristics: USB ULPI"
"H7","stm32h750ib","table_212","5","7","Table 212. TFBGA240+25 - Tolerance of form and position"
"H7","stm32h750ib","table_22","2","7","Table 22. Typical current consumption batch acquisition mode"
"H7","stm32h750ib","table_23","5","11","Table 23. Typical and maximum current consumption in Sleep mode, regulator ON"
"H7","stm32h750ib","table_26","4","13","Table 26. Typical and maximum current consumption in VBAT mode"
"H7","stm32h750ib","table_28","4","5","Table 28. Peripheral current consumption in Stop, Standby and VBAT mode"
"H7","stm32h750ib","table_36","3","7","Table 36. CSI oscillator characteristics"
"H7","stm32h750ib","table_37","5","7","Table 37. LSI oscillator characteristics"
"H7","stm32h750ib","table_38","2","7","Table 38. PLL characteristics (wide VCO frequency range)"
"H7","stm32h750ib","table_40","4","7","Table 40. Flash memory characteristics"
"H7","stm32h750ib","table_42","3","5","Table 42. Flash memory endurance and data retention"
"H7","stm32h750ib","table_44","5","6","Table 44. EMI characteristics for fHSE = 8 MHz and fCPU = 400 MHz"
"H7","stm32h750ib","table_45","2","7","Table 45. ESD absolute maximum ratings"
"H7","stm32h750ib","table_47","4","5","Table 47. I/O current injection susceptibility"
"H7","stm32h750ib","table_48","6","7","Table 48. I/O static characteristics"
"H7","stm32h750ib","table_50","6","6","Table 50. Output voltage characteristics for PC13, PC14, PC15 and PI8"
"H7","stm32h750ib","table_53","4","7","Table 53. NRST pin characteristics"
"H7","stm32h750ib","table_61","4","5","Table 61. Asynchronous multiplexed PSRAM/NOR write-NWAIT timings"
"H7","stm32h750ib","table_66","5","5","Table 66. Switching characteristics for NAND flash read cycles"
"H7","stm32h750ib","table_67","6","5","Table 67. Switching characteristics for NAND flash write cycles"
"H7","stm32h750ib","table_74","2","7","Table 74. Dynamics characteristics: Delay Block characteristics"
"H7","stm32h750ib","table_82","6","6","Table 82. V monitoring characteristics 166 BAT"
"H7","stm32h750ib","table_83","2","7","Table 83. V charging characteristics 166 BAT"
"H7","stm32h750ib","table_84","2","6","Table 84. Temperature monitoring characteristics"
"H7","stm32h750ib","table_85","4","7","Table 85. Voltage booster for analog switch characteristics"
"H7","stm32h750ib","table_91","5","6","Table 91. TIMx characteristics"
"H7","stm32h750ib","table_92","5","6","Table 92. Minimum i2c_ker_ck frequency in all I2C modes"
"H7","stm32h750ib","table_93","1","5","Table 93. I2C analog filter characteristics"
"H7","stm32h750ib","table_97","4","6","Table 97. MDIO Slave timing parameters"
"H7","stm32h750ib","table_99","6","7","Table 99. Dynamic characteristics: eMMC characteristics, VDD = 1.71 to 1.9 V"
"H7","stm32h753ai","table_101","4","7","Table 101. USB OTG_FS electrical characteristics"
"H7","stm32h753ai","table_102","4","7","Table 102. Dynamic characteristics: USB ULPI"
"H7","stm32h753ai","table_103","4","6","Table 103. Dynamics characteristics: Ethernet MAC signals for SMI"
"H7","stm32h753ai","table_112","6","5","Table 112. Supply voltage and maximum frequency configuration"
"H7","stm32h753ai","table_114","6","5","Table 114. Operating conditions at power-up / power-down (regulator ON)"
"H7","stm32h753ai","table_121","4","11","Table 121. Typical and maximum current consumption batch acquisition mode, LDO r"
"H7","stm32h753ai","table_124","4","13","Table 124. Typical and maximum current consumption in Standby"
"H7","stm32h753ai","table_125","4","13","Table 125. Typical and maximum current consumption in VBAT mode"
"H7","stm32h753ai","table_134","5","7","Table 134. CSI oscillator characteristics"
"H7","stm32h753ai","table_138","4","7","Table 138. Flash memory characteristics"
"H7","stm32h753ai","table_140","3","5","Table 140. Flash memory endurance and data retention"
"H7","stm32h753ai","table_142","5","6","Table 142. EMI characteristics for fHSE = 8 MHz and fCPU = 400 MHz"
"H7","stm32h753ai","table_143","2","7","Table 143. ESD absolute maximum ratings"
"H7","stm32h753ai","table_145","4","5","Table 145. I/O current injection susceptibility"
"H7","stm32h753ai","table_148","6","6","Table 148. Output voltage characteristics for PC13, PC14, PC15 and PI8"
"H7","stm32h753ai","table_15","6","5","Table 15. Operating conditions at power-up / power-down (regulator ON)"
"H7","stm32h753ai","table_151","4","7","Table 151. NRST pin characteristics"
"H7","stm32h753ai","table_153","5","5","Table 153. Asynchronous non-multiplexed SRAM/PSRAM/NOR read-NWAIT timings"
"H7","stm32h753ai","table_155","4","5","Table 155. Asynchronous non-multiplexed SRAM/PSRAM/NOR write-NWAIT timings"
"H7","stm32h753ai","table_157","4","5","Table 157. Asynchronous multiplexed PSRAM/NOR read-NWAIT timings"
"H7","stm32h753ai","table_159","4","5","Table 159. Asynchronous multiplexed PSRAM/NOR write-NWAIT timings"
"H7","stm32h753ai","table_164","5","5","Table 164. Switching characteristics for NAND flash read cycles"
"H7","stm32h753ai","table_165","6","5","Table 165. Switching characteristics for NAND flash write cycles"
"H7","stm32h753ai","table_172","2","7","Table 172. Delay Block characteristics"
"H7","stm32h753ai","table_181","6","6","Table 181. V monitoring characteristics 287 BAT"
"H7","stm32h753ai","table_182","2","7","Table 182. V charging characteristics 287 BAT"
"H7","stm32h753ai","table_183","2","6","Table 183. Temperature monitoring characteristics"
"H7","stm32h753ai","table_184","4","7","Table 184. Voltage booster for analog switch characteristics"
"H7","stm32h753ai","table_190","5","6","Table 190. TIMx characteristics"
"H7","stm32h753ai","table_191","5","6","Table 191. Minimum i2c_ker_ck frequency in all I2C modes"
"H7","stm32h753ai","table_192","1","5","Table 192. I2C analog filter characteristics"
"H7","stm32h753ai","table_197","4","6","Table 197. MDIO Slave timing parameters"
"H7","stm32h753ai","table_199","6","7","Table 199. Dynamics characteristics: eMMC characteristics VDD = 1.71V to 1.9V"
"H7","stm32h753ai","table_200","4","7","Table 200. USB OTG_FS electrical characteristics"
"H7","stm32h753ai","table_201","5","7","Table 201. Dynamics characteristics: USB ULPI"
"H7","stm32h753ai","table_218","5","7","Table 218. TFBGA240+25 - Tolerance of form and position"
"H7","stm32h753ai","table_23","2","7","Table 23. Typical current consumption batch acquisition mode"
"H7","stm32h753ai","table_24","5","11","Table 24. Typical and maximum current consumption in Sleep mode, regulator ON"
"H7","stm32h753ai","table_27","4","13","Table 27. Typical and maximum current consumption in VBAT mode"
"H7","stm32h753ai","table_29","4","5","Table 29. Peripheral current consumption in Stop, Standby and VBAT mode"
"H7","stm32h753ai","table_37","3","7","Table 37. CSI oscillator characteristics"
"H7","stm32h753ai","table_38","5","7","Table 38. LSI oscillator characteristics"
"H7","stm32h753ai","table_39","2","7","Table 39. PLL characteristics (wide VCO frequency range)"
"H7","stm32h753ai","table_41","4","7","Table 41. Flash memory characteristics"
"H7","stm32h753ai","table_43","3","5","Table 43. Flash memory endurance and data retention"
"H7","stm32h753ai","table_45","5","6","Table 45. EMI characteristics for fHSE = 8 MHz and fCPU = 400 MHz"
"H7","stm32h753ai","table_46","2","7","Table 46. ESD absolute maximum ratings"
"H7","stm32h753ai","table_48","4","5","Table 48. I/O current injection susceptibility"
"H7","stm32h753ai","table_49","6","7","Table 49. I/O static characteristics"
"H7","stm32h753ai","table_51","6","6","Table 51. Output voltage characteristics for PC13, PC14, PC15 and PI8"
"H7","stm32h753ai","table_54","4","7","Table 54. NRST pin characteristics"
"H7","stm32h753ai","table_62","4","5","Table 62. Asynchronous multiplexed PSRAM/NOR write-NWAIT timings"
"H7","stm32h753ai","table_67","5","5","Table 67. Switching characteristics for NAND flash read cycles"
"H7","stm32h753ai","table_68","6","5","Table 68. Switching characteristics for NAND flash write cycles"
"H7","stm32h753ai","table_75","2","7","Table 75. Dynamics characteristics: Delay Block characteristics"
"H7","stm32h753ai","table_83","6","6","Table 83. V monitoring characteristics 176 BAT"
"H7","stm32h753ai","table_84","2","7","Table 84. V charging characteristics 176 BAT"
"H7","stm32h753ai","table_85","2","6","Table 85. Temperature monitoring characteristics"
"H7","stm32h753ai","table_86","4","7","Table 86. Voltage booster for analog switch characteristics"
"H7","stm32h753ai","table_92","5","6","Table 92. TIMx characteristics"
"H7","stm32h753ai","table_93","5","6","Table 93. Minimum i2c_ker_ck frequency in all I2C modes"
"H7","stm32h753ai","table_94","1","5","Table 94. I2C analog filter characteristics"
"H7","stm32h753ai","table_98","4","6","Table 98. MDIO Slave timing parameters"
"H7","stm32h755bi","table_103","5","6","Table 103. TIMx characteristics"
"H7","stm32h755bi","table_104","5","6","Table 104. Minimum i2c_ker_ck frequency in all I2C modes"
"H7","stm32h755bi","table_105","1","5","Table 105. I2C analog filter characteristics"
"H7","stm32h755bi","table_110","4","6","Table 110. MDIO Slave timing parameters"
"H7","stm32h755bi","table_112","6","7","Table 112. Dynamics characteristics: eMMC characteristics VDD = 1.71V to 1.9V"
"H7","stm32h755bi","table_113","4","7","Table 113. USB OTG_FS electrical characteristics"
"H7","stm32h755bi","table_114","5","7","Table 114. Dynamics characteristics: USB ULPI"
"H7","stm32h755bi","table_126","5","7","Table 126. TFBGA240+25 - Tolerance of form and position"
"H7","stm32h755bi","table_23","6","13","Table 23. Typical and maximum current consumption in Run mode, code with data pr"
"H7","stm32h755bi","table_27","6","12","Table 27. Typical and maximum current consumption in Run mode, code with data pr"
"H7","stm32h755bi","table_30","4","12","Table 30. Typical and maximum current consumption batch acquisition mode, LDO re"
"H7","stm32h755bi","table_32","6","11","Table 32. Typical and maximum current consumption in Run mode, code with data pr"
"H7","stm32h755bi","table_37","4","14","Table 37. Typical and maximum current consumption in Standby"
"H7","stm32h755bi","table_38","4","14","Table 38. Typical and maximum current consumption in VBAT mode"
"H7","stm32h755bi","table_47","5","7","Table 47. CSI oscillator characteristics"
"H7","stm32h755bi","table_51","4","7","Table 51. Flash memory characteristics"
"H7","stm32h755bi","table_53","3","5","Table 53. Flash memory endurance and data retention"
"H7","stm32h755bi","table_55","5","6","Table 55. EMI characteristics for fHSE = 8 MHz and fCPU = 400 MHz"
"H7","stm32h755bi","table_56","2","7","Table 56. ESD absolute maximum ratings"
"H7","stm32h755bi","table_58","4","5","Table 58. I/O current injection susceptibility"
"H7","stm32h755bi","table_61","6","6","Table 61. Output voltage characteristics for PC13, PC14, PC15 and PI8"
"H7","stm32h755bi","table_64","4","7","Table 64. NRST pin characteristics"
"H7","stm32h755bi","table_66","5","5","Table 66. Asynchronous non-multiplexed SRAM/PSRAM/NOR read-NWAIT timings"
"H7","stm32h755bi","table_68","4","5","Table 68. Asynchronous non-multiplexed SRAM/PSRAM/NOR write-NWAIT timings"
"H7","stm32h755bi","table_70","4","5","Table 70. Asynchronous multiplexed PSRAM/NOR read-NWAIT timings"
"H7","stm32h755bi","table_72","4","5","Table 72. Asynchronous multiplexed PSRAM/NOR write-NWAIT timings"
"H7","stm32h755bi","table_77","5","5","Table 77. Switching characteristics for NAND flash read cycles"
"H7","stm32h755bi","table_78","6","5","Table 78. Switching characteristics for NAND flash write cycles"
"H7","stm32h755bi","table_85","2","7","Table 85. Delay Block characteristics"
"H7","stm32h755bi","table_94","6","6","Table 94. V monitoring characteristics 192 BAT"
"H7","stm32h755bi","table_95","2","7","Table 95. V charging characteristics 192 BAT"
"H7","stm32h755bi","table_96","2","6","Table 96. Temperature monitoring characteristics"
"H7","stm32h755bi","table_97","4","7","Table 97. Voltage booster for analog switch characteristics"
"H7","stm32h757ai","table_100","4","7","Table 100. Voltage booster for analog switch characteristics"
"H7","stm32h757ai","table_106","5","6","Table 106. TIMx characteristics"
"H7","stm32h757ai","table_107","5","6","Table 107. Minimum i2c_ker_ck frequency in all I2C modes"
"H7","stm32h757ai","table_108","1","5","Table 108. I2C analog filter characteristics"
"H7","stm32h757ai","table_113","4","6","Table 113. MDIO Slave timing parameters"
"H7","stm32h757ai","table_115","6","7","Table 115. Dynamics characteristics: eMMC characteristics VDD = 1.71V to 1.9V"
"H7","stm32h757ai","table_116","4","7","Table 116. USB OTG_FS electrical characteristics"
"H7","stm32h757ai","table_117","5","7","Table 117. Dynamics characteristics: USB ULPI"
"H7","stm32h757ai","table_130","5","7","Table 130. TFBGA240+25 - Tolerance of form and position"
"H7","stm32h757ai","table_30","4","11","Table 30. Typical and maximum current consumption batch acquisition mode, LDO re"
"H7","stm32h757ai","table_32","6","10","Table 32. Typical and maximum current consumption in Run mode, code with data pr"
"H7","stm32h757ai","table_37","4","13","Table 37. Typical and maximum current consumption in Standby"
"H7","stm32h757ai","table_38","4","13","Table 38. Typical and maximum current consumption in VBAT mode"
"H7","stm32h757ai","table_47","5","7","Table 47. CSI oscillator characteristics"
"H7","stm32h757ai","table_54","4","7","Table 54. Flash memory characteristics"
"H7","stm32h757ai","table_56","3","5","Table 56. Flash memory endurance and data retention"
"H7","stm32h757ai","table_58","5","6","Table 58. EMI characteristics for fHSE = 8 MHz and fCPU = 400 MHz"
"H7","stm32h757ai","table_59","2","7","Table 59. ESD absolute maximum ratings"
"H7","stm32h757ai","table_61","4","5","Table 61. I/O current injection susceptibility"
"H7","stm32h757ai","table_64","6","6","Table 64. Output voltage characteristics for PC13, PC14, PC15 and PI8"
"H7","stm32h757ai","table_67","4","7","Table 67. NRST pin characteristics"
"H7","stm32h757ai","table_69","5","5","Table 69. Asynchronous non-multiplexed SRAM/PSRAM/NOR read-NWAIT timings"
"H7","stm32h757ai","table_71","4","5","Table 71. Asynchronous non-multiplexed SRAM/PSRAM/NOR write-NWAIT timings"
"H7","stm32h757ai","table_73","4","5","Table 73. Asynchronous multiplexed PSRAM/NOR read-NWAIT timings"
"H7","stm32h757ai","table_75","4","5","Table 75. Asynchronous multiplexed PSRAM/NOR write-NWAIT timings"
"H7","stm32h757ai","table_80","5","5","Table 80. Switching characteristics for NAND flash read cycles"
"H7","stm32h757ai","table_81","6","5","Table 81. Switching characteristics for NAND flash write cycles"
"H7","stm32h757ai","table_88","2","7","Table 88. Delay Block characteristics"
"H7","stm32h757ai","table_97","6","6","Table 97. V monitoring characteristics 199 BAT"
"H7","stm32h757ai","table_98","2","7","Table 98. V charging characteristics 199 BAT"
"H7","stm32h757ai","table_99","2","6","Table 99. Temperature monitoring characteristics"
"H7","stm32h7a3ag","table_102","6","6","Table 102. V monitoring characteristics 156 BAT"
"H7","stm32h7a3ag","table_103","2","7","Table 103. V charging characteristics 156 BAT"
"H7","stm32h7a3ag","table_104","2","6","Table 104. Temperature monitoring characteristics"
"H7","stm32h7a3ag","table_105","4","7","Table 105. Voltage booster for analog switch characteristics"
"H7","stm32h7a3ag","table_113","5","6","Table 113. TIMx characteristics"
"H7","stm32h7a3ag","table_114","5","5","Table 114. LPTIMx characteristics"
"H7","stm32h7a3ag","table_116","1","5","Table 116. I2C analog filter characteristics"
"H7","stm32h7a3ag","table_121","4","6","Table 121. MDIO Slave timing parameters"
"H7","stm32h7a3ag","table_124","4","7","Table 124. Dynamics characteristics: USB OTG_FS"
"H7","stm32h7a3ag","table_125","6","7","Table 125. Dynamics characteristics: USB ULPI"
"H7","stm32h7a3ag","table_24","6","5","Table 24. Supply voltage and maximum frequency configuration"
"H7","stm32h7a3ag","table_32","5","7","Table 32. USB regulator characteristics"
"H7","stm32h7a3ag","table_38","2","7","Table 38. Typical current consumption in Autonomous mode"
"H7","stm32h7a3ag","table_42","4","13","Table 42. Typical and maximum current consumption in Standby mode"
"H7","stm32h7a3ag","table_43","4","13","Table 43. Typical and maximum current consumption in V mode 99 BAT"
"H7","stm32h7a3ag","table_45","5","9","Table 45. Peripheral current consumption in Stop, Standby and V mode 104 BAT"
"H7","stm32h7a3ag","table_54","6","7","Table 54. LSI oscillator characteristics"
"H7","stm32h7a3ag","table_57","3","7","Table 57. Flash memory characteristics"
"H7","stm32h7a3ag","table_58","6","7","Table 58. Flash memory programming"
"H7","stm32h7a3ag","table_59","3","5","Table 59. Flash memory endurance and data retention"
"H7","stm32h7a3ag","table_61","5","6","Table 61. EMI characteristics for f = 8 MHz and f = 64 MHz 115 HSE HCLK"
"H7","stm32h7a3ag","table_62","4","7","Table 62. ESD absolute maximum ratings"
"H7","stm32h7a3ag","table_63","3","5","Table 63. Electrical sensitivities"
"H7","stm32h7a3ag","table_64","3","5","Table 64. I/O current injection susceptibility"
"H7","stm32h7a3ag","table_71","4","7","Table 71. NRST pin characteristics"
"H7","stm32h7a3ag","table_73","5","5","Table 73. Asynchronous non-multiplexed SRAM/PSRAM/NOR read-NWAIT timings"
"H7","stm32h7a3ag","table_75","4","5","Table 75. Asynchronous non-multiplexed SRAM/PSRAM/NOR write-NWAIT timings"
"H7","stm32h7a3ag","table_79","4","5","Table 79. Asynchronous multiplexed PSRAM/NOR write - NWAIT timings"
"H7","stm32h7a3ag","table_84","5","5","Table 84. Switching characteristics for NAND flash memory read cycles"
"H7","stm32h7a3ag","table_85","6","5","Table 85. Switching characteristics for NAND flash write cycles"
"H7","stm32h7a3ag","table_92","2","6","Table 92. Delay Block characteristics"
"H7","stm32h7b0ab","table_100","6","6","Table 100. V monitoring characteristics 140 BAT"
"H7","stm32h7b0ab","table_101","2","7","Table 101. V charging characteristics 140 BAT"
"H7","stm32h7b0ab","table_102","2","6","Table 102. Temperature monitoring characteristics"
"H7","stm32h7b0ab","table_103","4","7","Table 103. Voltage booster for analog switch characteristics"
"H7","stm32h7b0ab","table_111","5","6","Table 111. TIMx characteristics"
"H7","stm32h7b0ab","table_112","5","5","Table 112. LPTIMx characteristics"
"H7","stm32h7b0ab","table_114","1","5","Table 114. I2C analog filter characteristics"
"H7","stm32h7b0ab","table_119","4","6","Table 119. MDIO Slave timing parameters"
"H7","stm32h7b0ab","table_122","4","7","Table 122. Dynamics characteristics: USB OTG_FS"
"H7","stm32h7b0ab","table_123","6","7","Table 123. Dynamics characteristics: USB ULPI"
"H7","stm32h7b0ab","table_22","6","5","Table 22. Supply voltage and maximum frequency configuration"
"H7","stm32h7b0ab","table_30","5","7","Table 30. USB regulator characteristics"
"H7","stm32h7b0ab","table_36","2","7","Table 36. Typical current consumption in Autonomous mode"
"H7","stm32h7b0ab","table_40","4","13","Table 40. Typical and maximum current consumption in Standby mode"
"H7","stm32h7b0ab","table_41","4","13","Table 41. Typical and maximum current consumption in V mode 83 BAT"
"H7","stm32h7b0ab","table_43","5","9","Table 43. Peripheral current consumption in Stop, Standby and V mode 88 BAT"
"H7","stm32h7b0ab","table_52","6","7","Table 52. LSI oscillator characteristics"
"H7","stm32h7b0ab","table_55","3","7","Table 55. Flash memory characteristics"
"H7","stm32h7b0ab","table_56","5","7","Table 56. Flash memory programming"
"H7","stm32h7b0ab","table_57","3","5","Table 57. Flash memory endurance and data retention"
"H7","stm32h7b0ab","table_59","5","6","Table 59. EMI characteristics for f = 8 MHz and f = 64 MHz 99 HSE HCLK"
"H7","stm32h7b0ab","table_60","4","7","Table 60. ESD absolute maximum ratings"
"H7","stm32h7b0ab","table_61","3","5","Table 61. Electrical sensitivities"
"H7","stm32h7b0ab","table_62","3","5","Table 62. I/O current injection susceptibility"
"H7","stm32h7b0ab","table_69","4","7","Table 69. NRST pin characteristics"
"H7","stm32h7b0ab","table_71","5","5","Table 71. Asynchronous non-multiplexed SRAM/PSRAM/NOR read-NWAIT timings"
"H7","stm32h7b0ab","table_73","4","5","Table 73. Asynchronous non-multiplexed SRAM/PSRAM/NOR write-NWAIT timings"
"H7","stm32h7b0ab","table_77","4","5","Table 77. Asynchronous multiplexed PSRAM/NOR write - NWAIT timings"
"H7","stm32h7b0ab","table_82","5","5","Table 82. Switching characteristics for NAND flash memory read cycles"
"H7","stm32h7b0ab","table_83","6","5","Table 83. Switching characteristics for NAND flash write cycles"
"H7","stm32h7b0ab","table_90","2","6","Table 90. Delay Block characteristics"
"H7","stm32h7b3ai","table_102","6","6","Table 102. V monitoring characteristics 157 BAT"
"H7","stm32h7b3ai","table_103","2","7","Table 103. V charging characteristics 157 BAT"
"H7","stm32h7b3ai","table_104","2","6","Table 104. Temperature monitoring characteristics"
"H7","stm32h7b3ai","table_105","4","7","Table 105. Voltage booster for analog switch characteristics"
"H7","stm32h7b3ai","table_113","5","6","Table 113. TIMx characteristics"
"H7","stm32h7b3ai","table_114","5","5","Table 114. LPTIMx characteristics"
"H7","stm32h7b3ai","table_116","1","5","Table 116. I2C analog filter characteristics"
"H7","stm32h7b3ai","table_121","4","6","Table 121. MDIO Slave timing parameters"
"H7","stm32h7b3ai","table_124","4","7","Table 124. Dynamics characteristics: USB OTG_FS"
"H7","stm32h7b3ai","table_125","6","7","Table 125. Dynamics characteristics: USB ULPI"
"H7","stm32h7b3ai","table_24","6","5","Table 24. Supply voltage and maximum frequency configuration"
"H7","stm32h7b3ai","table_32","5","7","Table 32. USB regulator characteristics"
"H7","stm32h7b3ai","table_38","2","7","Table 38. Typical current consumption in Autonomous mode"
"H7","stm32h7b3ai","table_42","4","13","Table 42. Typical and maximum current consumption in Standby mode"
"H7","stm32h7b3ai","table_43","4","13","Table 43. Typical and maximum current consumption in V mode 100 BAT"
"H7","stm32h7b3ai","table_45","5","9","Table 45. Peripheral current consumption in Stop, Standby and V mode 105 BAT"
"H7","stm32h7b3ai","table_54","6","7","Table 54. LSI oscillator characteristics"
"H7","stm32h7b3ai","table_57","3","7","Table 57. Flash memory characteristics"
"H7","stm32h7b3ai","table_58","6","7","Table 58. Flash memory programming"
"H7","stm32h7b3ai","table_59","3","5","Table 59. Flash memory endurance and data retention"
"H7","stm32h7b3ai","table_61","5","6","Table 61. EMI characteristics for f = 8 MHz and f = 64 MHz 116 HSE HCLK"
"H7","stm32h7b3ai","table_62","4","7","Table 62. ESD absolute maximum ratings"
"H7","stm32h7b3ai","table_63","3","5","Table 63. Electrical sensitivities"
"H7","stm32h7b3ai","table_64","3","5","Table 64. I/O current injection susceptibility"
"H7","stm32h7b3ai","table_7","4","20","Table 7. STM32H7B3xI pin/ball definition"
"H7","stm32h7b3ai","table_71","4","7","Table 71. NRST pin characteristics"
"H7","stm32h7b3ai","table_73","5","5","Table 73. Asynchronous non-multiplexed SRAM/PSRAM/NOR read-NWAIT timings"
"H7","stm32h7b3ai","table_75","4","5","Table 75. Asynchronous non-multiplexed SRAM/PSRAM/NOR write-NWAIT timings"
"H7","stm32h7b3ai","table_79","4","5","Table 79. Asynchronous multiplexed PSRAM/NOR write - NWAIT timings"
"H7","stm32h7b3ai","table_84","5","5","Table 84. Switching characteristics for NAND flash memory read cycles"
"H7","stm32h7b3ai","table_85","6","5","Table 85. Switching characteristics for NAND flash write cycles"
"H7","stm32h7b3ai","table_92","2","6","Table 92. Delay Block characteristics"
"H7","stm32h7r3a8","table_100","2","7","Table 100. Delay block characteristics"
"H7","stm32h7r3a8","table_107","4","7","Table 107. Voltage booster for analog switch characteristics"
"H7","stm32h7r3a8","table_109","1","7","Table 109. V monitoring characteristics 253 CORE"
"H7","stm32h7r3a8","table_111","2","7","Table 111. V charging characteristics 254 BAT"
"H7","stm32h7r3a8","table_112","2","6","Table 112. Temperature monitoring characteristics"
"H7","stm32h7r3a8","table_114","6","5","Table 114. DCMIPP characteristics"
"H7","stm32h7r3a8","table_117","5","6","Table 117. LTDC characteristics"
"H7","stm32h7r3a8","table_118","5","6","Table 118. TIMx characteristics"
"H7","stm32h7r3a8","table_119","5","5","Table 119. LPTIMx characteristics"
"H7","stm32h7r3a8","table_120","2","7","Table 120. I3C open-drain measured timing"
"H7","stm32h7r3a8","table_121","1","7","Table 121. I3C push-pull measured timing"
"H7","stm32h7r3a8","table_122","1","5","Table 122. I2C analog filter characteristics"
"H7","stm32h7r3a8","table_127","4","6","Table 127. MDIO slave timing parameters"
"H7","stm32h7r3a8","table_132","6","7","Table 132. OTG_HS current consumption characteristics"
"H7","stm32h7r3a8","table_133","1","7","Table 133. UCPD electrical characteristics"
"H7","stm32h7r3a8","table_135","6","6","Table 135. Dynamic characteristics: Ethernet MAC signals for RMII"
"H7","stm32h7r3a8","table_152","2","7","Table 152. UFBGA(176+25) - Recommended PCB design rules (0.65 mm pitch BGA)"
"H7","stm32h7r3a8","table_23","2","5","Table 23. Thermal characteristics"
"H7","stm32h7r3a8","table_28","6","6","Table 28. SMPS step-down converter characteristics for external usage"
"H7","stm32h7r3a8","table_29","6","6","Table 29. Inrush current and inrush electric charge characteristics for LDO and "
"H7","stm32h7r3a8","table_4","4","6","Table 4. Operating mode summary"
"H7","stm32h7r3a8","table_40","5","12","Table 40. Typical and maximum current consumption in Sleep mode"
"H7","stm32h7r3a8","table_41","4","11","Table 41. Typical and maximum current consumption in System Stop mode"
"H7","stm32h7r3a8","table_42","4","11","Table 42. Typical and maximum current consumption in Standby mode"
"H7","stm32h7r3a8","table_43","4","13","Table 43. Typical and maximum current consumption in VBAT mode"
"H7","stm32h7r3a8","table_55","3","6","Table 55. Timing for analog LSE input"
"H7","stm32h7r3a8","table_61","6","7","Table 61. LSI oscillator characteristics"
"H7","stm32h7r3a8","table_66","5","6","Table 66. EMI characteristics for f = 8 MHz and f = 600 MHz 201 HSE CPU"
"H7","stm32h7r3a8","table_67","2","7","Table 67. ESD absolute maximum ratings"
"H7","stm32h7r3a8","table_69","2","5","Table 69. I/O current injection susceptibility"
"H7","stm32h7r3a8","table_72","6","6","Table 72. Output voltage characteristics for PC13"
"H7","stm32h7r3a8","table_73","6","6","Table 73. Output voltage characteristics for PC14 and PC15"
"H7","stm32h7r3a8","table_82","4","5","Table 82. Asynchronous non-multiplexed SRAM/PSRAM/NOR write-NWAIT timings"
"H7","stm32h7r3a8","table_84","4","5","Table 84. Asynchronous multiplexed PSRAM/NOR read-NWAIT timings"
"H7","stm32h7r3a8","table_86","4","5","Table 86. Asynchronous multiplexed PSRAM/NOR write-NWAIT timings"
"H7","stm32h7r3a8","table_91","5","5","Table 91. Switching characteristics for NAND flash read cycles"
"H7","stm32h7r3a8","table_92","6","5","Table 92. Switching characteristics for NAND flash write cycles"
"H7","stm32h7s3a8","table_102","2","7","Table 102. Delay block characteristics"
"H7","stm32h7s3a8","table_109","4","7","Table 109. Voltage booster for analog switch characteristics"
"H7","stm32h7s3a8","table_111","1","7","Table 111. V monitoring characteristics 256 CORE"
"H7","stm32h7s3a8","table_113","2","7","Table 113. V charging characteristics 257 BAT"
"H7","stm32h7s3a8","table_114","2","6","Table 114. Temperature monitoring characteristics"
"H7","stm32h7s3a8","table_116","6","5","Table 116. DCMIPP characteristics"
"H7","stm32h7s3a8","table_119","5","6","Table 119. LTDC characteristics"
"H7","stm32h7s3a8","table_120","5","6","Table 120. TIMx characteristics"
"H7","stm32h7s3a8","table_121","5","5","Table 121. LPTIMx characteristics"
"H7","stm32h7s3a8","table_122","2","7","Table 122. I3C open-drain measured timing"
"H7","stm32h7s3a8","table_123","1","7","Table 123. I3C push-pull measured timing"
"H7","stm32h7s3a8","table_124","1","5","Table 124. I2C analog filter characteristics"
"H7","stm32h7s3a8","table_129","4","6","Table 129. MDIO slave timing parameters"
"H7","stm32h7s3a8","table_134","6","7","Table 134. OTG_HS current consumption characteristics"
"H7","stm32h7s3a8","table_135","1","7","Table 135. UCPD electrical characteristics"
"H7","stm32h7s3a8","table_137","6","6","Table 137. Dynamic characteristics: Ethernet MAC signals for RMII"
"H7","stm32h7s3a8","table_154","2","7","Table 154. UFBGA(176+25) - Recommended PCB design rules (0.65 mm pitch BGA)"
"H7","stm32h7s3a8","table_25","2","5","Table 25. Thermal characteristics"
"H7","stm32h7s3a8","table_30","6","6","Table 30. SMPS step-down converter characteristics for external usage"
"H7","stm32h7s3a8","table_31","6","6","Table 31. Inrush current and inrush electric charge characteristics for LDO and "
"H7","stm32h7s3a8","table_4","4","6","Table 4. Operating mode summary"
"H7","stm32h7s3a8","table_42","5","12","Table 42. Typical and maximum current consumption in Sleep mode"
"H7","stm32h7s3a8","table_43","4","11","Table 43. Typical and maximum current consumption in System Stop mode"
"H7","stm32h7s3a8","table_44","4","11","Table 44. Typical and maximum current consumption in Standby mode"
"H7","stm32h7s3a8","table_45","4","13","Table 45. Typical and maximum current consumption in VBAT mode"
"H7","stm32h7s3a8","table_57","3","6","Table 57. Timing for analog LSE input"
"H7","stm32h7s3a8","table_63","6","7","Table 63. LSI oscillator characteristics"
"H7","stm32h7s3a8","table_68","5","6","Table 68. EMI characteristics for f = 8 MHz and f = 600 MHz 204 HSE CPU"
"H7","stm32h7s3a8","table_69","2","7","Table 69. ESD absolute maximum ratings"
"H7","stm32h7s3a8","table_71","2","5","Table 71. I/O current injection susceptibility"
"H7","stm32h7s3a8","table_74","6","6","Table 74. Output voltage characteristics for PC13"
"H7","stm32h7s3a8","table_75","6","6","Table 75. Output voltage characteristics for PC14 and PC15"
"H7","stm32h7s3a8","table_84","4","5","Table 84. Asynchronous non-multiplexed SRAM/PSRAM/NOR write-NWAIT timings"
"H7","stm32h7s3a8","table_86","4","5","Table 86. Asynchronous multiplexed PSRAM/NOR read-NWAIT timings"
"H7","stm32h7s3a8","table_88","4","5","Table 88. Asynchronous multiplexed PSRAM/NOR write-NWAIT timings"
"H7","stm32h7s3a8","table_93","5","5","Table 93. Switching characteristics for NAND flash read cycles"
"H7","stm32h7s3a8","table_94","6","5","Table 94. Switching characteristics for NAND flash write cycles"
"L0","stm32l010c6","table_16","5","7","Table 16. Embedded reset and power control block characteristics."
"L0","stm32l010c6","table_26","3","6","Table 26. Typical and maximum current consumptions in Stop mode."
"L0","stm32l010c6","table_27","3","6","Table 27. Typical and maximum current consumptions in Standby mode"
"L0","stm32l010c6","table_31","3","6","Table 31. Low-power mode wakeup timings"
"L0","stm32l010c6","table_34","4","7","Table 34. HSE oscillator characteristics."
"L0","stm32l010c6","table_35","6","7","Table 35. LSE oscillator characteristics"
"L0","stm32l010c6","table_37","4","6","Table 37. LSI oscillator characteristics."
"L0","stm32l010c6","table_40","1","7","Table 40. RAM and hardware registers"
"L0","stm32l010c6","table_41","5","7","Table 41. Flash memory and data EEPROM characteristics"
"L0","stm32l010c6","table_42","4","5","Table 42. Flash memory and data EEPROM endurance and retention."
"L0","stm32l010c6","table_44","4","6","Table 44. EMI characteristics."
"L0","stm32l010c6","table_45","2","6","Table 45. ESD absolute maximum ratings."
"L0","stm32l010c6","table_47","4","5","Table 47. I/O current injection susceptibility."
"L0","stm32l010c6","table_5","2","7","Table 5. Features of general purpose timers"
"L0","stm32l010f4","table_16","5","7","Table 16. Embedded reset and power control block characteristics."
"L0","stm32l010f4","table_26","3","6","Table 26. Typical and maximum current consumptions in Stop mode."
"L0","stm32l010f4","table_27","3","6","Table 27. Typical and maximum current consumptions in Standby mode"
"L0","stm32l010f4","table_31","3","6","Table 31. Low-power mode wakeup timings"
"L0","stm32l010f4","table_34","4","7","Table 34. HSE oscillator characteristics."
"L0","stm32l010f4","table_35","6","7","Table 35. LSE oscillator characteristics"
"L0","stm32l010f4","table_37","4","6","Table 37. LSI oscillator characteristics."
"L0","stm32l010f4","table_40","1","7","Table 40. RAM and hardware registers"
"L0","stm32l010f4","table_41","5","7","Table 41. Flash memory and data EEPROM characteristics"
"L0","stm32l010f4","table_42","4","5","Table 42. Flash memory and data EEPROM endurance and retention."
"L0","stm32l010f4","table_44","4","6","Table 44. EMI characteristics."
"L0","stm32l010f4","table_45","2","6","Table 45. ESD absolute maximum ratings."
"L0","stm32l010f4","table_47","4","5","Table 47. I/O current injection susceptibility."
"L0","stm32l010f4","table_5","2","7","Table 5. Features of general purpose timers"
"L0","stm32l010k8","table_16","5","7","Table 16. Embedded reset and power control block characteristics."
"L0","stm32l010k8","table_26","3","6","Table 26. Typical and maximum current consumptions in Stop mode."
"L0","stm32l010k8","table_27","3","6","Table 27. Typical and maximum current consumptions in Standby mode"
"L0","stm32l010k8","table_31","3","6","Table 31. Low-power mode wakeup timings"
"L0","stm32l010k8","table_34","4","7","Table 34. HSE oscillator characteristics."
"L0","stm32l010k8","table_35","6","7","Table 35. LSE oscillator characteristics"
"L0","stm32l010k8","table_37","4","6","Table 37. LSI oscillator characteristics."
"L0","stm32l010k8","table_40","1","7","Table 40. RAM and hardware registers"
"L0","stm32l010k8","table_41","5","7","Table 41. Flash memory and data EEPROM characteristics"
"L0","stm32l010k8","table_42","4","5","Table 42. Flash memory and data EEPROM endurance and retention."
"L0","stm32l010k8","table_44","4","6","Table 44. EMI characteristics."
"L0","stm32l010k8","table_45","2","6","Table 45. ESD absolute maximum ratings."
"L0","stm32l010k8","table_47","4","5","Table 47. I/O current injection susceptibility."
"L0","stm32l010k8","table_5","2","7","Table 5. Features of general purpose timers"
"L0","stm32l010k8","table_61","1","5","Table 61. LQFP64 - 64-pin, 10 x 10mm low-profile quad flat package mechanical da"
"L0","stm32l010rb","table_16","5","7","Table 16. Embedded reset and power control block characteristics."
"L0","stm32l010rb","table_26","3","6","Table 26. Typical and maximum current consumptions in Stop mode."
"L0","stm32l010rb","table_27","3","6","Table 27. Typical and maximum current consumptions in Standby mode"
"L0","stm32l010rb","table_31","3","6","Table 31. Low-power mode wakeup timings"
"L0","stm32l010rb","table_34","4","7","Table 34. HSE oscillator characteristics."
"L0","stm32l010rb","table_35","6","7","Table 35. LSE oscillator characteristics"
"L0","stm32l010rb","table_37","4","6","Table 37. LSI oscillator characteristics."
"L0","stm32l010rb","table_40","1","7","Table 40. RAM and hardware registers"
"L0","stm32l010rb","table_41","5","7","Table 41. Flash memory and data EEPROM characteristics"
"L0","stm32l010rb","table_42","4","5","Table 42. Flash memory and data EEPROM endurance and retention."
"L0","stm32l010rb","table_44","4","6","Table 44. EMI characteristics."
"L0","stm32l010rb","table_45","2","6","Table 45. ESD absolute maximum ratings."
"L0","stm32l010rb","table_47","4","5","Table 47. I/O current injection susceptibility."
"L0","stm32l010rb","table_5","2","7","Table 5. Features of general purpose timers"
"L0","stm32l011d3","table_34","3","6","Table 34. Low-power mode wakeup timings"
"L0","stm32l011d3","table_37","6","7","Table 37. LSE oscillator characteristics"
"L0","stm32l011d3","table_39","4","6","Table 39. LSI oscillator characteristics."
"L0","stm32l011d3","table_43","5","7","Table 43. Flash memory and data EEPROM characteristics"
"L0","stm32l011d3","table_46","4","6","Table 46. EMI characteristics."
"L0","stm32l011d3","table_47","2","6","Table 47. ESD absolute maximum ratings."
"L0","stm32l011d3","table_49","3","5","Table 49. I/O current injection susceptibility."
"L0","stm32l011d3","table_58","6","6","Table 58. Temperature sensor characteristics."
"L0","stm32l011d3","table_60","4","7","Table 60. Comparator 2 characteristics"
"L0","stm32l011d3","table_62","3","6","Table 62. I2C analog filter characteristics."
"L0","stm32l011d3","table_63","4","6","Table 63. I2C frequency in all I2C modes."
"L0","stm32l011d3","table_7","2","7","Table 7. Timer feature comparison."
"L0","stm32l021d4","table_33","3","6","Table 33. Low-power mode wakeup timings"
"L0","stm32l021d4","table_36","6","7","Table 36. LSE oscillator characteristics"
"L0","stm32l021d4","table_38","4","6","Table 38. LSI oscillator characteristics."
"L0","stm32l021d4","table_42","5","7","Table 42. Flash memory and data EEPROM characteristics"
"L0","stm32l021d4","table_45","4","6","Table 45. EMI characteristics."
"L0","stm32l021d4","table_46","2","6","Table 46. ESD absolute maximum ratings."
"L0","stm32l021d4","table_48","3","5","Table 48. I/O current injection susceptibility."
"L0","stm32l021d4","table_57","6","6","Table 57. Temperature sensor characteristics."
"L0","stm32l021d4","table_59","4","7","Table 59. Comparator 2 characteristics"
"L0","stm32l021d4","table_6","2","7","Table 6. Timer feature comparison."
"L0","stm32l021d4","table_61","3","6","Table 61. I2C analog filter characteristics."
"L0","stm32l021d4","table_62","4","6","Table 62. I2C frequency in all I2C modes."
"L0","stm32l021d4","table_69","2","7","Table 69. UFQFPN28 - 28-lead, 4x4mm, 0.5mm pitch, ultra thin fine pitch quad fla"
"L0","stm32l031c4","table_39","4","7","Table 39. HSE oscillator characteristics."
"L0","stm32l031c4","table_40","6","7","Table 40. LSE oscillator characteristics"
"L0","stm32l031c4","table_42","4","6","Table 42. LSI oscillator characteristics."
"L0","stm32l031c4","table_45","1","7","Table 45. RAM and hardware registers"
"L0","stm32l031c4","table_46","3","7","Table 46. Flash memory and data EEPROM characteristics"
"L0","stm32l031c4","table_49","4","6","Table 49. EMI characteristics."
"L0","stm32l031c4","table_50","2","6","Table 50. ESD absolute maximum ratings."
"L0","stm32l031c4","table_52","4","5","Table 52. I/O current injection susceptibility."
"L0","stm32l031c4","table_61","6","6","Table 61. Temperature sensor characteristics."
"L0","stm32l031c4","table_63","4","7","Table 63. Comparator 2 characteristics"
"L0","stm32l031c4","table_64","5","6","Table 64. TIMx characteristics"
"L0","stm32l031c4","table_9","2","7","Table 9. Timer feature comparison."
"L0","stm32l041c6","table_39","4","7","Table 39. HSE oscillator characteristics."
"L0","stm32l041c6","table_40","6","7","Table 40. LSE oscillator characteristics"
"L0","stm32l041c6","table_42","4","6","Table 42. LSI oscillator characteristics."
"L0","stm32l041c6","table_45","1","7","Table 45. RAM and hardware registers"
"L0","stm32l041c6","table_46","5","7","Table 46. Flash memory and data EEPROM characteristics"
"L0","stm32l041c6","table_49","4","6","Table 49. EMI characteristics."
"L0","stm32l041c6","table_50","2","6","Table 50. ESD absolute maximum ratings."
"L0","stm32l041c6","table_52","4","5","Table 52. I/O current injection susceptibility."
"L0","stm32l041c6","table_61","6","6","Table 61. Temperature sensor characteristics."
"L0","stm32l041c6","table_63","4","7","Table 63. Comparator 2 characteristics"
"L0","stm32l041c6","table_64","5","6","Table 64. TIMx characteristics"
"L0","stm32l041c6","table_9","2","7","Table 9. Timer feature comparison."
"L0","stm32l051c6","table_40","4","7","Table 40. HSE oscillator characteristics"
"L0","stm32l051c6","table_41","6","7","Table 41. LSE oscillator characteristics"
"L0","stm32l051c6","table_43","4","6","Table 43. LSI oscillator characteristics"
"L0","stm32l051c6","table_46","1","7","Table 46. RAM and hardware registers"
"L0","stm32l051c6","table_47","3","7","Table 47. Flash memory and data EEPROM characteristics"
"L0","stm32l051c6","table_50","4","8","Table 50. EMI characteristics"
"L0","stm32l051c6","table_51","2","6","Table 51. ESD absolute maximum ratings"
"L0","stm32l051c6","table_53","4","5","Table 53. I/O current injection susceptibility"
"L0","stm32l051c6","table_62","6","6","Table 62. Temperature sensor characteristics"
"L0","stm32l051c6","table_63","5","7","Table 63. Comparator 1 characteristics"
"L0","stm32l051c6","table_64","4","7","Table 64. Comparator 2 characteristics"
"L0","stm32l051c6","table_66","3","6","Table 66. I2C analog filter characteristics"
"L0","stm32l051c6","table_67","5","7","Table 67. SPI characteristics in voltage Range 1"
"L0","stm32l051c6","table_9","3","7","Table 9. Timer feature comparison"
"L0","stm32l052c6","table_10","3","7","Table 10. Timer feature comparison"
"L0","stm32l052c6","table_41","3","6","Table 41. Low-power mode wakeup timings"
"L0","stm32l052c6","table_44","4","7","Table 44. HSE oscillator characteristics"
"L0","stm32l052c6","table_45","6","7","Table 45. LSE oscillator characteristics"
"L0","stm32l052c6","table_47","6","7","Table 47. HSI48 oscillator characteristics"
"L0","stm32l052c6","table_48","4","6","Table 48. LSI oscillator characteristics"
"L0","stm32l052c6","table_51","1","7","Table 51. RAM and hardware registers"
"L0","stm32l052c6","table_52","5","7","Table 52. Flash memory and data EEPROM characteristics"
"L0","stm32l052c6","table_53","4","5","Table 53. Flash memory and data EEPROM endurance and retention"
"L0","stm32l052c6","table_55","4","8","Table 55. EMI characteristics"
"L0","stm32l052c6","table_56","2","6","Table 56. ESD absolute maximum ratings"
"L0","stm32l052c6","table_58","4","5","Table 58. I/O current injection susceptibility"
"L0","stm32l052c6","table_68","6","6","Table 68. Temperature sensor characteristics"
"L0","stm32l052c6","table_69","5","7","Table 69. Comparator 1 characteristics"
"L0","stm32l052c6","table_70","4","7","Table 70. Comparator 2 characteristics"
"L0","stm32l052c6","table_72","3","6","Table 72. I2C analog filter characteristics"
"L0","stm32l052c6","table_73","5","7","Table 73. SPI characteristics in voltage Range 1"
"L0","stm32l052c6","table_79","2","6","Table 79. USB: full speed electrical characteristics"
"L0","stm32l053c6","table_43","4","7","Table 43. HSE oscillator characteristics"
"L0","stm32l053c6","table_44","6","7","Table 44. LSE oscillator characteristics"
"L0","stm32l053c6","table_46","6","7","Table 46. HSI48 oscillator characteristics"
"L0","stm32l053c6","table_47","4","6","Table 47. LSI oscillator characteristics"
"L0","stm32l053c6","table_50","1","7","Table 50. RAM and hardware registers"
"L0","stm32l053c6","table_51","5","7","Table 51. Flash memory and data EEPROM characteristics"
"L0","stm32l053c6","table_52","4","5","Table 52. Flash memory and data EEPROM endurance and retention"
"L0","stm32l053c6","table_54","4","8","Table 54. EMI characteristics"
"L0","stm32l053c6","table_55","2","6","Table 55. ESD absolute maximum ratings"
"L0","stm32l053c6","table_57","4","5","Table 57. I/O current injection susceptibility"
"L0","stm32l053c6","table_67","6","6","Table 67. Temperature sensor characteristics"
"L0","stm32l053c6","table_68","5","7","Table 68. Comparator 1 characteristics"
"L0","stm32l053c6","table_69","4","7","Table 69. Comparator 2 characteristics"
"L0","stm32l053c6","table_71","3","6","Table 71. I2C analog filter characteristics"
"L0","stm32l053c6","table_72","5","7","Table 72. SPI characteristics in voltage Range 1"
"L0","stm32l053c6","table_9","3","7","Table 9. Timer feature comparison"
"L0","stm32l062c8","table_15","5","10","Table 15. STM32L062x8 pin definitions"
"L0","stm32l062c8","table_25","5","8","Table 25. Current consumption in Run mode, code with data processing running fro"
"L0","stm32l062c8","table_37","6","7","Table 37. LSE oscillator characteristics"
"L0","stm32l062c8","table_39","6","7","Table 39. HSI48 oscillator characteristics"
"L0","stm32l062c8","table_40","4","6","Table 40. LSI oscillator characteristics"
"L0","stm32l062c8","table_43","1","7","Table 43. RAM and hardware registers"
"L0","stm32l062c8","table_44","5","7","Table 44. Flash memory and data EEPROM characteristics"
"L0","stm32l062c8","table_45","4","5","Table 45. Flash memory and data EEPROM endurance and retention"
"L0","stm32l062c8","table_47","4","8","Table 47. EMI characteristics"
"L0","stm32l062c8","table_48","2","6","Table 48. ESD absolute maximum ratings"
"L0","stm32l062c8","table_50","4","5","Table 50. I/O current injection susceptibility"
"L0","stm32l062c8","table_60","6","6","Table 60. Temperature sensor characteristics"
"L0","stm32l062c8","table_61","5","7","Table 61. Comparator 1 characteristics"
"L0","stm32l062c8","table_62","4","7","Table 62. Comparator 2 characteristics"
"L0","stm32l062c8","table_64","3","6","Table 64. I2C analog filter characteristics"
"L0","stm32l062c8","table_65","5","7","Table 65. SPI characteristics in voltage Range 1"
"L0","stm32l062c8","table_70","2","6","Table 70. USB: full speed electrical characteristics"
"L0","stm32l062c8","table_9","3","7","Table 9. Timer feature comparison"
"L0","stm32l063c8","table_43","4","7","Table 43. HSE oscillator characteristics"
"L0","stm32l063c8","table_44","6","7","Table 44. LSE oscillator characteristics"
"L0","stm32l063c8","table_46","6","7","Table 46. HSI48 oscillator characteristics"
"L0","stm32l063c8","table_47","4","6","Table 47. LSI oscillator characteristics"
"L0","stm32l063c8","table_50","1","7","Table 50. RAM and hardware registers"
"L0","stm32l063c8","table_51","5","7","Table 51. Flash memory and data EEPROM characteristics"
"L0","stm32l063c8","table_52","4","5","Table 52. Flash memory and data EEPROM endurance and retention"
"L0","stm32l063c8","table_54","4","8","Table 54. EMI characteristics"
"L0","stm32l063c8","table_55","2","6","Table 55. ESD absolute maximum ratings"
"L0","stm32l063c8","table_57","4","5","Table 57. I/O current injection susceptibility"
"L0","stm32l063c8","table_67","6","6","Table 67. Temperature sensor characteristics"
"L0","stm32l063c8","table_69","4","7","Table 69. Comparator 2 characteristics"
"L0","stm32l063c8","table_71","3","6","Table 71. I2C analog filter characteristics"
"L0","stm32l063c8","table_72","5","7","Table 72. SPI characteristics in voltage Range 1"
"L0","stm32l063c8","table_9","3","7","Table 9. Timer feature comparison"
"L0","stm32l071c8","table_15","6","15","Table 15. STM32L071xxx pin definition"
"L0","stm32l071c8","table_36","5","6","Table 36. Typical and maximum current consumptions in Stop mode"
"L0","stm32l071c8","table_41","3","6","Table 41. Low-power mode wakeup timings"
"L0","stm32l071c8","table_44","4","7","Table 44. HSE oscillator characteristics"
"L0","stm32l071c8","table_45","6","7","Table 45. LSE oscillator characteristics"
"L0","stm32l071c8","table_47","4","6","Table 47. LSI oscillator characteristics"
"L0","stm32l071c8","table_50","1","7","Table 50. RAM and hardware registers"
"L0","stm32l071c8","table_51","3","7","Table 51. Flash memory and data EEPROM characteristics"
"L0","stm32l071c8","table_54","4","6","Table 54. EMI characteristics"
"L0","stm32l071c8","table_55","2","6","Table 55. ESD absolute maximum ratings"
"L0","stm32l071c8","table_57","4","5","Table 57. I/O current injection susceptibility"
"L0","stm32l071c8","table_66","6","6","Table 66. Temperature sensor characteristics"
"L0","stm32l071c8","table_67","5","7","Table 67. Comparator 1 characteristics"
"L0","stm32l071c8","table_68","4","7","Table 68. Comparator 2 characteristics"
"L0","stm32l071c8","table_70","3","6","Table 70. I2C analog filter characteristics"
"L0","stm32l071c8","table_71","5","7","Table 71. SPI characteristics in voltage Range 1"
"L0","stm32l071c8","table_9","3","7","Table 9. Timer feature comparison"
"L0","stm32l072cb","table_10","3","7","Table 10. Timer feature comparison"
"L0","stm32l072cb","table_37","5","6","Table 37. Typical and maximum current consumptions in Stop mode"
"L0","stm32l072cb","table_42","3","6","Table 42. Low-power mode wakeup timings"
"L0","stm32l072cb","table_45","4","7","Table 45. HSE oscillator characteristics"
"L0","stm32l072cb","table_46","6","7","Table 46. LSE oscillator characteristics"
"L0","stm32l072cb","table_48","6","7","Table 48. HSI48 oscillator characteristics"
"L0","stm32l072cb","table_49","4","6","Table 49. LSI oscillator characteristics"
"L0","stm32l072cb","table_52","1","7","Table 52. RAM and hardware registers"
"L0","stm32l072cb","table_53","5","7","Table 53. Flash memory and data EEPROM characteristics"
"L0","stm32l072cb","table_54","4","5","Table 54. Flash memory and data EEPROM endurance and retention"
"L0","stm32l072cb","table_56","4","6","Table 56. EMI characteristics"
"L0","stm32l072cb","table_57","2","6","Table 57. ESD absolute maximum ratings"
"L0","stm32l072cb","table_59","4","5","Table 59. I/O current injection susceptibility"
"L0","stm32l072cb","table_69","6","6","Table 69. Temperature sensor characteristics"
"L0","stm32l072cb","table_70","5","7","Table 70. Comparator 1 characteristics"
"L0","stm32l072cb","table_71","4","7","Table 71. Comparator 2 characteristics"
"L0","stm32l072cb","table_73","3","6","Table 73. I2C analog filter characteristics"
"L0","stm32l072cb","table_74","5","7","Table 74. SPI characteristics in voltage Range 1"
"L0","stm32l072cb","table_80","2","6","Table 80. USB: full speed electrical characteristics"
"L0","stm32l073cb","table_10","3","7","Table 10. Timer feature comparison"
"L0","stm32l073cb","table_16","4","12","Table 16. STM32L073xx pin definition"
"L0","stm32l073cb","table_37","5","6","Table 37. Typical and maximum current consumptions in Stop mode"
"L0","stm32l073cb","table_45","4","7","Table 45. HSE oscillator characteristics"
"L0","stm32l073cb","table_46","6","7","Table 46. LSE oscillator characteristics"
"L0","stm32l073cb","table_48","6","7","Table 48. HSI48 oscillator characteristics"
"L0","stm32l073cb","table_49","4","6","Table 49. LSI oscillator characteristics"
"L0","stm32l073cb","table_52","1","7","Table 52. RAM and hardware registers"
"L0","stm32l073cb","table_53","5","7","Table 53. Flash memory and data EEPROM characteristics"
"L0","stm32l073cb","table_54","4","5","Table 54. Flash memory and data EEPROM endurance and retention"
"L0","stm32l073cb","table_56","4","6","Table 56. EMI characteristics for fHCLK = 32 MHz"
"L0","stm32l073cb","table_57","2","6","Table 57. ESD absolute maximum ratings"
"L0","stm32l073cb","table_59","4","5","Table 59. I/O current injection susceptibility"
"L0","stm32l073cb","table_69","6","6","Table 69. Temperature sensor characteristics"
"L0","stm32l073cb","table_70","5","7","Table 70. Comparator 1 characteristics"
"L0","stm32l073cb","table_71","4","7","Table 71. Comparator 2 characteristics"
"L0","stm32l073cb","table_73","3","6","Table 73. I2C analog filter characteristics"
"L0","stm32l073cb","table_74","5","7","Table 74. SPI characteristics in voltage Range 1"
"L0","stm32l081cb","table_31","5","6","Table 31. Typical and maximum current consumptions in Stop mode"
"L0","stm32l081cb","table_36","3","6","Table 36. Low-power mode wakeup timings"
"L0","stm32l081cb","table_39","4","7","Table 39. HSE oscillator characteristics"
"L0","stm32l081cb","table_40","6","7","Table 40. LSE oscillator characteristics"
"L0","stm32l081cb","table_42","4","6","Table 42. LSI oscillator characteristics"
"L0","stm32l081cb","table_45","1","7","Table 45. RAM and hardware registers"
"L0","stm32l081cb","table_46","3","7","Table 46. Flash memory and data EEPROM characteristics"
"L0","stm32l081cb","table_49","4","6","Table 49. EMI characteristics"
"L0","stm32l081cb","table_50","2","6","Table 50. ESD absolute maximum ratings"
"L0","stm32l081cb","table_52","4","5","Table 52. I/O current injection susceptibility"
"L0","stm32l081cb","table_61","6","6","Table 61. Temperature sensor characteristics"
"L0","stm32l081cb","table_62","5","7","Table 62. Comparator 1 characteristics"
"L0","stm32l081cb","table_63","4","7","Table 63. Comparator 2 characteristics"
"L0","stm32l081cb","table_65","3","6","Table 65. I2C analog filter characteristics"
"L0","stm32l081cb","table_66","5","7","Table 66. SPI characteristics in voltage Range 1"
"L0","stm32l081cb","table_8","3","7","Table 8. Timer feature comparison"
"L0","stm32l082cz","table_15","5","10","Table 15. STM32L082xx pin definition"
"L0","stm32l082cz","table_34","5","6","Table 34. Typical and maximum current consumptions in Stop mode"
"L0","stm32l082cz","table_39","3","6","Table 39. Low-power mode wakeup timings"
"L0","stm32l082cz","table_42","4","7","Table 42. HSE oscillator characteristics"
"L0","stm32l082cz","table_43","6","7","Table 43. LSE oscillator characteristics"
"L0","stm32l082cz","table_45","6","7","Table 45. HSI48 oscillator characteristics"
"L0","stm32l082cz","table_46","4","6","Table 46. LSI oscillator characteristics"
"L0","stm32l082cz","table_49","1","7","Table 49. RAM and hardware registers"
"L0","stm32l082cz","table_50","5","7","Table 50. Flash memory and data EEPROM characteristics"
"L0","stm32l082cz","table_51","4","5","Table 51. Flash memory and data EEPROM endurance and retention"
"L0","stm32l082cz","table_53","4","6","Table 53. EMI characteristics for fHCLK = 32 MHz"
"L0","stm32l082cz","table_54","2","6","Table 54. ESD absolute maximum ratings"
"L0","stm32l082cz","table_56","4","5","Table 56. I/O current injection susceptibility"
"L0","stm32l082cz","table_66","6","6","Table 66. Temperature sensor characteristics"
"L0","stm32l082cz","table_67","5","7","Table 67. Comparator 1 characteristics"
"L0","stm32l082cz","table_68","4","7","Table 68. Comparator 2 characteristics"
"L0","stm32l082cz","table_70","3","6","Table 70. I2C analog filter characteristics"
"L0","stm32l082cz","table_71","5","7","Table 71. SPI characteristics in voltage Range 1"
"L0","stm32l082cz","table_76","2","6","Table 76. USB: full speed electrical characteristics"
"L0","stm32l082cz","table_9","3","7","Table 9. Timer feature comparison"
"L0","stm32l083cb","table_10","3","7","Table 10. Timer feature comparison"
"L0","stm32l083cb","table_37","5","6","Table 37. Typical and maximum current consumptions in Stop mode"
"L0","stm32l083cb","table_45","4","7","Table 45. HSE oscillator characteristics"
"L0","stm32l083cb","table_46","6","7","Table 46. LSE oscillator characteristics"
"L0","stm32l083cb","table_48","6","7","Table 48. HSI48 oscillator characteristics"
"L0","stm32l083cb","table_49","4","6","Table 49. LSI oscillator characteristics"
"L0","stm32l083cb","table_52","1","7","Table 52. RAM and hardware registers"
"L0","stm32l083cb","table_53","5","7","Table 53. Flash memory and data EEPROM characteristics"
"L0","stm32l083cb","table_54","4","5","Table 54. Flash memory and data EEPROM endurance and retention"
"L0","stm32l083cb","table_56","4","6","Table 56. EMI characteristics"
"L0","stm32l083cb","table_57","2","6","Table 57. ESD absolute maximum ratings"
"L0","stm32l083cb","table_59","4","5","Table 59. I/O current injection susceptibility"
"L0","stm32l083cb","table_69","6","6","Table 69. Temperature sensor characteristics"
"L0","stm32l083cb","table_70","5","7","Table 70. Comparator 1 characteristics"
"L0","stm32l083cb","table_71","4","7","Table 71. Comparator 2 characteristics"
"L0","stm32l083cb","table_73","3","6","Table 73. I2C analog filter characteristics"
"L0","stm32l083cb","table_74","5","7","Table 74. SPI characteristics in voltage Range 1"
"L1","stm32l100c6","table_10","6","5","Table 10. Current characteristics"
"L1","stm32l100c6","table_22","3","7","Table 22. Typical and maximum current consumptions in Standby mode"
"L1","stm32l100c6","table_26","6","6","Table 26. Low-speed external user clock characteristics"
"L1","stm32l100c6","table_27","2","7","Table 27. HSE oscillator characteristics"
"L1","stm32l100c6","table_29","6","7","Table 29. HSI oscillator characteristics"
"L1","stm32l100c6","table_30","4","6","Table 30. LSI oscillator characteristics"
"L1","stm32l100c6","table_33","1","7","Table 33. RAM and hardware registers"
"L1","stm32l100c6","table_34","5","7","Table 34. Flash memory and data EEPROM characteristics"
"L1","stm32l100c6","table_35","4","7","Table 35. Flash memory, data EEPROM endurance and data retention"
"L1","stm32l100c6","table_37","4","8","Table 37. EMI characteristics"
"L1","stm32l100c6","table_38","2","7","Table 38. ESD absolute maximum ratings"
"L1","stm32l100c6","table_40","3","5","Table 40. I/O current injection susceptibility"
"L1","stm32l100c6","table_42","6","6","Table 42. Output voltage characteristics"
"L1","stm32l100c6","table_5","4","7","Table 5. Timer feature comparison"
"L1","stm32l100c6","table_52","3","7","Table 52. ADC clock frequency"
"L1","stm32l100c6","table_58","4","7","Table 58. Comparator 2 characteristics"
"L1","stm32l100c6","table_9","6","5","Table 9. Voltage characteristics"
"L1","stm32l100rc","table_30","4","6","Table 30. LSI oscillator characteristics"
"L1","stm32l100rc","table_33","1","7","Table 33. RAM and hardware registers"
"L1","stm32l100rc","table_35","6","7","Table 35. Flash memory and data EEPROM endurance and retention"
"L1","stm32l100rc","table_37","4","8","Table 37. EMI characteristics"
"L1","stm32l100rc","table_38","2","6","Table 38. ESD absolute maximum ratings"
"L1","stm32l100rc","table_40","3","5","Table 40. I/O current injection susceptibility"
"L1","stm32l100rc","table_42","6","6","Table 42. Output voltage characteristics"
"L1","stm32l100rc","table_5","4","7","Table 5. Timer feature comparison"
"L1","stm32l100rc","table_53","6","8","Table 53. ADC clock frequency"
"L1","stm32l100rc","table_60","4","7","Table 60. Comparator 2 characteristics"
"L1","stm32l151c6","table_31","4","6","Table 31. LSI oscillator characteristics"
"L1","stm32l151c6","table_34","1","7","Table 34. RAM and hardware registers"
"L1","stm32l151c6","table_36","6","7","Table 36. Flash memory, data EEPROM endurance and data retention"
"L1","stm32l151c6","table_38","4","8","Table 38. EMI characteristics"
"L1","stm32l151c6","table_39","2","7","Table 39. ESD absolute maximum ratings"
"L1","stm32l151c6","table_41","2","5","Table 41. I/O current injection susceptibility"
"L1","stm32l151c6","table_43","6","6","Table 43. Output voltage characteristics"
"L1","stm32l151c6","table_53","6","8","Table 53. ADC clock frequency"
"L1","stm32l151c6","table_59","6","6","Table 59. Temperature sensor characteristics"
"L1","stm32l151c6","table_6","4","7","Table 6. Timer feature comparison"
"L1","stm32l151c6","table_61","4","7","Table 61. Comparator 2 characteristics"
"L1","stm32l151cc","table_32","4","6","Table 32. LSI oscillator characteristics"
"L1","stm32l151cc","table_35","1","7","Table 35. RAM and hardware registers"
"L1","stm32l151cc","table_37","6","7","Table 37. Flash memory and data EEPROM endurance and retention"
"L1","stm32l151cc","table_39","4","8","Table 39. EMI characteristics"
"L1","stm32l151cc","table_40","2","6","Table 40. ESD absolute maximum ratings"
"L1","stm32l151cc","table_42","3","5","Table 42. I/O current injection susceptibility"
"L1","stm32l151cc","table_44","6","6","Table 44. Output voltage characteristics"
"L1","stm32l151cc","table_55","6","8","Table 55. ADC clock frequency"
"L1","stm32l151cc","table_6","3","6","Table 6. V rail decoupling 25 LCD"
"L1","stm32l151cc","table_62","6","6","Table 62. Temperature sensor characteristics"
"L1","stm32l151cc","table_64","4","7","Table 64. Comparator 2 characteristics"
"L1","stm32l151cc","table_7","5","7","Table 7. Timer feature comparison"
"L1","stm32l151qc","table_26","2","7","Table 26. High-speed external user clock characteristics"
"L1","stm32l151qc","table_31","4","6","Table 31. LSI oscillator characteristics"
"L1","stm32l151qc","table_34","1","7","Table 34. RAM and hardware registers"
"L1","stm32l151qc","table_36","6","7","Table 36. Flash memory and data EEPROM endurance and retention"
"L1","stm32l151qc","table_38","4","8","Table 38. EMI characteristics"
"L1","stm32l151qc","table_39","2","6","Table 39. ESD absolute maximum ratings"
"L1","stm32l151qc","table_41","3","5","Table 41. I/O current injection susceptibility"
"L1","stm32l151qc","table_43","6","6","Table 43. Output voltage characteristics"
"L1","stm32l151qc","table_54","6","8","Table 54. ADC clock frequency"
"L1","stm32l151qc","table_6","5","7","Table 6. Timer feature comparison"
"L1","stm32l151qc","table_61","6","6","Table 61. Temperature sensor characteristics"
"L1","stm32l151qc","table_63","4","7","Table 63. Comparator 2 characteristics"
"L1","stm32l151qc","table_8","6","11","Table 8. STM32L151xC/C-A and STM32L152xC/C-A pin definitions"
"L1","stm32l151qd","table_26","2","7","Table 26. High-speed external user clock characteristics"
"L1","stm32l151qd","table_31","4","6","Table 31. LSI oscillator characteristics"
"L1","stm32l151qd","table_34","1","7","Table 34. RAM and hardware registers"
"L1","stm32l151qd","table_36","6","7","Table 36. Flash memory and data EEPROM endurance and retention"
"L1","stm32l151qd","table_46","4","8","Table 46. EMI characteristics"
"L1","stm32l151qd","table_47","2","6","Table 47. ESD absolute maximum ratings"
"L1","stm32l151qd","table_49","3","5","Table 49. I/O current injection susceptibility"
"L1","stm32l151qd","table_51","6","6","Table 51. Output voltage characteristics"
"L1","stm32l151qd","table_6","5","7","Table 6. Timer feature comparison"
"L1","stm32l151qd","table_63","6","8","Table 63. ADC clock frequency"
"L1","stm32l151qd","table_70","6","6","Table 70. Temperature sensor characteristics"
"L1","stm32l151qd","table_72","4","7","Table 72. Comparator 2 characteristics"
"L1","stm32l151qd","table_8","6","11","Table 8. STM32L151xD and STM32L152xD pin definitions"
"L1","stm32l151qe","table_31","4","6","Table 31. LSI oscillator characteristics"
"L1","stm32l151qe","table_34","1","7","Table 34. RAM and hardware registers"
"L1","stm32l151qe","table_36","6","7","Table 36. Flash memory and data EEPROM endurance and retention"
"L1","stm32l151qe","table_38","4","8","Table 38. EMI characteristics"
"L1","stm32l151qe","table_39","3","7","Table 39. ESD absolute maximum ratings"
"L1","stm32l151qe","table_41","3","5","Table 41. I/O current injection susceptibility"
"L1","stm32l151qe","table_43","6","6","Table 43. Output voltage characteristics"
"L1","stm32l151qe","table_54","6","8","Table 54. ADC clock frequency"
"L1","stm32l151qe","table_6","5","7","Table 6. Timer feature comparison"
"L1","stm32l151qe","table_61","6","6","Table 61. Temperature sensor characteristics"
"L1","stm32l151qe","table_63","4","7","Table 63. Comparator 2 characteristics"
"L1","stm32l162qc","table_26","2","7","Table 26. High-speed external user clock characteristics"
"L1","stm32l162qc","table_31","4","6","Table 31. LSI oscillator characteristics"
"L1","stm32l162qc","table_34","1","7","Table 34. RAM and hardware registers"
"L1","stm32l162qc","table_36","6","7","Table 36. Flash memory and data EEPROM endurance and retention"
"L1","stm32l162qc","table_38","4","8","Table 38. EMI characteristics"
"L1","stm32l162qc","table_39","2","6","Table 39. ESD absolute maximum ratings"
"L1","stm32l162qc","table_41","3","5","Table 41. I/O current injection susceptibility"
"L1","stm32l162qc","table_43","6","6","Table 43. Output voltage characteristics"
"L1","stm32l162qc","table_54","6","8","Table 54. ADC clock frequency"
"L1","stm32l162qc","table_6","5","7","Table 6. Timer feature comparison"
"L1","stm32l162qc","table_61","6","6","Table 61. Temperature sensor characteristics"
"L1","stm32l162qc","table_63","4","7","Table 63. Comparator 2 characteristics"
"L1","stm32l162qc","table_8","6","11","Table 8. STM32L162xC/C-A pin definitions"
"L1","stm32l162qd","table_25","2","7","Table 25. High-speed external user clock characteristics"
"L1","stm32l162qd","table_30","4","6","Table 30. LSI oscillator characteristics"
"L1","stm32l162qd","table_33","1","7","Table 33. RAM and hardware registers"
"L1","stm32l162qd","table_35","6","7","Table 35. Flash memory and data EEPROM endurance and retention"
"L1","stm32l162qd","table_45","4","8","Table 45. EMI characteristics"
"L1","stm32l162qd","table_46","2","6","Table 46. ESD absolute maximum ratings"
"L1","stm32l162qd","table_48","3","5","Table 48. I/O current injection susceptibility"
"L1","stm32l162qd","table_5","5","7","Table 5. Timer feature comparison"
"L1","stm32l162qd","table_50","6","6","Table 50. Output voltage characteristics"
"L1","stm32l162qd","table_62","6","8","Table 62. ADC clock frequency"
"L1","stm32l162qd","table_69","6","6","Table 69. Temperature sensor characteristics"
"L1","stm32l162qd","table_71","4","7","Table 71. Comparator 2 characteristics"
"L1","stm32l162rc","table_32","4","6","Table 32. LSI oscillator characteristics"
"L1","stm32l162rc","table_35","1","7","Table 35. RAM and hardware registers"
"L1","stm32l162rc","table_37","6","7","Table 37. Flash memory and data EEPROM endurance and retention"
"L1","stm32l162rc","table_39","4","8","Table 39. EMI characteristics"
"L1","stm32l162rc","table_40","2","6","Table 40. ESD absolute maximum ratings"
"L1","stm32l162rc","table_42","3","5","Table 42. I/O current injection susceptibility"
"L1","stm32l162rc","table_44","6","6","Table 44. Output voltage characteristics"
"L1","stm32l162rc","table_55","6","8","Table 55. ADC clock frequency"
"L1","stm32l162rc","table_6","3","6","Table 6. V rail decoupling 24 LCD"
"L1","stm32l162rc","table_62","6","6","Table 62. Temperature sensor characteristics"
"L1","stm32l162rc","table_64","4","7","Table 64. Comparator 2 characteristics"
"L1","stm32l162rc","table_7","5","7","Table 7. Timer feature comparison"
"L1","stm32l162re","table_26","2","7","Table 26. High-speed external user clock characteristics"
"L1","stm32l162re","table_31","4","6","Table 31. LSI oscillator characteristics"
"L1","stm32l162re","table_34","1","7","Table 34. RAM and hardware registers"
"L1","stm32l162re","table_36","6","7","Table 36. Flash memory and data EEPROM endurance and retention"
"L1","stm32l162re","table_38","4","8","Table 38. EMI characteristics"
"L1","stm32l162re","table_39","3","7","Table 39. ESD absolute maximum ratings"
"L1","stm32l162re","table_41","3","5","Table 41. I/O current injection susceptibility"
"L1","stm32l162re","table_43","6","6","Table 43. Output voltage characteristics"
"L1","stm32l162re","table_54","6","8","Table 54. ADC clock frequency"
"L1","stm32l162re","table_6","5","7","Table 6. Timer feature comparison"
"L1","stm32l162re","table_61","6","6","Table 61. Temperature sensor characteristics"
"L1","stm32l162re","table_63","4","7","Table 63. Comparator 2 characteristics"
"L4","stm32l412c8","table_10","5","8","Table 10. Timer feature comparison"
"L4","stm32l412c8","table_33","5","9","Table 33. Typical current consumption in Run, with different codes running from "
"L4","stm32l412c8","table_36","5","9","Table 36. Typical current consumption in Run modes, with different codesrunning "
"L4","stm32l412c8","table_39","5","9","Table 39. Typical current consumption in Run, with different codes running from "
"L4","stm32l412c8","table_42","4","16","Table 42. Current consumption in Low-power sleep modes, flash in power-down"
"L4","stm32l412c8","table_45","4","14","Table 45. Current consumption in Stop 0"
"L4","stm32l412c8","table_51","2","6","Table 51. Regulator modes transition times"
"L4","stm32l412c8","table_52","2","6","Table 52. Wakeup time using USART/LPUART"
"L4","stm32l412c8","table_62","1","6","Table 62. Flash memory characteristics"
"L4","stm32l412c8","table_65","5","6","Table 65. EMI characteristics for fHSE = 8 MHz and fHCLK = 64 MHz"
"L4","stm32l412c8","table_66","3","7","Table 66. ESD absolute maximum ratings"
"L4","stm32l412c8","table_68","2","5","Table 68. I/O current injection susceptibility"
"L4","stm32l412c8","table_72","6","7","Table 72. NRST pin characteristics"
"L4","stm32l412c8","table_73","1","7","Table 73. EXTI Input Characteristics"
"L4","stm32l412c8","table_74","5","6","Table 74. Analog switches booster characteristics"
"L4","stm32l412c8","table_84","4","6","Table 84. V monitoring characteristics 157 BAT"
"L4","stm32l412c8","table_85","2","7","Table 85. V charging characteristics 157 BAT"
"L4","stm32l412c8","table_88","4","5","Table 88. WWDG min/max timeout value at 80 MHz (PCLK)"
"L4","stm32l412c8","table_93","6","7","Table 93. USB electrical characteristics"
"L4","stm32l422cb","table_32","4","16","Table 32. Current consumption in Low-power sleep modes, flash in power-down"
"L4","stm32l422cb","table_35","4","14","Table 35. Current consumption in Stop 0"
"L4","stm32l422cb","table_41","2","6","Table 41. Regulator modes transition times"
"L4","stm32l422cb","table_42","2","6","Table 42. Wakeup time using USART/LPUART"
"L4","stm32l422cb","table_52","1","6","Table 52. Flash memory characteristics"
"L4","stm32l422cb","table_55","5","6","Table 55. EMI characteristics for fHSE = 8 MHz and fHCLK = 64 MHz"
"L4","stm32l422cb","table_56","3","7","Table 56. ESD absolute maximum ratings"
"L4","stm32l422cb","table_58","2","5","Table 58. I/O current injection susceptibility"
"L4","stm32l422cb","table_62","6","7","Table 62. NRST pin characteristics"
"L4","stm32l422cb","table_63","1","7","Table 63. EXTI Input Characteristics"
"L4","stm32l422cb","table_64","5","6","Table 64. Analog switches booster characteristics"
"L4","stm32l422cb","table_74","4","6","Table 74. V monitoring characteristics 148 BAT"
"L4","stm32l422cb","table_75","2","7","Table 75. V charging characteristics 148 BAT"
"L4","stm32l422cb","table_78","4","5","Table 78. WWDG min/max timeout value at 80 MHz (PCLK)"
"L4","stm32l422cb","table_83","6","7","Table 83. USB electrical characteristics"
"L4","stm32l431cb","table_23","4","6","Table 23. Operating conditions at power-up / power-down"
"L4","stm32l431cb","table_33","4","16","Table 33. Current consumption in Low-power sleep modes, Flash in power-down"
"L4","stm32l431cb","table_36","4","14","Table 36. Current consumption in Stop 0"
"L4","stm32l431cb","table_42","2","6","Table 42. Regulator modes transition times"
"L4","stm32l431cb","table_43","2","6","Table 43. Wakeup time using USART/LPUART"
"L4","stm32l431cb","table_51","5","7","Table 51. LSI oscillator characteristics"
"L4","stm32l431cb","table_52","2","7","Table 52. PLL, PLLSAI1 characteristics"
"L4","stm32l431cb","table_53","1","6","Table 53. Flash memory characteristics"
"L4","stm32l431cb","table_56","5","6","Table 56. EMI characteristics"
"L4","stm32l431cb","table_57","2","6","Table 57. ESD absolute maximum ratings"
"L4","stm32l431cb","table_59","3","5","Table 59. I/O current injection susceptibility"
"L4","stm32l431cb","table_63","6","7","Table 63. NRST pin characteristics"
"L4","stm32l431cb","table_64","1","7","Table 64. EXTI Input Characteristics"
"L4","stm32l431cb","table_65","5","6","Table 65. Analog switches booster characteristics"
"L4","stm32l431cb","table_78","4","6","Table 78. V monitoring characteristics 163 BAT"
"L4","stm32l431cb","table_79","2","7","Table 79. V charging characteristics 163 BAT"
"L4","stm32l431cb","table_82","4","5","Table 82. WWDG min/max timeout value at 80 MHz (PCLK)"
"L4","stm32l431cb","table_90","3","7","Table 90. SWPMI electrical characteristics"
"L4","stm32l432kb","table_22","6","6","Table 22. Operating conditions at power-up / power-down"
"L4","stm32l432kb","table_32","4","16","Table 32. Current consumption in Low-power sleep modes, Flash in power-down"
"L4","stm32l432kb","table_35","4","14","Table 35. Current consumption in Stop 0"
"L4","stm32l432kb","table_40","2","6","Table 40. Regulator modes transition times"
"L4","stm32l432kb","table_41","2","6","Table 41. Wakeup time using USART/LPUART"
"L4","stm32l432kb","table_50","1","6","Table 50. Flash memory characteristics"
"L4","stm32l432kb","table_53","5","6","Table 53. EMI characteristics"
"L4","stm32l432kb","table_54","2","6","Table 54. ESD absolute maximum ratings"
"L4","stm32l432kb","table_56","2","5","Table 56. I/O current injection susceptibility"
"L4","stm32l432kb","table_60","6","7","Table 60. NRST pin characteristics"
"L4","stm32l432kb","table_61","1","7","Table 61. EXTI Input Characteristics"
"L4","stm32l432kb","table_62","5","6","Table 62. Analog switches booster characteristics"
"L4","stm32l432kb","table_76","4","5","Table 76. WWDG min/max timeout value at 80 MHz (PCLK)"
"L4","stm32l432kb","table_83","3","7","Table 83. SWPMI electrical characteristics"
"L4","stm32l433cb","table_10","5","8","Table 10. Timer feature comparison"
"L4","stm32l433cb","table_102","3","7","Table 102. SWPMI electrical characteristics"
"L4","stm32l433cb","table_23","6","6","Table 23. Operating conditions at power-up / power-down"
"L4","stm32l433cb","table_34","5","9","Table 34. Typical current consumption in Run, with different codes running from "
"L4","stm32l433cb","table_37","5","9","Table 37. Typical current consumption in Run modes, with different codesrunning "
"L4","stm32l433cb","table_40","5","9","Table 40. Typical current consumption in Run, with different codesrunning from S"
"L4","stm32l433cb","table_43","4","16","Table 43. Current consumption in Low-power sleep modes, flash in power-down"
"L4","stm32l433cb","table_46","4","14","Table 46. Current consumption in Stop 0"
"L4","stm32l433cb","table_52","2","6","Table 52. Regulator modes transition times"
"L4","stm32l433cb","table_53","2","6","Table 53. Wakeup time using USART/LPUART"
"L4","stm32l433cb","table_63","1","6","Table 63. Flash memory characteristics"
"L4","stm32l433cb","table_66","5","6","Table 66. EMI characteristics for fHSE = 8 MHz and fHCLK = 80 MHz"
"L4","stm32l433cb","table_67","2","6","Table 67. ESD absolute maximum ratings"
"L4","stm32l433cb","table_69","3","5","Table 69. I/O current injection susceptibility"
"L4","stm32l433cb","table_73","6","7","Table 73. NRST pin characteristics"
"L4","stm32l433cb","table_74","1","7","Table 74. EXTI Input Characteristics"
"L4","stm32l433cb","table_75","5","6","Table 75. Analog switches booster characteristics"
"L4","stm32l433cb","table_88","4","6","Table 88. V monitoring characteristics 179 BAT"
"L4","stm32l433cb","table_89","2","7","Table 89. V charging characteristics 179 BAT"
"L4","stm32l433cb","table_93","4","5","Table 93. WWDG min/max timeout value at 80 MHz (PCLK)"
"L4","stm32l433cb","table_94","1","5","Table 94. I2C analog filter characteristics"
"L4","stm32l442kc","table_22","6","6","Table 22. Operating conditions at power-up / power-down"
"L4","stm32l442kc","table_32","4","16","Table 32. Current consumption in Low-power sleep modes, Flash in power-down"
"L4","stm32l442kc","table_35","4","14","Table 35. Current consumption in Stop 0"
"L4","stm32l442kc","table_40","2","6","Table 40. Regulator modes transition times"
"L4","stm32l442kc","table_41","2","6","Table 41. Wakeup time using USART/LPUART"
"L4","stm32l442kc","table_50","1","6","Table 50. Flash memory characteristics"
"L4","stm32l442kc","table_53","5","6","Table 53. EMI characteristics"
"L4","stm32l442kc","table_54","2","6","Table 54. ESD absolute maximum ratings"
"L4","stm32l442kc","table_56","2","5","Table 56. I/O current injection susceptibility"
"L4","stm32l442kc","table_60","6","7","Table 60. NRST pin characteristics"
"L4","stm32l442kc","table_61","1","7","Table 61. EXTI Input Characteristics"
"L4","stm32l442kc","table_62","5","6","Table 62. Analog switches booster characteristics"
"L4","stm32l442kc","table_76","4","5","Table 76. WWDG min/max timeout value at 80 MHz (PCLK)"
"L4","stm32l442kc","table_83","3","7","Table 83. SWPMI electrical characteristics"
"L4","stm32l443cc","table_22","6","6","Table 22. Operating conditions at power-up / power-down"
"L4","stm32l443cc","table_32","4","16","Table 32. Current consumption in Low-power sleep modes, flash in power-down"
"L4","stm32l443cc","table_35","4","14","Table 35. Current consumption in Stop 0"
"L4","stm32l443cc","table_41","2","6","Table 41. Regulator modes transition times"
"L4","stm32l443cc","table_42","2","6","Table 42. Wakeup time using USART/LPUART"
"L4","stm32l443cc","table_52","1","6","Table 52. Flash memory characteristics"
"L4","stm32l443cc","table_55","5","6","Table 55. EMI characteristics for fHSE = 8 MHz and fHCLK = 80 MHz"
"L4","stm32l443cc","table_56","2","6","Table 56. ESD absolute maximum ratings"
"L4","stm32l443cc","table_58","3","5","Table 58. I/O current injection susceptibility"
"L4","stm32l443cc","table_62","6","7","Table 62. NRST pin characteristics"
"L4","stm32l443cc","table_63","1","7","Table 63. EXTI Input Characteristics"
"L4","stm32l443cc","table_64","5","6","Table 64. Analog switches booster characteristics"
"L4","stm32l443cc","table_77","4","6","Table 77. V monitoring characteristics 170 BAT"
"L4","stm32l443cc","table_78","2","7","Table 78. V charging characteristics 170 BAT"
"L4","stm32l443cc","table_82","4","5","Table 82. WWDG min/max timeout value at 80 MHz (PCLK)"
"L4","stm32l443cc","table_83","1","5","Table 83. I2C analog filter characteristics"
"L4","stm32l443cc","table_91","3","7","Table 91. SWPMI electrical characteristics"
"L4","stm32l451cc","table_11","6","8","Table 11. Timer feature comparison"
"L4","stm32l451cc","table_16","3","12","Table 16. STM32L451xx pin definitions"
"L4","stm32l451cc","table_24","4","6","Table 24. Operating conditions at power-up / power-down"
"L4","stm32l451cc","table_34","4","16","Table 34. Current consumption in Low-power sleep modes, Flash in power-down"
"L4","stm32l451cc","table_37","4","14","Table 37. Current consumption in Stop 0"
"L4","stm32l451cc","table_43","2","6","Table 43. Regulator modes transition times"
"L4","stm32l451cc","table_44","2","6","Table 44. Wakeup time using USART/LPUART"
"L4","stm32l451cc","table_52","5","7","Table 52. LSI oscillator characteristics"
"L4","stm32l451cc","table_53","2","7","Table 53. PLL, PLLSAI1 characteristics"
"L4","stm32l451cc","table_54","1","6","Table 54. Flash memory characteristics"
"L4","stm32l451cc","table_57","5","6","Table 57. EMI characteristics"
"L4","stm32l451cc","table_58","2","6","Table 58. ESD absolute maximum ratings"
"L4","stm32l451cc","table_60","3","5","Table 60. I/O current injection susceptibility"
"L4","stm32l451cc","table_64","6","7","Table 64. NRST pin characteristics"
"L4","stm32l451cc","table_65","1","7","Table 65. EXTI Input Characteristics"
"L4","stm32l451cc","table_66","5","6","Table 66. Analog switches booster characteristics"
"L4","stm32l451cc","table_79","4","6","Table 79. V monitoring characteristics 166 BAT"
"L4","stm32l451cc","table_80","2","7","Table 80. V charging characteristics 166 BAT"
"L4","stm32l451cc","table_83","4","5","Table 83. WWDG min/max timeout value at 80 MHz (PCLK)"
"L4","stm32l452cc","table_101","6","7","Table 101. USB electrical characteristics"
"L4","stm32l452cc","table_11","6","8","Table 11. Timer feature comparison"
"L4","stm32l452cc","table_24","6","6","Table 24. Operating conditions at power-up / power-down"
"L4","stm32l452cc","table_35","5","9","Table 35. Typical current consumption in Run, with different codes running from "
"L4","stm32l452cc","table_38","5","9","Table 38. Typical current consumption in Run modes, with different codesrunning "
"L4","stm32l452cc","table_41","5","9","Table 41. Typical current consumption in Run, with different codesrunning from S"
"L4","stm32l452cc","table_44","4","16","Table 44. Current consumption in Low-power sleep modes, Flash in power-down"
"L4","stm32l452cc","table_47","4","14","Table 47. Current consumption in Stop 0"
"L4","stm32l452cc","table_53","2","6","Table 53. Regulator modes transition times"
"L4","stm32l452cc","table_54","2","6","Table 54. Wakeup time using USART/LPUART"
"L4","stm32l452cc","table_64","1","6","Table 64. Flash memory characteristics"
"L4","stm32l452cc","table_67","5","6","Table 67. EMI characteristics"
"L4","stm32l452cc","table_68","2","6","Table 68. ESD absolute maximum ratings"
"L4","stm32l452cc","table_70","3","5","Table 70. I/O current injection susceptibility"
"L4","stm32l452cc","table_74","6","7","Table 74. NRST pin characteristics"
"L4","stm32l452cc","table_75","1","7","Table 75. EXTI Input Characteristics"
"L4","stm32l452cc","table_76","5","6","Table 76. Analog switches booster characteristics"
"L4","stm32l452cc","table_89","4","6","Table 89. V monitoring characteristics 179 BAT"
"L4","stm32l452cc","table_90","2","7","Table 90. V charging characteristics 179 BAT"
"L4","stm32l452cc","table_93","4","5","Table 93. WWDG min/max timeout value at 80 MHz (PCLK)"
"L4","stm32l462ce","table_10","6","8","Table 10. Timer feature comparison"
"L4","stm32l462ce","table_15","2","12","Table 15. STM32L462xx pin definitions"
"L4","stm32l462ce","table_23","6","6","Table 23. Operating conditions at power-up / power-down"
"L4","stm32l462ce","table_33","4","16","Table 33. Current consumption in Low-power sleep modes, Flash in power-down"
"L4","stm32l462ce","table_36","4","14","Table 36. Current consumption in Stop 0"
"L4","stm32l462ce","table_42","2","6","Table 42. Regulator modes transition times"
"L4","stm32l462ce","table_43","2","6","Table 43. Wakeup time using USART/LPUART"
"L4","stm32l462ce","table_53","1","6","Table 53. Flash memory characteristics"
"L4","stm32l462ce","table_56","5","6","Table 56. EMI characteristics"
"L4","stm32l462ce","table_57","2","6","Table 57. ESD absolute maximum ratings"
"L4","stm32l462ce","table_59","3","5","Table 59. I/O current injection susceptibility"
"L4","stm32l462ce","table_63","6","7","Table 63. NRST pin characteristics"
"L4","stm32l462ce","table_64","1","7","Table 64. EXTI Input Characteristics"
"L4","stm32l462ce","table_65","5","6","Table 65. Analog switches booster characteristics"
"L4","stm32l462ce","table_78","4","6","Table 78. V monitoring characteristics 169 BAT"
"L4","stm32l462ce","table_79","2","7","Table 79. V charging characteristics 169 BAT"
"L4","stm32l462ce","table_82","4","5","Table 82. WWDG min/max timeout value at 80 MHz (PCLK)"
"L4","stm32l462ce","table_90","6","7","Table 90. USB electrical characteristics"
"L4","stm32l471qe","table_103","5","5","Table 103. Switching characteristics for NAND Flash read cycles"
"L4","stm32l471qe","table_104","6","5","Table 104. Switching characteristics for NAND Flash write cycles"
"L4","stm32l471qe","table_105","3","7","Table 105. SWPMI electrical characteristics"
"L4","stm32l471qe","table_11","4","8","Table 11. Timer feature comparison"
"L4","stm32l471qe","table_16","3","11","Table 16. STM32L471xx pin definitions"
"L4","stm32l471qe","table_24","6","6","Table 24. Operating conditions at power-up / power-down"
"L4","stm32l471qe","table_32","5","9","Table 32. Typical current consumption in Run and Low-power run modes, with diffe"
"L4","stm32l471qe","table_34","4","16","Table 34. Current consumption in Low-power sleep modes, Flash in power-down"
"L4","stm32l471qe","table_37","4","14","Table 37. Current consumption in Stop 0 mode"
"L4","stm32l471qe","table_43","2","6","Table 43. Regulator modes transition times"
"L4","stm32l471qe","table_44","2","6","Table 44. Wakeup time using USART/LPUART"
"L4","stm32l471qe","table_45","6","7","Table 45. High-speed external user clock characteristics"
"L4","stm32l471qe","table_51","5","7","Table 51. LSI oscillator characteristics"
"L4","stm32l471qe","table_53","1","6","Table 53. Flash memory characteristics"
"L4","stm32l471qe","table_56","4","7","Table 56. EMI characteristics"
"L4","stm32l471qe","table_57","2","6","Table 57. ESD absolute maximum ratings"
"L4","stm32l471qe","table_59","3","5","Table 59. I/O current injection susceptibility"
"L4","stm32l471qe","table_63","6","7","Table 63. NRST pin characteristics"
"L4","stm32l471qe","table_64","1","7","Table 64. EXTI input characteristics"
"L4","stm32l471qe","table_65","5","6","Table 65. Analog switches booster characteristics"
"L4","stm32l471qe","table_78","4","6","Table 78. V monitoring characteristics 174 BAT"
"L4","stm32l471qe","table_79","2","7","Table 79. V charging characteristics 174 BAT"
"L4","stm32l471qe","table_83","4","5","Table 83. WWDG min/max timeout value at 80 MHz (PCLK)"
"L4","stm32l471qe","table_92","5","5","Table 92. Asynchronous non-multiplexed SRAM/PSRAM/NOR read-NWAIT timings"
"L4","stm32l471qe","table_96","4","5","Table 96. Asynchronous multiplexed PSRAM/NOR read-NWAIT timings"
"L4","stm32l471qe","table_98","4","5","Table 98. Asynchronous multiplexed PSRAM/NOR write-NWAIT timings"
"L4","stm32l475rc","table_100","3","7","Table 100. SWPMI electrical characteristics"
"L4","stm32l475rc","table_11","4","8","Table 11. Timer feature comparison"
"L4","stm32l475rc","table_24","6","6","Table 24. Operating conditions at power-up / power-down"
"L4","stm32l475rc","table_32","5","9","Table 32. Typical current consumption in Run and Low-power run modes, with diffe"
"L4","stm32l475rc","table_34","4","16","Table 34. Current consumption in Low-power sleep modes, Flash in power-down"
"L4","stm32l475rc","table_37","4","14","Table 37. Current consumption in Stop 0 mode"
"L4","stm32l475rc","table_43","2","6","Table 43. Regulator modes transition times"
"L4","stm32l475rc","table_44","2","6","Table 44. Wakeup time using USART/LPUART"
"L4","stm32l475rc","table_45","6","7","Table 45. High-speed external user clock characteristics"
"L4","stm32l475rc","table_53","1","6","Table 53. Flash memory characteristics"
"L4","stm32l475rc","table_56","4","6","Table 56. EMI characteristics"
"L4","stm32l475rc","table_57","2","6","Table 57. ESD absolute maximum ratings"
"L4","stm32l475rc","table_59","3","5","Table 59. I/O current injection susceptibility"
"L4","stm32l475rc","table_63","6","7","Table 63. NRST pin characteristics"
"L4","stm32l475rc","table_64","1","7","Table 64. EXTI input characteristics"
"L4","stm32l475rc","table_65","5","6","Table 65. Analog switches booster characteristics"
"L4","stm32l475rc","table_78","4","6","Table 78. V monitoring characteristics 165 BAT"
"L4","stm32l475rc","table_79","2","7","Table 79. V charging characteristics 165 BAT"
"L4","stm32l475rc","table_83","4","5","Table 83. WWDG min/max timeout value at 80 MHz (PCLK)"
"L4","stm32l475rc","table_95","4","5","Table 95. Asynchronous multiplexed PSRAM/NOR read-NWAIT timings"
"L4","stm32l475rc","table_97","4","5","Table 97. Asynchronous multiplexed PSRAM/NOR write-NWAIT timings"
"L4","stm32l476je","table_106","5","5","Table 106. Asynchronous non-multiplexed SRAM/PSRAM/NOR read-NWAIT timings"
"L4","stm32l476je","table_11","4","8","Table 11. Timer feature comparison"
"L4","stm32l476je","table_110","4","5","Table 110. Asynchronous multiplexed PSRAM/NOR read-NWAIT timings"
"L4","stm32l476je","table_112","4","5","Table 112. Asynchronous multiplexed PSRAM/NOR write-NWAIT timings"
"L4","stm32l476je","table_117","5","5","Table 117. Switching characteristics for NAND flash read cycles"
"L4","stm32l476je","table_118","6","5","Table 118. Switching characteristics for NAND flash write cycles"
"L4","stm32l476je","table_119","3","7","Table 119. SWPMI electrical characteristics"
"L4","stm32l476je","table_35","5","9","Table 35. Typical current consumption in Run, with different codes running from "
"L4","stm32l476je","table_38","5","9","Table 38. Typical current consumption in Run modes, with different codes running"
"L4","stm32l476je","table_41","5","9","Table 41. Typical current consumption in Run mode, with different codes running "
"L4","stm32l476je","table_44","4","16","Table 44. Current consumption in Low-power sleep modes, flash in power-down"
"L4","stm32l476je","table_47","4","14","Table 47. Current consumption in Stop 0 mode"
"L4","stm32l476je","table_53","2","6","Table 53. Regulator modes transition times"
"L4","stm32l476je","table_54","2","6","Table 54. Wakeup time using USART/LPUART"
"L4","stm32l476je","table_55","6","7","Table 55. High-speed external user clock characteristics"
"L4","stm32l476je","table_63","1","6","Table 63. Flash memory characteristics"
"L4","stm32l476je","table_66","4","7","Table 66. EMI characteristics"
"L4","stm32l476je","table_67","2","6","Table 67. ESD absolute maximum ratings"
"L4","stm32l476je","table_69","3","5","Table 69. I/O current injection susceptibility"
"L4","stm32l476je","table_73","6","7","Table 73. NRST pin characteristics"
"L4","stm32l476je","table_74","1","7","Table 74. EXTI input characteristics"
"L4","stm32l476je","table_75","5","6","Table 75. Analog switches booster characteristics"
"L4","stm32l476je","table_88","4","6","Table 88. V monitoring characteristics 196 BAT"
"L4","stm32l476je","table_89","2","7","Table 89. V charging characteristics 196 BAT"
"L4","stm32l476je","table_94","4","5","Table 94. WWDG min/max timeout value at 80 MHz (PCLK)"
"L4","stm32l486jg","table_106","5","5","Table 106. Asynchronous non-multiplexed SRAM/PSRAM/NOR read-NWAIT timings"
"L4","stm32l486jg","table_11","6","8","Table 11. Timer feature comparison"
"L4","stm32l486jg","table_110","4","5","Table 110. Asynchronous multiplexed PSRAM/NOR read-NWAIT timings"
"L4","stm32l486jg","table_112","4","5","Table 112. Asynchronous multiplexed PSRAM/NOR write-NWAIT timings"
"L4","stm32l486jg","table_117","5","5","Table 117. Switching characteristics for NAND flash read cycles"
"L4","stm32l486jg","table_118","6","5","Table 118. Switching characteristics for NAND flash write cycles"
"L4","stm32l486jg","table_119","3","7","Table 119. SWPMI electrical characteristics"
"L4","stm32l486jg","table_35","5","9","Table 35. Typical current consumption in Run, with different codes running from "
"L4","stm32l486jg","table_38","5","9","Table 38. Typical current consumption in Run modes, with different codes running"
"L4","stm32l486jg","table_41","5","9","Table 41. Typical current consumption in Run mode, with different codes running "
"L4","stm32l486jg","table_44","4","16","Table 44. Current consumption in Low-power sleep modes, flash in power-down"
"L4","stm32l486jg","table_47","4","14","Table 47. Current consumption in Stop 0 mode"
"L4","stm32l486jg","table_53","2","6","Table 53. Regulator modes transition times"
"L4","stm32l486jg","table_54","2","6","Table 54. Wakeup time using USART/LPUART"
"L4","stm32l486jg","table_55","6","7","Table 55. High-speed external user clock characteristics"
"L4","stm32l486jg","table_63","1","6","Table 63. Flash memory characteristics"
"L4","stm32l486jg","table_66","4","7","Table 66. EMI characteristics"
"L4","stm32l486jg","table_67","2","6","Table 67. ESD absolute maximum ratings"
"L4","stm32l486jg","table_69","3","5","Table 69. I/O current injection susceptibility"
"L4","stm32l486jg","table_73","6","7","Table 73. NRST pin characteristics"
"L4","stm32l486jg","table_74","1","7","Table 74. EXTI input characteristics"
"L4","stm32l486jg","table_75","5","6","Table 75. Analog switches booster characteristics"
"L4","stm32l486jg","table_88","4","6","Table 88. V monitoring characteristics 194 BAT"
"L4","stm32l486jg","table_89","2","7","Table 89. V charging characteristics 194 BAT"
"L4","stm32l486jg","table_94","4","5","Table 94. WWDG min/max timeout value at 80 MHz (PCLK)"
"L4","stm32l496ae","table_10","6","8","Table 10. Timer feature comparison"
"L4","stm32l496ae","table_103","2","6","Table 103. USB OTG electrical characteristics"
"L4","stm32l496ae","table_106","5","5","Table 106. Asynchronous non-multiplexed SRAM/PSRAM/NOR read-NWAIT timings"
"L4","stm32l496ae","table_110","4","5","Table 110. Asynchronous multiplexed PSRAM/NOR read-NWAIT timings"
"L4","stm32l496ae","table_112","4","5","Table 112. Asynchronous multiplexed PSRAM/NOR write-NWAIT timings"
"L4","stm32l496ae","table_118","6","5","Table 118. Switching characteristics for NAND flash write cycles"
"L4","stm32l496ae","table_119","3","5","Table 119. DCMI characteristics"
"L4","stm32l496ae","table_120","3","7","Table 120. SWPMI electrical characteristics"
"L4","stm32l496ae","table_34","5","9","Table 34. Typical current consumption in Run, with different codes running from "
"L4","stm32l496ae","table_37","5","9","Table 37. Typical current consumption in Run modes, with different codes running"
"L4","stm32l496ae","table_40","5","9","Table 40. Typical current consumption in Run, with different codes running from "
"L4","stm32l496ae","table_43","4","16","Table 43. Current consumption in Low-power sleep modes, flash in power-down"
"L4","stm32l496ae","table_46","4","14","Table 46. Current consumption in Stop 0 mode"
"L4","stm32l496ae","table_52","2","6","Table 52. Regulator modes transition times"
"L4","stm32l496ae","table_53","2","6","Table 53. Wakeup time using USART/LPUART"
"L4","stm32l496ae","table_54","6","7","Table 54. High-speed external user clock characteristics"
"L4","stm32l496ae","table_61","5","7","Table 61. LSI oscillator characteristics"
"L4","stm32l496ae","table_62","2","7","Table 62. PLL, PLLSAI1, PLLSAI2 characteristics"
"L4","stm32l496ae","table_66","5","6","Table 66. EMI characteristics for fHSE = 8 MHz and fHCLK = 80 MHz"
"L4","stm32l496ae","table_67","2","6","Table 67. ESD absolute maximum ratings"
"L4","stm32l496ae","table_68","4","5","Table 68. Electrical sensitivities"
"L4","stm32l496ae","table_69","4","5","Table 69. I/O current injection susceptibility"
"L4","stm32l496ae","table_73","6","7","Table 73. NRST pin characteristics"
"L4","stm32l496ae","table_74","1","7","Table 74. EXTI Input Characteristics"
"L4","stm32l496ae","table_75","5","6","Table 75. Analog switches booster characteristics"
"L4","stm32l496ae","table_88","4","6","Table 88. V monitoring characteristics 209 BAT"
"L4","stm32l496ae","table_89","2","7","Table 89. V charging characteristics 209 BAT"
"L4","stm32l496ae","table_94","4","5","Table 94. WWDG min/max timeout value at 80 MHz (PCLK)"
"L4","stm32l4a6ag","table_10","6","8","Table 10. Timer feature comparison"
"L4","stm32l4a6ag","table_103","2","6","Table 103. USB OTG electrical characteristics"
"L4","stm32l4a6ag","table_106","5","5","Table 106. Asynchronous non-multiplexed SRAM/PSRAM/NOR read-NWAIT timings"
"L4","stm32l4a6ag","table_110","4","5","Table 110. Asynchronous multiplexed PSRAM/NOR read-NWAIT timings"
"L4","stm32l4a6ag","table_112","4","5","Table 112. Asynchronous multiplexed PSRAM/NOR write-NWAIT timings"
"L4","stm32l4a6ag","table_117","5","5","Table 117. Switching characteristics for NAND flash read cycles"
"L4","stm32l4a6ag","table_118","6","5","Table 118. Switching characteristics for NAND flash write cycles"
"L4","stm32l4a6ag","table_34","5","9","Table 34. Typical current consumption in Run, with different codes running from "
"L4","stm32l4a6ag","table_37","5","9","Table 37. Typical current consumption in Run modes, with different codes running"
"L4","stm32l4a6ag","table_40","5","9","Table 40. Typical current consumption in Run, with different codes running from "
"L4","stm32l4a6ag","table_43","4","16","Table 43. Current consumption in Low-power sleep modes, flash in power-down"
"L4","stm32l4a6ag","table_46","4","14","Table 46. Current consumption in Stop 0 mode"
"L4","stm32l4a6ag","table_52","2","6","Table 52. Regulator modes transition times"
"L4","stm32l4a6ag","table_53","2","6","Table 53. Wakeup time using USART/LPUART"
"L4","stm32l4a6ag","table_54","6","7","Table 54. High-speed external user clock characteristics"
"L4","stm32l4a6ag","table_66","5","6","Table 66. EMI characteristics for fHSE = 8 MHz and fHCLK = 80 MHz"
"L4","stm32l4a6ag","table_67","2","6","Table 67. ESD absolute maximum ratings"
"L4","stm32l4a6ag","table_68","4","5","Table 68. Electrical sensitivities"
"L4","stm32l4a6ag","table_69","4","5","Table 69. I/O current injection susceptibility"
"L4","stm32l4a6ag","table_73","6","7","Table 73. NRST pin characteristics"
"L4","stm32l4a6ag","table_74","1","7","Table 74. EXTI Input Characteristics"
"L4","stm32l4a6ag","table_75","5","6","Table 75. Analog switches booster characteristics"
"L4","stm32l4a6ag","table_88","4","6","Table 88. V monitoring characteristics 208 BAT"
"L4","stm32l4a6ag","table_89","2","7","Table 89. V charging characteristics 208 BAT"
"L4","stm32l4a6ag","table_94","4","5","Table 94. WWDG min/max timeout value at 80 MHz (PCLK)"
"L5","stm32l552cc","table_101","3","5","Table 101. I/O current injection susceptibility"
"L5","stm32l552cc","table_106","6","7","Table 106. NRST pin characteristics"
"L5","stm32l552cc","table_107","6","6","Table 107. EXTI input characteristics"
"L5","stm32l552cc","table_121","4","6","Table 121. V monitoring characteristics 265 BAT"
"L5","stm32l552cc","table_122","2","7","Table 122. V charging characteristics 265 BAT"
"L5","stm32l552cc","table_127","4","5","Table 127. WWDG min/max timeout value at 110 MHz (PCLK)"
"L5","stm32l552cc","table_128","1","5","Table 128. I2C analog filter characteristics"
"L5","stm32l552cc","table_133","5","5","Table 133. Asynchronous non-multiplexed SRAM/PSRAM/NOR read-NWAIT timings"
"L5","stm32l552cc","table_137","4","5","Table 137. Asynchronous multiplexed PSRAM/NOR read-NWAIT timings"
"L5","stm32l552cc","table_139","4","5","Table 139. Asynchronous multiplexed PSRAM/NOR write-NWAIT timings"
"L5","stm32l552cc","table_149","2","7","Table 149. Dynamics characteristics: delay block characteristics"
"L5","stm32l552cc","table_151","3","7","Table 151. Dynamics characteristics: eMMC characteristics VDD=1.71 V to 1.9 V"
"L5","stm32l552cc","table_152","2","7","Table 152. UCPD characteristics"
"L5","stm32l552cc","table_16","6","8","Table 16. Timer feature comparison"
"L5","stm32l552cc","table_28","3","5","Table 28. SMPS modes summary"
"L5","stm32l552cc","table_29","6","7","Table 29. SMPS characteristics"
"L5","stm32l552cc","table_3","4","6","Table 3. Boot modes when TrustZone is disabled (TZEN=0)"
"L5","stm32l552cc","table_4","6","8","Table 4. Boot modes when TrustZone is enabled (TZEN=1)"
"L5","stm32l552cc","table_60","4","16","Table 60. Current consumption in Low-power sleep mode, Flash in power-down"
"L5","stm32l552cc","table_78","4","15","Table 78. Current consumption in Stop 0 mode"
"L5","stm32l552cc","table_84","2","6","Table 84. Regulator modes transition times"
"L5","stm32l552cc","table_85","2","6","Table 85. Wakeup time using USART/LPUART"
"L5","stm32l552cc","table_98","5","6","Table 98. EMI characteristics"
"L5","stm32l552cc","table_99","3","7","Table 99. ESD absolute maximum ratings"
"L5","stm32l562ce","table_101","3","5","Table 101. I/O current injection susceptibility"
"L5","stm32l562ce","table_106","6","7","Table 106. NRST pin characteristics"
"L5","stm32l562ce","table_107","6","6","Table 107. EXTI input characteristics"
"L5","stm32l562ce","table_121","4","6","Table 121. V monitoring characteristics 270 BAT"
"L5","stm32l562ce","table_122","2","7","Table 122. V charging characteristics 270 BAT"
"L5","stm32l562ce","table_123","4","7","Table 123. Temp and VDD monitoring characteristics"
"L5","stm32l562ce","table_127","4","5","Table 127. WWDG min/max timeout value at 110 MHz (PCLK)"
"L5","stm32l562ce","table_128","1","5","Table 128. I2C analog filter characteristics"
"L5","stm32l562ce","table_133","5","5","Table 133. Asynchronous non-multiplexed SRAM/PSRAM/NOR read-NWAIT timings"
"L5","stm32l562ce","table_137","4","5","Table 137. Asynchronous multiplexed PSRAM/NOR read-NWAIT timings"
"L5","stm32l562ce","table_139","4","5","Table 139. Asynchronous multiplexed PSRAM/NOR write-NWAIT timings"
"L5","stm32l562ce","table_149","2","7","Table 149. Dynamics characteristics: delay block characteristics"
"L5","stm32l562ce","table_151","3","7","Table 151. Dynamics characteristics: eMMC characteristics VDD=1.71 V to 1.9 V"
"L5","stm32l562ce","table_152","2","7","Table 152. UCPD characteristics"
"L5","stm32l562ce","table_153","1","7","Table 153. USB startup time"
"L5","stm32l562ce","table_28","3","5","Table 28. SMPS modes summary"
"L5","stm32l562ce","table_29","6","7","Table 29. SMPS characteristics"
"L5","stm32l562ce","table_3","4","6","Table 3. Boot modes when TrustZone is disabled (TZEN=0)"
"L5","stm32l562ce","table_4","6","8","Table 4. Boot modes when TrustZone is enabled (TZEN=1)"
"L5","stm32l562ce","table_60","4","16","Table 60. Current consumption in Low-power sleep mode, Flash in power-down"
"L5","stm32l562ce","table_78","4","15","Table 78. Current consumption in Stop 0 mode"
"L5","stm32l562ce","table_84","2","6","Table 84. Regulator modes transition times"
"L5","stm32l562ce","table_85","2","6","Table 85. Wakeup time using USART/LPUART"
"L5","stm32l562ce","table_98","5","6","Table 98. EMI characteristics for fHSE = 8 MHz and fHCLK = 110 MHz"
"L5","stm32l562ce","table_99","3","7","Table 99. ESD absolute maximum ratings"
"N6","stm32n645a0","table_100","5","7","Table 100. Temperature and VBAT monitoring characteristics"
"N6","stm32n645a0","table_101","3","7","Table 101. Compensation cell characteristics"
"N6","stm32n645a0","table_105","6","5","Table 105. DCMIPP characteristics"
"N6","stm32n645a0","table_110","4","5","Table 110. LPTIMx characteristics"
"N6","stm32n645a0","table_112","1","5","Table 112. I2C analog filter characteristics"
"N6","stm32n645a0","table_113","1","8","Table 113. I3C open-drain measured timing"
"N6","stm32n645a0","table_114","1","8","Table 114. I3C push-pull measured timing"
"N6","stm32n645a0","table_117","4","6","Table 117. Dynamic characteristics: Ethernet MAC signals for MDIO/SMA"
"N6","stm32n645a0","table_118","6","6","Table 118. Dynamic characteristics: Ethernet MAC signals for RMII"
"N6","stm32n645a0","table_126","5","7","Table 126. Dynamic characteristics: SWD"
"N6","stm32n645a0","table_127","4","6","Table 127. MDIO target timing parameters"
"N6","stm32n645a0","table_22","4","5","Table 22. Current characteristics"
"N6","stm32n645a0","table_27","3","6","Table 27. Characteristics of SMPS step-down converter external components"
"N6","stm32n645a0","table_29","5","7","Table 29. Embedded internal voltage reference"
"N6","stm32n645a0","table_42","4","9","Table 42. Current consumption in Stop mode"
"N6","stm32n645a0","table_45","4","9","Table 45. Current consumption in VBAT mode"
"N6","stm32n645a0","table_46","6","5","Table 46. Low-power mode wake-up timings"
"N6","stm32n645a0","table_47","4","7","Table 47. HSE clock characteristics (digital bypass)"
"N6","stm32n645a0","table_49","4","7","Table 49. HSE clock characteristics generated from crystal/ceramic resonator"
"N6","stm32n645a0","table_50","4","7","Table 50. LSE clock characteristics (digital bypass)"
"N6","stm32n645a0","table_51","3","7","Table 51. LSE clock characteristics (analog bypass)"
"N6","stm32n645a0","table_52","6","7","Table 52. LSE clock characteristics generated from crystal/ceramic resonator"
"N6","stm32n645a0","table_53","1","7","Table 53. High speed external user clock security system (HSE CSS)"
"N6","stm32n645a0","table_54","2","7","Table 54. Low speed external user clock security system (LSE CSS)"
"N6","stm32n645a0","table_55","4","7","Table 55. 64 MHz high-speed internal (HSI) oscillator characteristics"
"N6","stm32n645a0","table_57","4","7","Table 57. 32 kHz low-speed internal (LSI) oscillator characteristics"
"N6","stm32n645a0","table_6","5","9","Table 6. Operating mode summary"
"N6","stm32n645a0","table_60","6","7","Table 60. OTP characteristics"
"N6","stm32n645a0","table_62","5","6","Table 62. EMI characteristics for fHSE = 32 MHz and fHCLK = 100 MHz"
"N6","stm32n645a0","table_63","2","7","Table 63. ESD absolute maximum ratings"
"N6","stm32n645a0","table_66","2","6","Table 66. Leakage characteristics"
"N6","stm32n645a0","table_67","2","6","Table 67. RPU/RPD characteristics"
"N6","stm32n645a0","table_68","6","7","Table 68. NRST pin characteristics"
"N6","stm32n645a0","table_7","4","9","Table 7. Functionalities depending on system operating mode"
"N6","stm32n645a0","table_70","5","5","Table 70. Asynchronous non multiplexed SRAM/PSRAM/NOR read-NWAIT timings"
"N6","stm32n645a0","table_8","2","5","Table 8. GPDMA1 channel implementation"
"N6","stm32n645a0","table_81","5","5","Table 81. NAND flash memory read cycles"
"N6","stm32n645a0","table_82","6","5","Table 82. NAND flash memory write cycles"
"N6","stm32n645a0","table_93","3","7","Table 93. Delay block dynamic characteristics"
"U0","stm32u031c6","table_18","6","5","Table 18. Voltage characteristics"
"U0","stm32u031c6","table_19","6","5","Table 19. Current characteristics"
"U0","stm32u031c6","table_22","5","6","Table 22. Operating conditions at power-up / power-down"
"U0","stm32u031c6","table_36","2","15","Table 36. Current consumption in Sleep and Low-power sleep modes, flash memory i"
"U0","stm32u031c6","table_37","5","14","Table 37. Current consumption in Stop 0 mode"
"U0","stm32u031c6","table_39","2","16","Table 39. Current consumption in Stop 2 mode"
"U0","stm32u031c6","table_42","6","16","Table 42. Current consumption in VBAT mode"
"U0","stm32u031c6","table_45","2","6","Table 45. Regulator mode transition times"
"U0","stm32u031c6","table_46","2","6","Table 46. Wake-up time using USART/LPUART"
"U0","stm32u031c6","table_58","5","6","Table 58. EMI characteristics for f = 8 MHz and f = 48 MHz 75 HSE HCLK"
"U0","stm32u031c6","table_59","3","7","Table 59. ESD absolute maximum ratings"
"U0","stm32u031c6","table_61","2","5","Table 61. I/O current injection susceptibility"
"U0","stm32u031c6","table_65","6","7","Table 65. NRST pin characteristics"
"U0","stm32u031c6","table_66","1","7","Table 66. EXTI Input Characteristics"
"U0","stm32u031c6","table_72","4","6","Table 72. V monitoring characteristics 88 BAT"
"U0","stm32u031c6","table_73","2","7","Table 73. V charging characteristics 88 BAT"
"U0","stm32u031c6","table_92","5","7","Table 92. LQFP64 - Mechanical data"
"U0","stm32u031c6","table_93","3","7","Table 93. UFBGA64 - Mechanical data"
"U0","stm32u073c8","table_100","6","7","Table 100. UFBGA81 - Mechanical data"
"U0","stm32u073c8","table_12","4","14","Table 12. STM32U073x8/B/C pin/ball definition"
"U0","stm32u073c8","table_37","4","15","Table 37. Current consumption in Sleep and Low-power sleep modes, flash memory i"
"U0","stm32u073c8","table_38","5","14","Table 38. Current consumption in Stop 0 mode"
"U0","stm32u073c8","table_46","2","6","Table 46. Regulator mode transition times"
"U0","stm32u073c8","table_48","6","7","Table 48. High-speed external user clock characteristics"
"U0","stm32u073c8","table_49","4","7","Table 49. Low-speed external user clock characteristics"
"U0","stm32u073c8","table_55","5","7","Table 55. LSI oscillator characteristics"
"U0","stm32u073c8","table_60","5","6","Table 60. EMI characteristics for f = 8 MHz and f = 54 MHz 81 HSE HCLK"
"U0","stm32u073c8","table_61","3","7","Table 61. ESD absolute maximum ratings"
"U0","stm32u073c8","table_63","2","5","Table 63. I/O current injection susceptibility"
"U0","stm32u073c8","table_67","6","7","Table 67. NRST pin characteristics"
"U0","stm32u073c8","table_68","1","7","Table 68. EXTI Input Characteristics"
"U0","stm32u073c8","table_74","4","6","Table 74. V monitoring characteristics 94 BAT"
"U0","stm32u073c8","table_75","2","7","Table 75. V charging characteristics 94 BAT"
"U0","stm32u073c8","table_88","6","7","Table 88. USB electrical characteristics"
"U0","stm32u073c8","table_92","2","7","Table 92. WLCSP42 - Mechanical data"
"U0","stm32u073c8","table_96","5","7","Table 96. LQFP64 - Mechanical data"
"U0","stm32u073c8","table_97","3","7","Table 97. UFBGA64 - Mechanical data"
"U0","stm32u083cc","table_100","6","7","Table 100. UFBGA81 - Mechanical data"
"U0","stm32u083cc","table_12","4","14","Table 12. STM32U083xC pin/ball definition"
"U0","stm32u083cc","table_37","4","15","Table 37. Current consumption in Sleep and Low-power sleep modes, flash memory i"
"U0","stm32u083cc","table_38","5","14","Table 38. Current consumption in Stop 0 mode"
"U0","stm32u083cc","table_46","2","6","Table 46. Regulator mode transition times"
"U0","stm32u083cc","table_48","6","7","Table 48. High-speed external user clock characteristics"
"U0","stm32u083cc","table_49","4","7","Table 49. Low-speed external user clock characteristics"
"U0","stm32u083cc","table_55","5","7","Table 55. LSI oscillator characteristics"
"U0","stm32u083cc","table_60","5","6","Table 60. EMI characteristics for f = 8 MHz and f = 54 MHz 81 HSE HCLK"
"U0","stm32u083cc","table_61","3","7","Table 61. ESD absolute maximum ratings"
"U0","stm32u083cc","table_63","2","5","Table 63. I/O current injection susceptibility"
"U0","stm32u083cc","table_67","6","7","Table 67. NRST pin characteristics"
"U0","stm32u083cc","table_68","1","7","Table 68. EXTI Input Characteristics"
"U0","stm32u083cc","table_74","4","6","Table 74. V monitoring characteristics 94 BAT"
"U0","stm32u083cc","table_75","2","7","Table 75. V charging characteristics 94 BAT"
"U0","stm32u083cc","table_88","6","7","Table 88. USB electrical characteristics"
"U0","stm32u083cc","table_92","2","7","Table 92. WLCSP42 - Mechanical data"
"U0","stm32u083cc","table_96","5","7","Table 96. LQFP64 - Mechanical data"
"U0","stm32u083cc","table_97","3","7","Table 97. UFBGA64 - Mechanical data"
"U3","stm32u375ce","table_100","4","6","Table 100. V monitoring characteristics 156 BAT"
"U3","stm32u375ce","table_48","3","6","Table 48. Current consumption during wake-up from Stop 1 mode on SMPS"
"U3","stm32u375ce","table_51","3","6","Table 51. Current consumption during wake-up from Stop 2 mode on LDO"
"U3","stm32u375ce","table_54","3","6","Table 54. Current consumption during wake-up from Stop 2 mode on SMPS"
"U3","stm32u375ce","table_57","3","6","Table 57. Current consumption during wake-up from Stop 3 mode on LDO"
"U3","stm32u375ce","table_60","3","6","Table 60. Current consumption during wake-up from Stop 3 mode on SMPS"
"U3","stm32u375ce","table_62","2","6","Table 62. Current consumption during wake-up from Standby mode"
"U3","stm32u375ce","table_64","1","6","Table 64. Current consumption during wake-up from Shutdown mode"
"U3","stm32u375ce","table_68","6","7","Table 68. Low-power mode wake-up timings on SMPS"
"U3","stm32u375ce","table_70","1","5","Table 70. Wake-up time using USART/LPUART"
"U3","stm32u375ce","table_75","4","25","Table 75. HSI16 oscillator characteristics"
"U3","stm32u375ce","table_80","6","6","Table 80. Flash memory endurance and data retention"
"U3","stm32u375ce","table_82","5","6","Table 82. EMI characteristics for f = 16 MHz and f = 96 MHz 141 HSE HCLK"
"U3","stm32u375ce","table_84","3","5","Table 84. Electrical sensitivities"
"U3","stm32u375ce","table_85","3","5","Table 85. I/O current injection susceptibility"
"U3","stm32u375ce","table_88","4","6","Table 88. Output voltage characteristics for FT_o and PC13 I/Os"
"U3","stm32u375ce","table_91","4","6","Table 91. Output AC characteristics for FT_o and PC13 I/Os"
"U3","stm32u375ce","table_93","1","7","Table 93. EXTI input characteristics"
"U3","stm32u375ce","table_94","3","6","Table 94. Analog switches booster characteristics"
"U3","stm32u375ce","table_99","1","6","Table 99. V monitoring characteristics 156 CORE"
"U3","stm32u385cg","table_100","4","6","Table 100. V monitoring characteristics 159 BAT"
"U3","stm32u385cg","table_48","3","6","Table 48. Current consumption during wake-up from Stop 1 mode on SMPS"
"U3","stm32u385cg","table_51","3","6","Table 51. Current consumption during wake-up from Stop 2 mode on LDO"
"U3","stm32u385cg","table_54","3","6","Table 54. Current consumption during wake-up from Stop 2 mode on SMPS"
"U3","stm32u385cg","table_57","3","6","Table 57. Current consumption during wake-up from Stop 3 mode on LDO"
"U3","stm32u385cg","table_60","3","6","Table 60. Current consumption during wake-up from Stop 3 mode on SMPS"
"U3","stm32u385cg","table_62","2","6","Table 62. Current consumption during wake-up from Standby mode"
"U3","stm32u385cg","table_64","1","6","Table 64. Current consumption during wake-up from Shutdown mode"
"U3","stm32u385cg","table_68","3","7","Table 68. Low-power mode wake-up timings on SMPS"
"U3","stm32u385cg","table_70","1","5","Table 70. Wake-up time using USART/LPUART"
"U3","stm32u385cg","table_75","4","25","Table 75. HSI16 oscillator characteristics"
"U3","stm32u385cg","table_80","6","6","Table 80. Flash memory endurance and data retention"
"U3","stm32u385cg","table_82","5","6","Table 82. EMI characteristics for f = 16 MHz and f = 96 MHz 144 HSE HCLK"
"U3","stm32u385cg","table_84","3","5","Table 84. Electrical sensitivities"
"U3","stm32u385cg","table_85","3","5","Table 85. I/O current injection susceptibility"
"U3","stm32u385cg","table_88","4","6","Table 88. Output voltage characteristics for FT_o and PC13 I/Os"
"U3","stm32u385cg","table_91","4","6","Table 91. Output AC characteristics for FT_o and PC13 I/Os"
"U3","stm32u385cg","table_93","1","7","Table 93. EXTI input characteristics"
"U3","stm32u385cg","table_94","3","6","Table 94. Analog switches booster characteristics"
"U3","stm32u385cg","table_99","1","6","Table 99. V monitoring characteristics 159 CORE"
"U3","stm32u3b5cg","table_100","4","6","Table 100. V monitoring characteristics 167 BAT"
"U3","stm32u3b5cg","table_48","3","6","Table 48. Current consumption during wake-up from Stop 1 mode on SMPS"
"U3","stm32u3b5cg","table_51","3","6","Table 51. Current consumption during wake-up from Stop 2 mode on LDO"
"U3","stm32u3b5cg","table_54","3","6","Table 54. Current consumption during wake-up from Stop 2 mode on SMPS"
"U3","stm32u3b5cg","table_56","6","11","Table 56. SRAM static power consumption in Stop 3 when supplied by LDO"
"U3","stm32u3b5cg","table_57","3","6","Table 57. Current consumption during wake-up from Stop 3 mode on LDO"
"U3","stm32u3b5cg","table_60","3","6","Table 60. Current consumption during wake-up from Stop 3 mode on SMPS"
"U3","stm32u3b5cg","table_62","2","6","Table 62. Current consumption during wake-up from Standby mode"
"U3","stm32u3b5cg","table_64","1","6","Table 64. Current consumption during wake-up from Shutdown mode"
"U3","stm32u3b5cg","table_66","2","9","Table 66. Typical dynamic current consumption of peripherals"
"U3","stm32u3b5cg","table_70","1","5","Table 70. Wake-up time using USART/LPUART"
"U3","stm32u3b5cg","table_75","4","26","Table 75. HSI16 oscillator characteristics"
"U3","stm32u3b5cg","table_80","6","6","Table 80. Flash memory endurance and data retention"
"U3","stm32u3b5cg","table_82","5","6","Table 82. EMI characteristics for f = 16 MHz and f = 96 MHz 152 HSE HCLK"
"U3","stm32u3b5cg","table_85","3","5","Table 85. I/O current injection susceptibility"
"U3","stm32u3b5cg","table_88","4","6","Table 88. Output voltage characteristics for FT_o and PC13 I/Os"
"U3","stm32u3b5cg","table_91","4","6","Table 91. Output AC characteristics for FT_o and PC13 I/Os"
"U3","stm32u3b5cg","table_93","1","7","Table 93. EXTI input characteristics"
"U3","stm32u3b5cg","table_94","3","6","Table 94. Analog switches booster characteristics"
"U3","stm32u3b5cg","table_99","1","6","Table 99. V monitoring characteristics 167 CORE"
"U3","stm32u3c5ci","table_100","4","6","Table 100. V monitoring characteristics 169 BAT"
"U3","stm32u3c5ci","table_48","3","6","Table 48. Current consumption during wake-up from Stop 1 mode on SMPS"
"U3","stm32u3c5ci","table_51","3","6","Table 51. Current consumption during wake-up from Stop 2 mode on LDO"
"U3","stm32u3c5ci","table_54","3","6","Table 54. Current consumption during wake-up from Stop 2 mode on SMPS"
"U3","stm32u3c5ci","table_56","6","11","Table 56. SRAM static power consumption in Stop 3 when supplied by LDO"
"U3","stm32u3c5ci","table_57","3","6","Table 57. Current consumption during wake-up from Stop 3 mode on LDO"
"U3","stm32u3c5ci","table_60","3","6","Table 60. Current consumption during wake-up from Stop 3 mode on SMPS"
"U3","stm32u3c5ci","table_62","2","6","Table 62. Current consumption during wake-up from Standby mode"
"U3","stm32u3c5ci","table_64","1","6","Table 64. Current consumption during wake-up from Shutdown mode"
"U3","stm32u3c5ci","table_66","2","9","Table 66. Typical dynamic current consumption of peripherals"
"U3","stm32u3c5ci","table_70","1","5","Table 70. Wake-up time using USART/LPUART"
"U3","stm32u3c5ci","table_75","4","26","Table 75. HSI16 oscillator characteristics"
"U3","stm32u3c5ci","table_80","6","6","Table 80. Flash memory endurance and data retention"
"U3","stm32u3c5ci","table_82","5","6","Table 82. EMI characteristics for f = 16 MHz and f = 96 MHz 154 HSE HCLK"
"U3","stm32u3c5ci","table_85","3","5","Table 85. I/O current injection susceptibility"
"U3","stm32u3c5ci","table_88","4","6","Table 88. Output voltage characteristics for FT_o and PC13 I/Os"
"U3","stm32u3c5ci","table_91","4","6","Table 91. Output AC characteristics for FT_o and PC13 I/Os"
"U3","stm32u3c5ci","table_93","1","7","Table 93. EXTI input characteristics"
"U3","stm32u3c5ci","table_94","3","6","Table 94. Analog switches booster characteristics"
"U3","stm32u3c5ci","table_99","1","6","Table 99. V monitoring characteristics 169 CORE"
"U5","stm32u535cb","table_101","1","7","Table 101. EXTI input characteristics"
"U5","stm32u535cb","table_102","3","6","Table 102. Analog switches booster characteristics"
"U5","stm32u535cb","table_110","1","6","Table 110. V monitoring characteristics 224 CORE"
"U5","stm32u535cb","table_111","4","6","Table 111. V monitoring characteristics 224 BAT"
"U5","stm32u535cb","table_112","2","7","Table 112. V charging characteristics 225 BAT"
"U5","stm32u535cb","table_131","2","7","Table 131. Delay block characteristics"
"U5","stm32u535cb","table_132","1","5","Table 132. I2C analog filter characteristics"
"U5","stm32u535cb","table_138","2","7","Table 138. SWD characteristics"
"U5","stm32u535cb","table_19","5","8","Table 19. Timer feature comparison"
"U5","stm32u535cb","table_33","3","6","Table 33. Operating conditions at power-up/power-down"
"U5","stm32u535cb","table_34","1","7","Table 34. Embedded reset and power control block characteristics"
"U5","stm32u535cb","table_35","2","5","Table 35. SMPS characteristics"
"U5","stm32u535cb","table_41","6","13","Table 41. Typical current consumption in Run mode on LDO, with different codes r"
"U5","stm32u535cb","table_43","6","13","Table 43. Typical current consumption in Run mode on SMPS, with different codes "
"U5","stm32u535cb","table_48","3","13","Table 48. Static power consumption of flash banks, when supplied by LDO/SMPS"
"U5","stm32u535cb","table_51","5","14","Table 51. Current consumption in Stop 1 mode on LDO"
"U5","stm32u535cb","table_52","3","6","Table 52. Current consumption during wake-up from Stop 1 mode on LDO"
"U5","stm32u535cb","table_54","3","6","Table 54. Current consumption during wake-up from Stop 1 mode on SMPS"
"U5","stm32u535cb","table_57","3","6","Table 57. Current consumption during wake-up from Stop 2 mode on LDO"
"U5","stm32u535cb","table_6","4","6","Table 6. Boot modes when TrustZone is disabled (TZEN = 0)"
"U5","stm32u535cb","table_60","3","6","Table 60. Current consumption during wake-up from Stop 2 mode on SMPS"
"U5","stm32u535cb","table_63","3","6","Table 63. Current consumption during wake-up from Stop 3 mode on LDO"
"U5","stm32u535cb","table_66","3","6","Table 66. Current consumption during wake-up from Stop 3 mode on SMPS"
"U5","stm32u535cb","table_68","2","6","Table 68. Current consumption during wake-up from Standby mode"
"U5","stm32u535cb","table_7","6","8","Table 7. Boot modes when TrustZone is enabled (TZEN = 1)"
"U5","stm32u535cb","table_70","1","6","Table 70. Current consumption during wake-up from Shutdown mode"
"U5","stm32u535cb","table_76","1","5","Table 76. Wake-up time using USART/LPUART"
"U5","stm32u535cb","table_77","3","8","Table 77. High-speed external user clock characteristics"
"U5","stm32u535cb","table_78","4","6","Table 78. Low-speed external user clock characteristics"
"U5","stm32u535cb","table_89","5","6","Table 89. EMI characteristics for f = 8 MHz and f = 160 MHz 200 HSE HCLK"
"U5","stm32u535cb","table_90","3","8","Table 90. ESD absolute maximum ratings"
"U5","stm32u535cb","table_92","3","5","Table 92. I/O current injection susceptibility"
"U5","stm32u545ce","table_103","1","7","Table 103. EXTI input characteristics"
"U5","stm32u545ce","table_104","3","6","Table 104. Analog switches booster characteristics"
"U5","stm32u545ce","table_112","1","6","Table 112. V monitoring characteristics 229 CORE"
"U5","stm32u545ce","table_113","4","6","Table 113. V monitoring characteristics 229 BAT"
"U5","stm32u545ce","table_114","2","7","Table 114. V charging characteristics 230 BAT"
"U5","stm32u545ce","table_133","2","7","Table 133. Delay block characteristics"
"U5","stm32u545ce","table_134","1","5","Table 134. I2C analog filter characteristics"
"U5","stm32u545ce","table_140","2","7","Table 140. SWD characteristics"
"U5","stm32u545ce","table_34","3","6","Table 34. Operating conditions at power-up/power-down"
"U5","stm32u545ce","table_35","1","7","Table 35. Embedded reset and power control block characteristics"
"U5","stm32u545ce","table_36","2","5","Table 36. SMPS characteristics"
"U5","stm32u545ce","table_42","6","13","Table 42. Typical current consumption in Run mode on LDO, with different codes r"
"U5","stm32u545ce","table_44","6","13","Table 44. Typical current consumption in Run mode on SMPS, with different codes "
"U5","stm32u545ce","table_49","3","13","Table 49. Static power consumption of flash banks, when supplied by LDO/SMPS"
"U5","stm32u545ce","table_52","5","14","Table 52. Current consumption in Stop 1 mode on LDO"
"U5","stm32u545ce","table_53","3","6","Table 53. Current consumption during wake-up from Stop 1 mode on LDO"
"U5","stm32u545ce","table_55","3","6","Table 55. Current consumption during wake-up from Stop 1 mode on SMPS"
"U5","stm32u545ce","table_58","3","6","Table 58. Current consumption during wake-up from Stop 2 mode on LDO"
"U5","stm32u545ce","table_6","4","6","Table 6. Boot modes when TrustZone is disabled (TZEN = 0)"
"U5","stm32u545ce","table_61","3","6","Table 61. Current consumption during wake-up from Stop 2 mode on SMPS"
"U5","stm32u545ce","table_64","3","6","Table 64. Current consumption during wake-up from Stop 3 mode on LDO"
"U5","stm32u545ce","table_67","3","6","Table 67. Current consumption during wake-up from Stop 3 mode on SMPS"
"U5","stm32u545ce","table_69","2","6","Table 69. Current consumption during wake-up from Standby mode"
"U5","stm32u545ce","table_7","6","8","Table 7. Boot modes when TrustZone is enabled (TZEN = 1)"
"U5","stm32u545ce","table_71","1","6","Table 71. Current consumption during wake-up from Shutdown mode"
"U5","stm32u545ce","table_77","1","5","Table 77. Wake-up time using USART/LPUART"
"U5","stm32u545ce","table_78","3","8","Table 78. High-speed external user clock characteristics"
"U5","stm32u545ce","table_79","4","6","Table 79. Low-speed external user clock characteristics"
"U5","stm32u545ce","table_85","3","7","Table 85. SHSI oscillator characteristics"
"U5","stm32u545ce","table_91","5","6","Table 91. EMI characteristics for f = 8 MHz and f = 160 MHz 205 HSE HCLK"
"U5","stm32u545ce","table_92","3","8","Table 92. ESD absolute maximum ratings"
"U5","stm32u545ce","table_94","3","5","Table 94. I/O current injection susceptibility"
"U5","stm32u575ag","table_101","1","7","Table 101. EXTI input characteristics"
"U5","stm32u575ag","table_102","3","6","Table 102. Analog switches booster characteristics"
"U5","stm32u575ag","table_110","1","6","Table 110. V monitoring characteristics 251 CORE"
"U5","stm32u575ag","table_111","4","6","Table 111. V monitoring characteristics 251 BAT"
"U5","stm32u575ag","table_112","2","7","Table 112. V charging characteristics 252 BAT"
"U5","stm32u575ag","table_130","3","5","Table 130. Asynchronous multiplexed PSRAM/NOR read timings"
"U5","stm32u575ag","table_131","3","5","Table 131. Asynchronous multiplexed PSRAM/NOR read-NWAIT timings"
"U5","stm32u575ag","table_133","4","5","Table 133. Asynchronous multiplexed PSRAM/NOR write-NWAIT timings"
"U5","stm32u575ag","table_137","6","5","Table 137. Synchronous non-multiplexed PSRAM write timings"
"U5","stm32u575ag","table_139","6","5","Table 139. Switching characteristics for NAND Flash write cycles"
"U5","stm32u575ag","table_140","3","7","Table 140. OCTOSPI characteristics in SDR mode"
"U5","stm32u575ag","table_146","1","5","Table 146. I2C analog filter characteristics"
"U5","stm32u575ag","table_147","4","7","Table 147. USART (SPI mode) characteristics"
"U5","stm32u575ag","table_150","4","7","Table 150. OTG_FS characteristics"
"U5","stm32u575ag","table_151","2","7","Table 151. UCPD characteristics"
"U5","stm32u575ag","table_19","5","8","Table 19. Timer feature comparison"
"U5","stm32u575ag","table_41","6","13","Table 41. Typical current consumption in Run mode on LDO, with different codes r"
"U5","stm32u575ag","table_43","6","13","Table 43. Typical current consumption in Run mode on SMPS, with different codes "
"U5","stm32u575ag","table_48","3","13","Table 48. Static power consumption of Flash banks, when supplied by LDO/SMPS"
"U5","stm32u575ag","table_51","5","14","Table 51. Current consumption in Stop 1 mode on LDO"
"U5","stm32u575ag","table_52","3","6","Table 52. Current consumption during wake-up from Stop 1 mode on LDO"
"U5","stm32u575ag","table_54","3","6","Table 54. Current consumption during wake-up from Stop 1 mode on SMPS"
"U5","stm32u575ag","table_57","3","6","Table 57. Current consumption during wake-up from Stop 2 mode on LDO"
"U5","stm32u575ag","table_6","4","6","Table 6. Boot modes when TrustZone is disabled (TZEN = 0)"
"U5","stm32u575ag","table_60","3","6","Table 60. Current consumption during wake-up from Stop 2 mode on SMPS"
"U5","stm32u575ag","table_63","3","6","Table 63. Current consumption during wake-up from Stop 3 mode on LDO"
"U5","stm32u575ag","table_66","3","6","Table 66. Current consumption during wake-up from Stop 3 mode on SMPS"
"U5","stm32u575ag","table_68","2","6","Table 68. Current consumption during wake-up from Standby mode"
"U5","stm32u575ag","table_7","6","8","Table 7. Boot modes when TrustZone is enabled (TZEN = 1)"
"U5","stm32u575ag","table_70","1","6","Table 70. Current consumption during wake-up from Shutdown mode"
"U5","stm32u575ag","table_76","1","5","Table 76. Wake-up time using USART/LPUART"
"U5","stm32u575ag","table_77","3","8","Table 77. High-speed external user clock characteristics"
"U5","stm32u575ag","table_78","4","6","Table 78. Low-speed external user clock characteristics"
"U5","stm32u575ag","table_89","5","6","Table 89. EMI characteristics for f = 8 MHz and f = 160 MHz 226 HSE HCLK"
"U5","stm32u575ag","table_90","4","7","Table 90. ESD absolute maximum ratings"
"U5","stm32u575ag","table_92","2","5","Table 92. I/O current injection susceptibility"
"U5","stm32u585ai","table_103","1","7","Table 103. EXTI input characteristics"
"U5","stm32u585ai","table_104","3","6","Table 104. Analog switches booster characteristics"
"U5","stm32u585ai","table_112","1","6","Table 112. V monitoring characteristics 255 CORE"
"U5","stm32u585ai","table_113","4","6","Table 113. V monitoring characteristics 255 BAT"
"U5","stm32u585ai","table_114","2","7","Table 114. V charging characteristics 256 BAT"
"U5","stm32u585ai","table_132","3","5","Table 132. Asynchronous multiplexed PSRAM/NOR read timings"
"U5","stm32u585ai","table_133","3","5","Table 133. Asynchronous multiplexed PSRAM/NOR read-NWAIT timings"
"U5","stm32u585ai","table_135","4","5","Table 135. Asynchronous multiplexed PSRAM/NOR write-NWAIT timings"
"U5","stm32u585ai","table_139","6","5","Table 139. Synchronous non-multiplexed PSRAM write timings"
"U5","stm32u585ai","table_141","6","5","Table 141. Switching characteristics for NAND Flash write cycles"
"U5","stm32u585ai","table_142","3","7","Table 142. OCTOSPI characteristics in SDR mode"
"U5","stm32u585ai","table_148","1","5","Table 148. I2C analog filter characteristics"
"U5","stm32u585ai","table_149","4","7","Table 149. USART (SPI mode) characteristics"
"U5","stm32u585ai","table_152","4","7","Table 152. OTG_FS characteristics"
"U5","stm32u585ai","table_153","2","7","Table 153. UCPD characteristics"
"U5","stm32u585ai","table_42","6","13","Table 42. Typical current consumption in Run mode on LDO, with different codes r"
"U5","stm32u585ai","table_44","6","13","Table 44. Typical current consumption in Run mode on SMPS, with different codes "
"U5","stm32u585ai","table_49","3","13","Table 49. Static power consumption of Flash banks, when supplied by LDO/SMPS"
"U5","stm32u585ai","table_52","5","14","Table 52. Current consumption in Stop 1 mode on LDO"
"U5","stm32u585ai","table_53","3","6","Table 53. Current consumption during wake-up from Stop 1 mode on LDO"
"U5","stm32u585ai","table_55","3","6","Table 55. Current consumption during wake-up from Stop 1 mode on SMPS"
"U5","stm32u585ai","table_58","3","6","Table 58. Current consumption during wake-up from Stop 2 mode on LDO"
"U5","stm32u585ai","table_6","4","6","Table 6. Boot modes when TrustZone is disabled (TZEN = 0)"
"U5","stm32u585ai","table_61","3","6","Table 61. Current consumption during wake-up from Stop 2 mode on SMPS"
"U5","stm32u585ai","table_64","3","6","Table 64. Current consumption during wake-up from Stop 3 mode on LDO"
"U5","stm32u585ai","table_67","3","6","Table 67. Current consumption during wake-up from Stop 3 mode on SMPS"
"U5","stm32u585ai","table_69","2","6","Table 69. Current consumption during wake-up from Standby mode"
"U5","stm32u585ai","table_7","6","8","Table 7. Boot modes when TrustZone is enabled (TZEN = 1)"
"U5","stm32u585ai","table_71","1","6","Table 71. Current consumption during wake-up from Shutdown mode"
"U5","stm32u585ai","table_77","1","5","Table 77. Wake-up time using USART/LPUART"
"U5","stm32u585ai","table_78","3","8","Table 78. High-speed external user clock characteristics"
"U5","stm32u585ai","table_79","4","6","Table 79. Low-speed external user clock characteristics"
"U5","stm32u585ai","table_85","3","7","Table 85. SHSI oscillator characteristics"
"U5","stm32u585ai","table_91","5","6","Table 91. EMI characteristics for f = 8 MHz and f = 160 MHz 230 HSE HCLK"
"U5","stm32u585ai","table_92","4","7","Table 92. ESD absolute maximum ratings"
"U5","stm32u585ai","table_94","2","5","Table 94. I/O current injection susceptibility"
"U5","stm32u595ai","table_102","1","6","Table 102. V monitoring characteristics 282 CORE"
"U5","stm32u595ai","table_103","4","6","Table 103. V monitoring characteristics 282 BAT"
"U5","stm32u595ai","table_104","2","7","Table 104. V charging characteristics 283 BAT"
"U5","stm32u595ai","table_111","5","7","Table 111. MDF characteristics"
"U5","stm32u595ai","table_120","3","7","Table 120. DSI current consumption characteristics on V DD11DSI"
"U5","stm32u595ai","table_128","3","5","Table 128. Asynchronous multiplexed PSRAM/NOR read timings"
"U5","stm32u595ai","table_129","3","5","Table 129. Asynchronous multiplexed PSRAM/NOR read-NWAIT timings"
"U5","stm32u595ai","table_131","4","5","Table 131. Asynchronous multiplexed PSRAM/NOR write-NWAIT timings"
"U5","stm32u595ai","table_133","6","5","Table 133. Synchronous multiplexed PSRAM write timings"
"U5","stm32u595ai","table_136","5","5","Table 136. Switching characteristics for NAND Flash read cycles"
"U5","stm32u595ai","table_137","6","5","Table 137. Switching characteristics for NAND Flash write cycles"
"U5","stm32u595ai","table_139","3","7","Table 139. OCTOSPI characteristics in DTR mode (no DQS)"
"U5","stm32u595ai","table_143","4","7","Table 143. HSPI characteristics in DTR mode (with DQS)/HyperBus"
"U5","stm32u595ai","table_147","1","5","Table 147. I2C analog filter characteristics"
"U5","stm32u595ai","table_155","2","7","Table 155. UCPD characteristics"
"U5","stm32u595ai","table_157","4","7","Table 157. SWD characteristics"
"U5","stm32u595ai","table_19","5","8","Table 19. Timer feature comparison"
"U5","stm32u595ai","table_42","6","13","Table 42. Typical current consumption in Run mode on LDO, with different codes r"
"U5","stm32u595ai","table_43","6","13","Table 43. Typical current consumption in Run mode on SMPS, with different codes "
"U5","stm32u595ai","table_48","3","13","Table 48. Static power consumption of flash memory banks when supplied by LDO or"
"U5","stm32u595ai","table_6","4","6","Table 6. Boot modes when TrustZone is disabled (TZEN = 0)"
"U5","stm32u595ai","table_68","1","5","Table 68. Wake-up time using USART/LPUART"
"U5","stm32u595ai","table_7","6","8","Table 7. Boot modes when TrustZone is enabled (TZEN = 1)"
"U5","stm32u595ai","table_70","4","6","Table 70. Low-speed external user clock characteristics"
"U5","stm32u595ai","table_81","5","6","Table 81. EMI characteristics (for f = 8 MHz, f = 160 MHz) 256 HSE HCLK"
"U5","stm32u595ai","table_84","4","5","Table 84. I/O current injection susceptibility"
"U5","stm32u595ai","table_87","4","6","Table 87. Output voltage characteristics for FT_t I/Os in V mode, and for FT_o I"
"U5","stm32u595ai","table_93","1","7","Table 93. EXTI input characteristics"
"U5","stm32u595ai","table_94","3","6","Table 94. Analog switches booster characteristics"
"U5","stm32u5a5aj","table_104","1","6","Table 104. V monitoring characteristics 286 CORE"
"U5","stm32u5a5aj","table_105","4","6","Table 105. V monitoring characteristics 286 BAT"
"U5","stm32u5a5aj","table_106","2","7","Table 106. V charging characteristics 287 BAT"
"U5","stm32u5a5aj","table_113","5","7","Table 113. MDF characteristics"
"U5","stm32u5a5aj","table_122","3","7","Table 122. DSI current consumption characteristics on V DD11DSI"
"U5","stm32u5a5aj","table_130","3","5","Table 130. Asynchronous multiplexed PSRAM/NOR read timings"
"U5","stm32u5a5aj","table_131","3","5","Table 131. Asynchronous multiplexed PSRAM/NOR read-NWAIT timings"
"U5","stm32u5a5aj","table_133","4","5","Table 133. Asynchronous multiplexed PSRAM/NOR write-NWAIT timings"
"U5","stm32u5a5aj","table_135","6","5","Table 135. Synchronous multiplexed PSRAM write timings"
"U5","stm32u5a5aj","table_138","5","5","Table 138. Switching characteristics for NAND Flash read cycles"
"U5","stm32u5a5aj","table_139","6","5","Table 139. Switching characteristics for NAND Flash write cycles"
"U5","stm32u5a5aj","table_141","3","7","Table 141. OCTOSPI characteristics in DTR mode (no DQS)"
"U5","stm32u5a5aj","table_145","4","7","Table 145. HSPI characteristics in DTR mode (with DQS)/HyperBus"
"U5","stm32u5a5aj","table_149","1","5","Table 149. I2C analog filter characteristics"
"U5","stm32u5a5aj","table_157","2","7","Table 157. UCPD characteristics"
"U5","stm32u5a5aj","table_159","4","7","Table 159. SWD characteristics"
"U5","stm32u5a5aj","table_43","6","13","Table 43. Typical current consumption in Run mode on LDO, with different codes r"
"U5","stm32u5a5aj","table_44","6","13","Table 44. Typical current consumption in Run mode on SMPS, with different codes "
"U5","stm32u5a5aj","table_49","3","13","Table 49. Static power consumption of flash memory banks when supplied by LDO or"
"U5","stm32u5a5aj","table_6","4","6","Table 6. Boot modes when TrustZone is disabled (TZEN = 0)"
"U5","stm32u5a5aj","table_69","1","5","Table 69. Wake-up time using USART/LPUART"
"U5","stm32u5a5aj","table_7","6","8","Table 7. Boot modes when TrustZone is enabled (TZEN = 1)"
"U5","stm32u5a5aj","table_71","4","6","Table 71. Low-speed external user clock characteristics"
"U5","stm32u5a5aj","table_77","3","7","Table 77. SHSI oscillator characteristics"
"U5","stm32u5a5aj","table_83","5","6","Table 83. EMI characteristics (for f = 8 MHz, f = 160 MHz) 260 HSE HCLK"
"U5","stm32u5a5aj","table_86","4","5","Table 86. I/O current injection susceptibility"
"U5","stm32u5a5aj","table_89","4","6","Table 89. Output voltage characteristics for FT_t I/Os in V mode, and for FT_o I"
"U5","stm32u5a5aj","table_95","1","7","Table 95. EXTI input characteristics"
"U5","stm32u5a5aj","table_96","3","6","Table 96. Analog switches booster characteristics"
"U5","stm32u5f7vj","table_101","1","7","Table 101. EXTI input characteristics"
"U5","stm32u5f7vj","table_102","3","6","Table 102. Analog switches booster characteristics"
"U5","stm32u5f7vj","table_110","1","6","Table 110. V monitoring characteristics 261 CORE"
"U5","stm32u5f7vj","table_111","4","6","Table 111. V monitoring characteristics 261 BAT"
"U5","stm32u5f7vj","table_112","2","7","Table 112. V charging characteristics 262 BAT"
"U5","stm32u5f7vj","table_119","5","7","Table 119. MDF characteristics"
"U5","stm32u5f7vj","table_128","3","7","Table 128. DSI current consumption characteristics on V DD11DSI"
"U5","stm32u5f7vj","table_136","3","5","Table 136. Asynchronous multiplexed PSRAM/NOR read timings"
"U5","stm32u5f7vj","table_137","3","5","Table 137. Asynchronous multiplexed PSRAM/NOR read-NWAIT timings"
"U5","stm32u5f7vj","table_139","4","5","Table 139. Asynchronous multiplexed PSRAM/NOR write-NWAIT timings"
"U5","stm32u5f7vj","table_141","6","5","Table 141. Synchronous multiplexed PSRAM write timings"
"U5","stm32u5f7vj","table_143","6","5","Table 143. Synchronous non-multiplexed PSRAM write timings"
"U5","stm32u5f7vj","table_145","6","5","Table 145. Switching characteristics for NAND Flash write cycles"
"U5","stm32u5f7vj","table_146","3","7","Table 146. OCTOSPI characteristics in SDR mode"
"U5","stm32u5f7vj","table_151","4","7","Table 151. HSPI characteristics in DTR mode (with DQS)/HyperBus"
"U5","stm32u5f7vj","table_155","1","5","Table 155. I2C analog filter characteristics"
"U5","stm32u5f7vj","table_156","4","7","Table 156. USART (SPI mode) characteristics"
"U5","stm32u5f7vj","table_162","2","7","Table 162. UCPD characteristics"
"U5","stm32u5f7vj","table_33","3","6","Table 33. Operating conditions at power-up/power-down"
"U5","stm32u5f7vj","table_35","2","5","Table 35. SMPS characteristics"
"U5","stm32u5f7vj","table_40","3","13","Table 40. Static power consumption of flash memory banks when supplied by LDO or"
"U5","stm32u5f7vj","table_41","6","13","Table 41. Typical current consumption in Run mode on LDO, with different codes r"
"U5","stm32u5f7vj","table_44","6","13","Table 44. Typical current consumption in Run mode on SMPS, with different codes "
"U5","stm32u5f7vj","table_52","3","6","Table 52. Current consumption during wake-up from Stop 1 mode on LDO"
"U5","stm32u5f7vj","table_54","3","6","Table 54. Current consumption during wake-up from Stop 1 mode on SMPS"
"U5","stm32u5f7vj","table_57","3","6","Table 57. Current consumption during wake-up from Stop 2 mode on LDO"
"U5","stm32u5f7vj","table_6","4","6","Table 6. Boot modes when TrustZone is disabled (TZEN = 0)"
"U5","stm32u5f7vj","table_60","3","6","Table 60. Current consumption during wake-up from Stop 2 mode on SMPS"
"U5","stm32u5f7vj","table_63","3","6","Table 63. Current consumption during wake-up from Stop 3 mode on LDO"
"U5","stm32u5f7vj","table_66","3","6","Table 66. Current consumption during wake-up from Stop 3 mode on SMPS"
"U5","stm32u5f7vj","table_68","2","6","Table 68. Current consumption during wake-up from Standby mode"
"U5","stm32u5f7vj","table_7","6","8","Table 7. Boot modes when TrustZone is enabled (TZEN = 1)"
"U5","stm32u5f7vj","table_70","1","6","Table 70. Current consumption during wake-up from Shutdown mode"
"U5","stm32u5f7vj","table_76","1","5","Table 76. Wake-up time using USART/LPUART"
"U5","stm32u5f7vj","table_78","4","6","Table 78. Low-speed external user clock characteristics"
"U5","stm32u5f7vj","table_89","5","6","Table 89. EMI characteristics (for f = 8 MHz, f = 160 MHz) 237 HSE HCLK"
"U5","stm32u5f7vj","table_90","6","7","Table 90. ESD absolute maximum ratings"
"U5","stm32u5f7vj","table_92","4","5","Table 92. I/O current injection susceptibility"
"U5","stm32u5f7vj","table_99","2","6","Table 99. Output AC characteristics for FT_t I/Os in V mode 247 BAT"
"U5","stm32u5g7vj","table_101","2","6","Table 101. Output AC characteristics for FT_t I/Os in V mode 243 BAT"
"U5","stm32u5g7vj","table_103","1","7","Table 103. EXTI input characteristics"
"U5","stm32u5g7vj","table_104","3","6","Table 104. Analog switches booster characteristics"
"U5","stm32u5g7vj","table_112","1","6","Table 112. V monitoring characteristics 257 CORE"
"U5","stm32u5g7vj","table_113","4","6","Table 113. V monitoring characteristics 257 BAT"
"U5","stm32u5g7vj","table_114","2","7","Table 114. V charging characteristics 258 BAT"
"U5","stm32u5g7vj","table_121","5","7","Table 121. MDF characteristics"
"U5","stm32u5g7vj","table_130","3","7","Table 130. DSI current consumption characteristics on V DD11DSI"
"U5","stm32u5g7vj","table_138","3","5","Table 138. Asynchronous multiplexed PSRAM/NOR read timings"
"U5","stm32u5g7vj","table_139","3","5","Table 139. Asynchronous multiplexed PSRAM/NOR read-NWAIT timings"
"U5","stm32u5g7vj","table_141","4","5","Table 141. Asynchronous multiplexed PSRAM/NOR write-NWAIT timings"
"U5","stm32u5g7vj","table_143","6","5","Table 143. Synchronous multiplexed PSRAM write timings"
"U5","stm32u5g7vj","table_145","6","5","Table 145. Synchronous non-multiplexed PSRAM write timings"
"U5","stm32u5g7vj","table_147","6","5","Table 147. Switching characteristics for NAND Flash write cycles"
"U5","stm32u5g7vj","table_148","3","7","Table 148. OCTOSPI characteristics in SDR mode"
"U5","stm32u5g7vj","table_153","4","7","Table 153. HSPI characteristics in DTR mode (with DQS)/HyperBus"
"U5","stm32u5g7vj","table_157","1","5","Table 157. I2C analog filter characteristics"
"U5","stm32u5g7vj","table_158","4","7","Table 158. USART (SPI mode) characteristics"
"U5","stm32u5g7vj","table_164","2","7","Table 164. UCPD characteristics"
"U5","stm32u5g7vj","table_20","5","8","Table 20. Timer feature comparison"
"U5","stm32u5g7vj","table_34","3","6","Table 34. Operating conditions at power-up/power-down"
"U5","stm32u5g7vj","table_36","2","5","Table 36. SMPS characteristics"
"U5","stm32u5g7vj","table_41","3","13","Table 41. Static power consumption of flash memory banks when supplied by LDO or"
"U5","stm32u5g7vj","table_42","6","13","Table 42. Typical current consumption in Run mode on LDO, with different codes r"
"U5","stm32u5g7vj","table_45","6","13","Table 45. Typical current consumption in Run mode on SMPS, with different codes "
"U5","stm32u5g7vj","table_53","3","6","Table 53. Current consumption during wake-up from Stop 1 mode on LDO"
"U5","stm32u5g7vj","table_55","3","6","Table 55. Current consumption during wake-up from Stop 1 mode on SMPS"
"U5","stm32u5g7vj","table_58","3","6","Table 58. Current consumption during wake-up from Stop 2 mode on LDO"
"U5","stm32u5g7vj","table_6","4","6","Table 6. Boot modes when TrustZone is disabled (TZEN = 0)"
"U5","stm32u5g7vj","table_61","3","6","Table 61. Current consumption during wake-up from Stop 2 mode on SMPS"
"U5","stm32u5g7vj","table_64","3","6","Table 64. Current consumption during wake-up from Stop 3 mode on LDO"
"U5","stm32u5g7vj","table_67","3","6","Table 67. Current consumption during wake-up from Stop 3 mode on SMPS"
"U5","stm32u5g7vj","table_69","2","6","Table 69. Current consumption during wake-up from Standby mode"
"U5","stm32u5g7vj","table_7","6","8","Table 7. Boot modes when TrustZone is enabled (TZEN = 1)"
"U5","stm32u5g7vj","table_71","1","6","Table 71. Current consumption during wake-up from Shutdown mode"
"U5","stm32u5g7vj","table_77","1","5","Table 77. Wake-up time using USART/LPUART"
"U5","stm32u5g7vj","table_79","4","6","Table 79. Low-speed external user clock characteristics"
"U5","stm32u5g7vj","table_85","3","7","Table 85. SHSI oscillator characteristics"
"U5","stm32u5g7vj","table_91","5","6","Table 91. EMI characteristics (for f = 8 MHz, f = 160 MHz) 233 HSE HCLK"
"U5","stm32u5g7vj","table_92","6","7","Table 92. ESD absolute maximum ratings"
"U5","stm32u5g7vj","table_94","4","5","Table 94. I/O current injection susceptibility"
