2026-07-26 21:19:11 | stm32u385cg | table_70 | page=132 | Y=5.3.7 Wake-up time from low-power modes and voltage scaling transition times | outline/toc=5.3.8 External clock timing characteristics
2026-07-26 21:19:11 | stm32u385cg | table_74 | page=136 | Y=5.3.8 External clock timing characteristics | outline/toc=5.3.9 Internal clock timing characteristics
2026-07-26 21:19:11 | stm32u385cg | table_79 | page=143 | Y=5.3.10 Flash memory characteristics | outline/toc=5.3.11 EMC characteristics
2026-07-26 21:19:11 | stm32u385cg | table_80 | page=143 | Y=5.3.10 Flash memory characteristics | outline/toc=5.3.11 EMC characteristics
2026-07-26 21:19:12 | stm32u385cg | table_81 | page=144 | Y=5.3.11 EMC characteristics | outline/toc=5.3.12 Electrical sensitivity characteristics
2026-07-26 21:19:12 | stm32u385cg | table_82 | page=144 | Y=5.3.11 EMC characteristics | outline/toc=5.3.12 Electrical sensitivity characteristics
2026-07-26 21:19:12 | stm32u385cg | table_85 | page=146 | Y=5.3.13 I/O current injection characteristics | outline/toc=5.3.14 I/O port characteristics
2026-07-26 21:19:12 | stm32u385cg | table_93 | page=154 | Y=5.3.16 Extended interrupt and event controller input (EXTI) characteristics | outline/toc=5.3.17 Analog switches booster
2026-07-26 21:19:12 | stm32u385cg | table_98 | page=159 | Y=5.3.19 Temperature sensor characteristics | outline/toc=5.3.21 V monitoring characteristics
2026-07-26 21:19:12 | stm32u385cg | table_99 | page=159 | Y=5.3.20 V monitoring characteristics | outline/toc=5.3.21 V monitoring characteristics
2026-07-26 21:19:12 | stm32u375ce | table_69 | page=129 | Y=5.3.7 Wake-up time from low-power modes and voltage scaling transition times | outline/toc=5.3.8 External clock timing characteristics
2026-07-26 21:19:12 | stm32u375ce | table_70 | page=129 | Y=5.3.7 Wake-up time from low-power modes and voltage scaling transition times | outline/toc=5.3.8 External clock timing characteristics
2026-07-26 21:19:12 | stm32u375ce | table_74 | page=133 | Y=5.3.8 External clock timing characteristics | outline/toc=5.3.9 Internal clock timing characteristics
2026-07-26 21:19:12 | stm32u375ce | table_79 | page=140 | Y=5.3.10 Flash memory characteristics | outline/toc=5.3.11 EMC characteristics
2026-07-26 21:19:12 | stm32u375ce | table_80 | page=140 | Y=5.3.10 Flash memory characteristics | outline/toc=5.3.11 EMC characteristics
2026-07-26 21:19:12 | stm32u375ce | table_81 | page=141 | Y=5.3.11 EMC characteristics | outline/toc=5.3.12 Electrical sensitivity characteristics
2026-07-26 21:19:12 | stm32u375ce | table_82 | page=141 | Y=5.3.11 EMC characteristics | outline/toc=5.3.12 Electrical sensitivity characteristics
2026-07-26 21:19:12 | stm32u375ce | table_85 | page=143 | Y=5.3.13 I/O current injection characteristics | outline/toc=5.3.14 I/O port characteristics
2026-07-26 21:19:12 | stm32u375ce | table_93 | page=151 | Y=5.3.16 Extended interrupt and event controller input (EXTI) characteristics | outline/toc=5.3.17 Analog switches booster
2026-07-26 21:19:12 | stm32u375ce | table_98 | page=156 | Y=5.3.19 Temperature sensor characteristics | outline/toc=5.3.21 V monitoring characteristics
2026-07-26 21:19:12 | stm32u375ce | table_99 | page=156 | Y=5.3.20 V monitoring characteristics | outline/toc=5.3.21 V monitoring characteristics
2026-07-26 21:19:13 | stm32u3b5cg | table_69 | page=140 | Y=5.3.7 Wake-up time from low-power modes and voltage scaling transition times | outline/toc=5.3.8 External clock timing characteristics
2026-07-26 21:19:13 | stm32u3b5cg | table_70 | page=140 | Y=5.3.7 Wake-up time from low-power modes and voltage scaling transition times | outline/toc=5.3.8 External clock timing characteristics
2026-07-26 21:19:13 | stm32u3b5cg | table_74 | page=144 | Y=5.3.8 External clock timing characteristics | outline/toc=5.3.9 Internal clock timing characteristics
2026-07-26 21:19:13 | stm32u3b5cg | table_79 | page=151 | Y=5.3.10 Flash memory characteristics | outline/toc=5.3.11 EMC characteristics
2026-07-26 21:19:13 | stm32u3b5cg | table_80 | page=151 | Y=5.3.10 Flash memory characteristics | outline/toc=5.3.11 EMC characteristics
2026-07-26 21:19:13 | stm32u3b5cg | table_81 | page=152 | Y=5.3.11 EMC characteristics | outline/toc=5.3.12 Electrical sensitivity characteristics
2026-07-26 21:19:13 | stm32u3b5cg | table_82 | page=152 | Y=5.3.11 EMC characteristics | outline/toc=5.3.12 Electrical sensitivity characteristics
2026-07-26 21:19:13 | stm32u3b5cg | table_83 | page=153 | Y=5.3.12 Electrical sensitivity characteristics | outline/toc=5.3.13 I/O current injection characteristics
2026-07-26 21:19:13 | stm32u3b5cg | table_84 | page=153 | Y=5.3.12 Electrical sensitivity characteristics | outline/toc=5.3.13 I/O current injection characteristics
2026-07-26 21:19:13 | stm32u3b5cg | table_85 | page=154 | Y=5.3.13 I/O current injection characteristics | outline/toc=5.3.14 I/O port characteristics
2026-07-26 21:19:13 | stm32u3b5cg | table_93 | page=162 | Y=5.3.16 Extended interrupt and event controller input (EXTI) characteristics | outline/toc=5.3.17 Analog switches booster
2026-07-26 21:19:13 | stm32u3b5cg | table_98 | page=167 | Y=5.3.19 Temperature sensor characteristics | outline/toc=5.3.21 V monitoring characteristics
2026-07-26 21:19:13 | stm32u3b5cg | table_99 | page=167 | Y=5.3.20 V monitoring characteristics | outline/toc=5.3.21 V monitoring characteristics
2026-07-26 21:19:14 | stm32u3c5ci | table_69 | page=142 | Y=5.3.7 Wake-up time from low-power modes and voltage scaling transition times | outline/toc=5.3.8 External clock timing characteristics
2026-07-26 21:19:14 | stm32u3c5ci | table_70 | page=142 | Y=5.3.7 Wake-up time from low-power modes and voltage scaling transition times | outline/toc=5.3.8 External clock timing characteristics
2026-07-26 21:19:14 | stm32u3c5ci | table_74 | page=146 | Y=5.3.8 External clock timing characteristics | outline/toc=5.3.9 Internal clock timing characteristics
2026-07-26 21:19:14 | stm32u3c5ci | table_79 | page=153 | Y=5.3.10 Flash memory characteristics | outline/toc=5.3.11 EMC characteristics
2026-07-26 21:19:14 | stm32u3c5ci | table_80 | page=153 | Y=5.3.10 Flash memory characteristics | outline/toc=5.3.11 EMC characteristics
2026-07-26 21:19:15 | stm32u3c5ci | table_81 | page=154 | Y=5.3.11 EMC characteristics | outline/toc=5.3.12 Electrical sensitivity characteristics
2026-07-26 21:19:15 | stm32u3c5ci | table_82 | page=154 | Y=5.3.11 EMC characteristics | outline/toc=5.3.12 Electrical sensitivity characteristics
2026-07-26 21:19:15 | stm32u3c5ci | table_83 | page=155 | Y=5.3.12 Electrical sensitivity characteristics | outline/toc=5.3.13 I/O current injection characteristics
2026-07-26 21:19:15 | stm32u3c5ci | table_84 | page=155 | Y=5.3.12 Electrical sensitivity characteristics | outline/toc=5.3.13 I/O current injection characteristics
2026-07-26 21:19:15 | stm32u3c5ci | table_85 | page=156 | Y=5.3.13 I/O current injection characteristics | outline/toc=5.3.14 I/O port characteristics
2026-07-26 21:19:15 | stm32u3c5ci | table_93 | page=164 | Y=5.3.16 Extended interrupt and event controller input (EXTI) characteristics | outline/toc=5.3.17 Analog switches booster
2026-07-26 21:19:15 | stm32u3c5ci | table_98 | page=169 | Y=5.3.19 Temperature sensor characteristics | outline/toc=5.3.21 V monitoring characteristics
2026-07-26 21:19:15 | stm32u3c5ci | table_99 | page=169 | Y=5.3.20 V monitoring characteristics | outline/toc=5.3.21 V monitoring characteristics
2026-07-26 21:35:04 | stm32u3b5cg | table_5 | page=14 | A=3.7 Global TrustZone® controller (GTZC) | B=3.6 Boot modes
2026-07-26 21:35:04 | stm32u3b5cg | table_6 | page=14 | A=3.7 Global TrustZone® controller (GTZC) | B=3.6 Boot modes
2026-07-26 21:35:04 | stm32u3b5cg | table_7 | page=15 | A=3.7.1 TrustZone® security architecture | B=3.6 Boot modes
2026-07-26 21:35:04 | stm32u3b5cg | table_10 | page=36 | Y=3.21.1 Temperature sensor | outline/toc=3.22 Digital-to-analog converter (DAC)
2026-07-26 21:35:04 | stm32u3b5cg | table_11 | page=36 | Y=3.21.2 Internal voltage reference (VREFINT) | outline/toc=3.22 Digital-to-analog converter (DAC)
2026-07-26 21:35:04 | stm32u3b5cg | table_12 | page=41 | Y=3.31 Timers and watchdogs | outline/toc=3.31.2 General-purpose timers (TIM2, TIM3, TIM4, TIM12, TIM15, TIM16, TIM17)
2026-07-26 21:35:04 | stm32u3b5cg | table_13 | page=46 | Y=3.33 Tamper and backup registers (TAMP) | outline/toc=3.35 Improved inter-integrated circuit interface (I3C)
2026-07-26 21:35:04 | stm32u3b5cg | table_14 | page=48 | Y=3.33 Tamper and backup registers (TAMP) | outline/toc=3.36 Universal synchronous/asynchronous receiver transmitter (USART)
2026-07-26 21:35:04 | stm32u3b5cg | table_16 | page=52 | Y=3.38 Serial peripheral interface (SPI) | outline/toc=3.39 Serial audio interfaces (SAI)
2026-07-26 21:35:04 | stm32u3b5cg | table_17 | page=53 | Y=3.39 Serial audio interfaces (SAI) | outline/toc=3.40 Secure digital input/output and MultiMediaCards interface (SDMMC)
2026-07-26 21:35:04 | stm32u3b5cg | table_18 | page=54 | Y=3.40 Secure digital input/output and MultiMediaCards interface (SDMMC) | outline/toc=3.41 Controller area network (FDCAN)
2026-07-26 21:35:04 | stm32u3b5cg | table_19 | page=55 | Y=3.42 USB full-speed (USB) | outline/toc=3.43.2 Embedded Trace Macrocell
2026-07-26 21:35:04 | stm32u3b5cg | table_69 | page=140 | Y=5.3.7 Wake-up time from low-power modes and voltage scaling transition times | outline/toc=5.3.8 External clock timing characteristics
2026-07-26 21:35:04 | stm32u3b5cg | table_70 | page=140 | Y=5.3.7 Wake-up time from low-power modes and voltage scaling transition times | outline/toc=5.3.8 External clock timing characteristics
2026-07-26 21:35:04 | stm32u3b5cg | table_74 | page=144 | Y=5.3.8 External clock timing characteristics | outline/toc=5.3.9 Internal clock timing characteristics
2026-07-26 21:35:04 | stm32u3b5cg | table_79 | page=151 | Y=5.3.10 Flash memory characteristics | outline/toc=5.3.11 EMC characteristics
2026-07-26 21:35:04 | stm32u3b5cg | table_80 | page=151 | Y=5.3.10 Flash memory characteristics | outline/toc=5.3.11 EMC characteristics
2026-07-26 21:35:04 | stm32u3b5cg | table_81 | page=152 | Y=5.3.11 EMC characteristics | outline/toc=5.3.12 Electrical sensitivity characteristics
2026-07-26 21:35:04 | stm32u3b5cg | table_82 | page=152 | Y=5.3.11 EMC characteristics | outline/toc=5.3.12 Electrical sensitivity characteristics
2026-07-26 21:35:04 | stm32u3b5cg | table_83 | page=153 | Y=5.3.12 Electrical sensitivity characteristics | outline/toc=5.3.13 I/O current injection characteristics
2026-07-26 21:35:04 | stm32u3b5cg | table_84 | page=153 | Y=5.3.12 Electrical sensitivity characteristics | outline/toc=5.3.13 I/O current injection characteristics
2026-07-26 21:35:04 | stm32u3b5cg | table_85 | page=154 | Y=5.3.13 I/O current injection characteristics | outline/toc=5.3.14 I/O port characteristics
2026-07-26 21:35:04 | stm32u3b5cg | table_93 | page=162 | Y=5.3.16 Extended interrupt and event controller input (EXTI) characteristics | outline/toc=5.3.17 Analog switches booster
2026-07-26 21:35:04 | stm32u3b5cg | table_98 | page=167 | Y=5.3.19 Temperature sensor characteristics | outline/toc=5.3.21 V monitoring characteristics
2026-07-26 21:35:04 | stm32u3b5cg | table_99 | page=167 | Y=5.3.20 V monitoring characteristics | outline/toc=5.3.21 V monitoring characteristics
2026-07-26 21:35:04 | stm32u3b5cg | table_107 | page=178 | Y=5.3.26 ADF characteristics | outline/toc=5.3.27 Timer characteristics
2026-07-26 21:35:04 | stm32u3b5cg | table_108 | page=179 | Y=5.3.27 Timer characteristics | outline/toc=5.3.28 OCTOSPI characteristics
2026-07-26 21:35:04 | stm32u3b5cg | table_109 | page=179 | Y=5.3.27 Timer characteristics | outline/toc=5.3.28 OCTOSPI characteristics
2026-07-26 21:35:04 | stm32u3b5cg | table_110 | page=179 | Y=5.3.27 Timer characteristics | outline/toc=5.3.28 OCTOSPI characteristics
2026-07-26 21:35:04 | stm32u3b5cg | table_116 | page=186 | Y=5.3.30 Delay block characteristics | outline/toc=5.3.32 I3C interface characteristics
2026-07-26 21:35:04 | stm32u3b5cg | table_117 | page=186 | Y=5.3.30 Delay block characteristics | outline/toc=5.3.32 I3C interface characteristics
2026-07-26 21:35:04 | stm32u3b5cg | table_118 | page=187 | Y=5.3.30 Delay block characteristics | outline/toc=5.3.33 USART characteristics
2026-07-26 21:35:04 | stm32u3b5cg | table_119 | page=187 | Y=5.3.30 Delay block characteristics | outline/toc=5.3.33 USART characteristics
2026-07-26 21:35:04 | stm32u3b5cg | table_123 | page=194 | Y=5.3.35 SAI characteristics | outline/toc=5.3.37 JTAG/SWD interface characteristics
2026-07-26 21:35:04 | stm32u3b5cg | table_126 | page=199 | Y=6.1 Device marking | outline/toc=6.2 LQFP48 package information (5B)
2026-07-26 21:35:04 | stm32u3b5cg | table_127 | page=202 | Y=6.1 Device marking | outline/toc=6.3 UFQFPN48 package information (A0B9)
2026-07-26 21:35:04 | stm32u3b5cg | table_128 | page=204 | Y=6.1 Device marking | outline/toc=6.4 LQFP64 package information (5W)
2026-07-26 21:35:04 | stm32u3b5cg | table_129 | page=207 | Y=6.1 Device marking | outline/toc=6.5.1 Device marking for WLCSP72
2026-07-26 21:35:04 | stm32u3b5cg | table_131 | page=213 | Y=6.1 Device marking | outline/toc=6.7 LQFP100 package information (1L)
2026-07-26 21:35:04 | stm32u3b5cg | table_132 | page=216 | Y=6.1 Device marking | outline/toc=6.8.1 Device marking for WLCSP126
2026-07-26 21:35:04 | stm32u3b5cg | table_133 | page=219 | Y=6.1 Device marking | outline/toc=6.9 UFBGA132 package information (A0G8)
2026-07-26 21:35:04 | stm32u3b5cg | table_134 | page=220 | Y=6.1 Device marking | outline/toc=6.10 LQFP144 package information (1A)
2026-07-26 21:35:04 | stm32u3b5cg | table_135 | page=222 | Y=6.1 Device marking | outline/toc=6.10 LQFP144 package information (1A)
2026-07-26 21:35:05 | stm32u3c5ci | table_5 | page=14 | A=3.7 Global TrustZone® controller (GTZC) | B=3.6 Boot modes
2026-07-26 21:35:05 | stm32u3c5ci | table_6 | page=14 | A=3.7 Global TrustZone® controller (GTZC) | B=3.6 Boot modes
2026-07-26 21:35:05 | stm32u3c5ci | table_7 | page=15 | A=3.7.1 TrustZone® security architecture | B=3.6 Boot modes
2026-07-26 21:35:05 | stm32u3c5ci | table_10 | page=36 | Y=3.21.1 Temperature sensor | outline/toc=3.22 Digital-to-analog converter (DAC)
2026-07-26 21:35:05 | stm32u3c5ci | table_11 | page=36 | Y=3.21.2 Internal voltage reference (VREFINT) | outline/toc=3.22 Digital-to-analog converter (DAC)
2026-07-26 21:35:05 | stm32u3c5ci | table_12 | page=43 | Y=3.33 Timers and watchdogs | outline/toc=3.33.1 Advanced-control timers (TIM1/TIM8)
2026-07-26 21:35:05 | stm32u3c5ci | table_13 | page=48 | Y=3.35 Tamper and backup registers (TAMP) | outline/toc=3.37 Improved inter-integrated circuit interface (I3C)
2026-07-26 21:35:05 | stm32u3c5ci | table_14 | page=50 | Y=3.35 Tamper and backup registers (TAMP) | outline/toc=3.38 Universal synchronous/asynchronous receiver transmitter (USART)
2026-07-26 21:35:05 | stm32u3c5ci | table_16 | page=54 | Y=3.40 Serial peripheral interface (SPI) | outline/toc=3.41 Serial audio interfaces (SAI)
2026-07-26 21:35:05 | stm32u3c5ci | table_17 | page=55 | Y=3.41 Serial audio interfaces (SAI) | outline/toc=3.42 Secure digital input/output and MultiMediaCards interface (SDMMC)
2026-07-26 21:35:05 | stm32u3c5ci | table_18 | page=56 | Y=3.42 Secure digital input/output and MultiMediaCards interface (SDMMC) | outline/toc=3.43 Controller area network (FDCAN)
2026-07-26 21:35:05 | stm32u3c5ci | table_19 | page=57 | Y=3.44 USB full-speed (USB) | outline/toc=3.45.2 Embedded Trace Macrocell
2026-07-26 21:35:05 | stm32u3c5ci | table_69 | page=142 | Y=5.3.7 Wake-up time from low-power modes and voltage scaling transition times | outline/toc=5.3.8 External clock timing characteristics
2026-07-26 21:35:05 | stm32u3c5ci | table_70 | page=142 | Y=5.3.7 Wake-up time from low-power modes and voltage scaling transition times | outline/toc=5.3.8 External clock timing characteristics
2026-07-26 21:35:05 | stm32u3c5ci | table_74 | page=146 | Y=5.3.8 External clock timing characteristics | outline/toc=5.3.9 Internal clock timing characteristics
2026-07-26 21:35:05 | stm32u3c5ci | table_79 | page=153 | Y=5.3.10 Flash memory characteristics | outline/toc=5.3.11 EMC characteristics
2026-07-26 21:35:05 | stm32u3c5ci | table_80 | page=153 | Y=5.3.10 Flash memory characteristics | outline/toc=5.3.11 EMC characteristics
2026-07-26 21:35:05 | stm32u3c5ci | table_81 | page=154 | Y=5.3.11 EMC characteristics | outline/toc=5.3.12 Electrical sensitivity characteristics
2026-07-26 21:35:05 | stm32u3c5ci | table_82 | page=154 | Y=5.3.11 EMC characteristics | outline/toc=5.3.12 Electrical sensitivity characteristics
2026-07-26 21:35:05 | stm32u3c5ci | table_83 | page=155 | Y=5.3.12 Electrical sensitivity characteristics | outline/toc=5.3.13 I/O current injection characteristics
2026-07-26 21:35:05 | stm32u3c5ci | table_84 | page=155 | Y=5.3.12 Electrical sensitivity characteristics | outline/toc=5.3.13 I/O current injection characteristics
2026-07-26 21:35:05 | stm32u3c5ci | table_85 | page=156 | Y=5.3.13 I/O current injection characteristics | outline/toc=5.3.14 I/O port characteristics
2026-07-26 21:35:05 | stm32u3c5ci | table_93 | page=164 | Y=5.3.16 Extended interrupt and event controller input (EXTI) characteristics | outline/toc=5.3.17 Analog switches booster
2026-07-26 21:35:05 | stm32u3c5ci | table_98 | page=169 | Y=5.3.19 Temperature sensor characteristics | outline/toc=5.3.21 V monitoring characteristics
2026-07-26 21:35:05 | stm32u3c5ci | table_99 | page=169 | Y=5.3.20 V monitoring characteristics | outline/toc=5.3.21 V monitoring characteristics
2026-07-26 21:35:05 | stm32u3c5ci | table_107 | page=180 | Y=5.3.26 ADF characteristics | outline/toc=5.3.27 Timer characteristics
2026-07-26 21:35:05 | stm32u3c5ci | table_108 | page=181 | Y=5.3.27 Timer characteristics | outline/toc=5.3.28 OCTOSPI characteristics
2026-07-26 21:35:05 | stm32u3c5ci | table_109 | page=181 | Y=5.3.27 Timer characteristics | outline/toc=5.3.28 OCTOSPI characteristics
2026-07-26 21:35:05 | stm32u3c5ci | table_110 | page=181 | Y=5.3.27 Timer characteristics | outline/toc=5.3.28 OCTOSPI characteristics
2026-07-26 21:35:05 | stm32u3c5ci | table_116 | page=188 | Y=5.3.30 Delay block characteristics | outline/toc=5.3.32 I3C interface characteristics
2026-07-26 21:35:05 | stm32u3c5ci | table_117 | page=188 | Y=5.3.30 Delay block characteristics | outline/toc=5.3.32 I3C interface characteristics
2026-07-26 21:35:05 | stm32u3c5ci | table_118 | page=189 | Y=5.3.30 Delay block characteristics | outline/toc=5.3.33 USART characteristics
2026-07-26 21:35:05 | stm32u3c5ci | table_119 | page=189 | Y=5.3.30 Delay block characteristics | outline/toc=5.3.33 USART characteristics
2026-07-26 21:35:05 | stm32u3c5ci | table_123 | page=196 | Y=5.3.35 SAI characteristics | outline/toc=5.3.37 JTAG/SWD interface characteristics
2026-07-26 21:35:05 | stm32u3c5ci | table_126 | page=201 | Y=6.1 Device marking | outline/toc=6.2 LQFP48 package information (5B)
2026-07-26 21:35:05 | stm32u3c5ci | table_127 | page=204 | Y=6.1 Device marking | outline/toc=6.3 UFQFPN48 package information (A0B9)
2026-07-26 21:35:05 | stm32u3c5ci | table_128 | page=206 | Y=6.1 Device marking | outline/toc=6.4 LQFP64 package information (5W)
2026-07-26 21:35:05 | stm32u3c5ci | table_129 | page=209 | Y=6.1 Device marking | outline/toc=6.5.1 Device marking for WLCSP72
2026-07-26 21:35:05 | stm32u3c5ci | table_131 | page=215 | Y=6.1 Device marking | outline/toc=6.7 LQFP100 package information (1L)
2026-07-26 21:35:05 | stm32u3c5ci | table_132 | page=218 | Y=6.1 Device marking | outline/toc=6.8.1 Device marking for WLCSP126
2026-07-26 21:35:05 | stm32u3c5ci | table_133 | page=221 | Y=6.1 Device marking | outline/toc=6.9 UFBGA132 package information (A0G8)
2026-07-26 21:35:05 | stm32u3c5ci | table_134 | page=222 | Y=6.1 Device marking | outline/toc=6.10 LQFP144 package information (1A)
2026-07-26 21:35:05 | stm32u3c5ci | table_135 | page=224 | Y=6.1 Device marking | outline/toc=6.10 LQFP144 package information (1A)
2026-07-26 21:35:06 | stm32u385cg | table_5 | page=14 | A=3.7 Global TrustZone® controller (GTZC) | B=3.6 Boot modes
2026-07-26 21:35:06 | stm32u385cg | table_6 | page=14 | A=3.7 Global TrustZone® controller (GTZC) | B=3.6 Boot modes
2026-07-26 21:35:06 | stm32u385cg | table_7 | page=15 | A=3.7.1 TrustZone® security architecture | B=3.6 Boot modes
2026-07-26 21:35:06 | stm32u385cg | table_10 | page=35 | Y=3.20.1 Temperature sensor | outline/toc=3.20.2 Internal voltage reference (VREFINT)
2026-07-26 21:35:06 | stm32u375ce | table_5 | page=14 | A=3.7 Global TrustZone® controller (GTZC) | B=3.6 Boot modes
2026-07-26 21:35:06 | stm32u375ce | table_6 | page=14 | A=3.7 Global TrustZone® controller (GTZC) | B=3.6 Boot modes
2026-07-26 21:35:06 | stm32u375ce | table_7 | page=15 | A=3.7.1 TrustZone® security architecture | B=3.6 Boot modes
2026-07-26 21:35:06 | stm32u385cg | table_12 | page=42 | Y=3.32 Timers and watchdogs | outline/toc=3.32.1 Advanced-control timers (TIM1)
2026-07-26 21:35:06 | stm32u385cg | table_13 | page=47 | Y=3.34 Tamper and backup registers (TAMP) | outline/toc=3.36 Improved inter-integrated circuit interface (I3C)
2026-07-26 21:35:06 | stm32u375ce | table_10 | page=35 | Y=3.20.1 Temperature sensor | outline/toc=3.20.2 Internal voltage reference (VREFINT)
2026-07-26 21:35:06 | stm32u385cg | table_14 | page=49 | Y=3.34 Tamper and backup registers (TAMP) | outline/toc=3.37 Universal synchronous/asynchronous receiver transmitter (USART)
2026-07-26 21:35:06 | stm32u375ce | table_12 | page=40 | Y=3.30 Timers and watchdogs | outline/toc=3.30.1 Advanced-control timers (TIM1)
2026-07-26 21:35:06 | stm32u375ce | table_13 | page=45 | Y=3.32 Tamper and backup registers (TAMP) | outline/toc=3.34 Improved inter-integrated circuit interface (I3C)
2026-07-26 21:35:06 | stm32u375ce | table_14 | page=47 | Y=3.32 Tamper and backup registers (TAMP) | outline/toc=3.35 Universal synchronous/asynchronous receiver transmitter (USART)
2026-07-26 21:35:06 | stm32u385cg | table_16 | page=53 | Y=3.39 Serial peripheral interface (SPI) | outline/toc=3.40 Serial audio interfaces (SAI)
2026-07-26 21:35:06 | stm32u385cg | table_17 | page=54 | Y=3.40 Serial audio interfaces (SAI) | outline/toc=3.41 Secure digital input/output and MultiMediaCards interface (SDMMC)
2026-07-26 21:35:06 | stm32u375ce | table_16 | page=51 | Y=3.37 Serial peripheral interface (SPI) | outline/toc=3.38 Serial audio interfaces (SAI)
2026-07-26 21:35:06 | stm32u385cg | table_18 | page=55 | Y=3.41 Secure digital input/output and MultiMediaCards interface (SDMMC) | outline/toc=3.42 Controller area network (FDCAN)
2026-07-26 21:35:06 | stm32u375ce | table_17 | page=52 | Y=3.38 Serial audio interfaces (SAI) | outline/toc=3.39 Secure digital input/output and MultiMediaCards interface (SDMMC)
2026-07-26 21:35:06 | stm32u385cg | table_19 | page=56 | Y=3.43 USB full-speed (USB) | outline/toc=3.44.2 Embedded Trace Macrocell
2026-07-26 21:35:06 | stm32u375ce | table_18 | page=53 | Y=3.39 Secure digital input/output and MultiMediaCards interface (SDMMC) | outline/toc=3.40 Controller area network (FDCAN)
2026-07-26 21:35:06 | stm32u375ce | table_19 | page=54 | Y=3.41 USB full-speed (USB) | outline/toc=3.42.2 Embedded Trace Macrocell
2026-07-26 21:35:06 | stm32u385cg | table_28 | page=101 | Y=5.3.2 Operating conditions at power-up/power-down | outline/toc=5.3.3 Embedded reset and power control block characteristics
2026-07-26 21:35:06 | stm32u375ce | table_28 | page=99 | Y=5.3.2 Operating conditions at power-up/power-down | outline/toc=5.3.3 Embedded reset and power control block characteristics
2026-07-26 21:35:06 | stm32u385cg | table_70 | page=132 | Y=5.3.7 Wake-up time from low-power modes and voltage scaling transition times | outline/toc=5.3.8 External clock timing characteristics
2026-07-26 21:35:06 | stm32u385cg | table_74 | page=136 | Y=5.3.8 External clock timing characteristics | outline/toc=5.3.9 Internal clock timing characteristics
2026-07-26 21:35:06 | stm32u375ce | table_69 | page=129 | Y=5.3.7 Wake-up time from low-power modes and voltage scaling transition times | outline/toc=5.3.8 External clock timing characteristics
2026-07-26 21:35:06 | stm32u375ce | table_70 | page=129 | Y=5.3.7 Wake-up time from low-power modes and voltage scaling transition times | outline/toc=5.3.8 External clock timing characteristics
2026-07-26 21:35:06 | stm32u385cg | table_79 | page=143 | Y=5.3.10 Flash memory characteristics | outline/toc=5.3.11 EMC characteristics
2026-07-26 21:35:06 | stm32u385cg | table_80 | page=143 | Y=5.3.10 Flash memory characteristics | outline/toc=5.3.11 EMC characteristics
2026-07-26 21:35:06 | stm32u375ce | table_74 | page=133 | Y=5.3.8 External clock timing characteristics | outline/toc=5.3.9 Internal clock timing characteristics
2026-07-26 21:35:06 | stm32u385cg | table_81 | page=144 | Y=5.3.11 EMC characteristics | outline/toc=5.3.12 Electrical sensitivity characteristics
2026-07-26 21:35:06 | stm32u385cg | table_82 | page=144 | Y=5.3.11 EMC characteristics | outline/toc=5.3.12 Electrical sensitivity characteristics
2026-07-26 21:35:06 | stm32u375ce | table_79 | page=140 | Y=5.3.10 Flash memory characteristics | outline/toc=5.3.11 EMC characteristics
2026-07-26 21:35:06 | stm32u375ce | table_80 | page=140 | Y=5.3.10 Flash memory characteristics | outline/toc=5.3.11 EMC characteristics
2026-07-26 21:35:06 | stm32u385cg | table_85 | page=146 | Y=5.3.13 I/O current injection characteristics | outline/toc=5.3.14 I/O port characteristics
2026-07-26 21:35:06 | stm32u375ce | table_81 | page=141 | Y=5.3.11 EMC characteristics | outline/toc=5.3.12 Electrical sensitivity characteristics
2026-07-26 21:35:06 | stm32u375ce | table_82 | page=141 | Y=5.3.11 EMC characteristics | outline/toc=5.3.12 Electrical sensitivity characteristics
2026-07-26 21:35:06 | stm32u385cg | table_93 | page=154 | Y=5.3.16 Extended interrupt and event controller input (EXTI) characteristics | outline/toc=5.3.17 Analog switches booster
2026-07-26 21:35:06 | stm32u375ce | table_85 | page=143 | Y=5.3.13 I/O current injection characteristics | outline/toc=5.3.14 I/O port characteristics
2026-07-26 21:35:06 | stm32u385cg | table_98 | page=159 | Y=5.3.19 Temperature sensor characteristics | outline/toc=5.3.21 V monitoring characteristics
2026-07-26 21:35:06 | stm32u385cg | table_99 | page=159 | Y=5.3.20 V monitoring characteristics | outline/toc=5.3.21 V monitoring characteristics
2026-07-26 21:35:06 | stm32u375ce | table_93 | page=151 | Y=5.3.16 Extended interrupt and event controller input (EXTI) characteristics | outline/toc=5.3.17 Analog switches booster
2026-07-26 21:35:06 | stm32u375ce | table_98 | page=156 | Y=5.3.19 Temperature sensor characteristics | outline/toc=5.3.21 V monitoring characteristics
2026-07-26 21:35:06 | stm32u375ce | table_99 | page=156 | Y=5.3.20 V monitoring characteristics | outline/toc=5.3.21 V monitoring characteristics
2026-07-26 21:35:06 | stm32u385cg | table_107 | page=170 | Y=5.3.26 ADF characteristics | outline/toc=5.3.27 Timer characteristics
2026-07-26 21:35:06 | stm32u385cg | table_108 | page=171 | Y=5.3.27 Timer characteristics | outline/toc=5.3.28 OCTOSPI characteristics
2026-07-26 21:35:06 | stm32u385cg | table_109 | page=171 | Y=5.3.27 Timer characteristics | outline/toc=5.3.28 OCTOSPI characteristics
2026-07-26 21:35:06 | stm32u385cg | table_110 | page=171 | Y=5.3.27 Timer characteristics | outline/toc=5.3.28 OCTOSPI characteristics
2026-07-26 21:35:06 | stm32u375ce | table_107 | page=167 | Y=5.3.26 ADF characteristics | outline/toc=5.3.27 Timer characteristics
2026-07-26 21:35:06 | stm32u385cg | table_116 | page=178 | Y=5.3.30 Delay block characteristics | outline/toc=5.3.32 I3C interface characteristics
2026-07-26 21:35:06 | stm32u385cg | table_117 | page=178 | Y=5.3.30 Delay block characteristics | outline/toc=5.3.32 I3C interface characteristics
2026-07-26 21:35:06 | stm32u375ce | table_108 | page=168 | Y=5.3.27 Timer characteristics | outline/toc=5.3.28 OCTOSPI characteristics
2026-07-26 21:35:06 | stm32u375ce | table_109 | page=168 | Y=5.3.27 Timer characteristics | outline/toc=5.3.28 OCTOSPI characteristics
2026-07-26 21:35:06 | stm32u375ce | table_110 | page=168 | Y=5.3.27 Timer characteristics | outline/toc=5.3.28 OCTOSPI characteristics
2026-07-26 21:35:06 | stm32u385cg | table_118 | page=179 | Y=5.3.30 Delay block characteristics | outline/toc=5.3.33 USART characteristics
2026-07-26 21:35:06 | stm32u385cg | table_119 | page=179 | Y=5.3.30 Delay block characteristics | outline/toc=5.3.33 USART characteristics
2026-07-26 21:35:06 | stm32u375ce | table_116 | page=175 | Y=5.3.30 Delay block characteristics | outline/toc=5.3.32 I3C interface characteristics
2026-07-26 21:35:06 | stm32u375ce | table_117 | page=175 | Y=5.3.30 Delay block characteristics | outline/toc=5.3.32 I3C interface characteristics
2026-07-26 21:35:06 | stm32u375ce | table_118 | page=176 | Y=5.3.30 Delay block characteristics | outline/toc=5.3.33 USART characteristics
2026-07-26 21:35:06 | stm32u375ce | table_119 | page=176 | Y=5.3.30 Delay block characteristics | outline/toc=5.3.33 USART characteristics
2026-07-26 21:35:06 | stm32u385cg | table_123 | page=186 | Y=5.3.35 SAI characteristics | outline/toc=5.3.37 JTAG/SWD interface characteristics
2026-07-26 21:35:06 | stm32u385cg | table_126 | page=191 | Y=6.1 Device marking | outline/toc=6.2 UFQFPN32 package information (A0B8)
2026-07-26 21:35:06 | stm32u385cg | table_127 | page=191 | Y=6.1 Device marking | outline/toc=6.2 UFQFPN32 package information (A0B8)
2026-07-26 21:35:06 | stm32u385cg | table_128 | page=192 | Y=6.1 Device marking | outline/toc=6.2 UFQFPN32 package information (A0B8)
2026-07-26 21:35:06 | stm32u385cg | table_129 | page=194 | Y=6.1 Device marking | outline/toc=6.3 LQFP48 package information (5B)
2026-07-26 21:35:06 | stm32u385cg | table_130 | page=197 | Y=6.1 Device marking | outline/toc=6.4 UFQFPN48 package information (A0B9)
2026-07-26 21:35:06 | stm32u375ce | table_123 | page=183 | Y=5.3.35 SAI characteristics | outline/toc=5.3.37 JTAG/SWD interface characteristics
2026-07-26 21:35:06 | stm32u385cg | table_132 | page=199 | Y=6.1 Device marking | outline/toc=6.5 WLCSP52 package information (B0JQ)
2026-07-26 21:35:06 | stm32u385cg | table_133 | page=200 | Y=6.1 Device marking | outline/toc=6.5.1 Device marking for WLCSP52
2026-07-26 21:35:06 | stm32u385cg | table_134 | page=203 | Y=6.1 Device marking | outline/toc=6.6 LQFP64 package information (5W)
2026-07-26 21:35:06 | stm32u385cg | table_135 | page=206 | Y=6.1 Device marking | outline/toc=6.7 UFBGA64 package information (A019)
2026-07-26 21:35:06 | stm32u385cg | table_136 | page=207 | Y=6.1 Device marking | outline/toc=6.7 UFBGA64 package information (A019)
2026-07-26 21:35:06 | stm32u385cg | table_137 | page=209 | Y=6.1 Device marking | outline/toc=6.8 WLCSP68 package information (B0JP)
2026-07-26 21:35:06 | stm32u375ce | table_126 | page=188 | Y=6.1 Device marking | outline/toc=6.2 UFQFPN32 package information (A0B8)
2026-07-26 21:35:06 | stm32u385cg | table_138 | page=209 | Y=6.1 Device marking | outline/toc=6.8 WLCSP68 package information (B0JP)
2026-07-26 21:35:06 | stm32u375ce | table_127 | page=188 | Y=6.1 Device marking | outline/toc=6.2 UFQFPN32 package information (A0B8)
2026-07-26 21:35:06 | stm32u385cg | table_139 | page=210 | Y=6.1 Device marking | outline/toc=6.8.1 Device marking for WLCSP68
2026-07-26 21:35:06 | stm32u375ce | table_128 | page=189 | Y=6.1 Device marking | outline/toc=6.2 UFQFPN32 package information (A0B8)
2026-07-26 21:35:06 | stm32u385cg | table_140 | page=213 | Y=6.1 Device marking | outline/toc=6.9 LQFP100 package information (1L)
2026-07-26 21:35:06 | stm32u375ce | table_129 | page=191 | Y=6.1 Device marking | outline/toc=6.3 LQFP48 package information (5B)
2026-07-26 21:35:06 | stm32u385cg | table_141 | page=216 | Y=6.1 Device marking | outline/toc=6.10 UFBGA100 package information (A0C2)
2026-07-26 21:35:06 | stm32u375ce | table_130 | page=194 | Y=6.1 Device marking | outline/toc=6.4 UFQFPN48 package information (A0B9)
2026-07-26 21:35:06 | stm32u375ce | table_131 | page=196 | Y=6.1 Device marking | outline/toc=6.5 WLCSP52 package information (B0JQ)
2026-07-26 21:35:06 | stm32u375ce | table_132 | page=196 | Y=6.1 Device marking | outline/toc=6.5 WLCSP52 package information (B0JQ)
2026-07-26 21:35:06 | stm32u375ce | table_133 | page=197 | Y=6.1 Device marking | outline/toc=6.5.1 Device marking for WLCSP52
2026-07-26 21:35:06 | stm32u375ce | table_134 | page=200 | Y=6.1 Device marking | outline/toc=6.6 LQFP64 package information (5W)
2026-07-26 21:35:06 | stm32u385cg | table_142 | page=217 | Y=6.1 Device marking | outline/toc=6.11 Package thermal characteristics
2026-07-26 21:35:06 | stm32u375ce | table_135 | page=203 | Y=6.1 Device marking | outline/toc=6.7 UFBGA64 package information (A019)
2026-07-26 21:35:06 | stm32u375ce | table_136 | page=204 | Y=6.1 Device marking | outline/toc=6.7 UFBGA64 package information (A019)
2026-07-26 21:35:06 | stm32u375ce | table_137 | page=206 | Y=6.1 Device marking | outline/toc=6.8 WLCSP68 package information (B0JP)
2026-07-26 21:35:06 | stm32u375ce | table_138 | page=206 | Y=6.1 Device marking | outline/toc=6.8 WLCSP68 package information (B0JP)
2026-07-26 21:35:06 | stm32u375ce | table_139 | page=207 | Y=6.1 Device marking | outline/toc=6.8.1 Device marking for WLCSP68
2026-07-26 21:35:06 | stm32u375ce | table_140 | page=210 | Y=6.1 Device marking | outline/toc=6.9 LQFP100 package information (1L)
2026-07-26 21:35:06 | stm32u375ce | table_141 | page=213 | Y=6.1 Device marking | outline/toc=6.10 UFBGA100 package information (A0C2)
2026-07-26 21:35:06 | stm32u375ce | table_142 | page=214 | Y=6.1 Device marking | outline/toc=6.11 Package thermal characteristics
2026-07-26 21:36:58 | stm32c532cb | table_3 | page=14 | Y=3.12 Low-power direct memory access controller (LPDMA) | outline/toc=3.13.2 Extended interrupt and event controller (EXTI)
2026-07-26 21:36:58 | stm32c532cb | table_4 | page=17 | Y=3.15 Analog-to-digital converter (ADC) | outline/toc=3.16 Digital to analog converter (DAC)
2026-07-26 21:36:58 | stm32c532cb | table_5 | page=20 | Y=3.21 Timers and watchdogs | outline/toc=3.21.1 Advanced-control timers (TIM1/TIM8)
2026-07-26 21:36:58 | stm32c532cb | table_6 | page=25 | Y=3.22.2 Tamper and backup registers (TAMP) | outline/toc=3.24 Improved inter-integrated circuit interface (I3C)
2026-07-26 21:36:58 | stm32c532cb | table_7 | page=27 | Y=3.22.2 Tamper and backup registers (TAMP) | outline/toc=3.24 Improved inter-integrated circuit interface (I3C)
2026-07-26 21:36:58 | stm32c532cb | table_8 | page=28 | Y=3.25 Universal synchronous/asynchronous receiver transmitter (USART/UART) and | outline/toc=3.25.1 Universal synchronous/asynchronous receiver transmitter (USART/UART)
2026-07-26 21:36:58 | stm32c532cb | table_9 | page=30 | Y=3.25.2 Low-power universal asynchronous receiver transmitter (LPUART) | outline/toc=3.26 Serial peripheral interface (SPI)/Inter-integrated sound interfaces (I2S)
2026-07-26 21:36:58 | stm32c532cb | table_15 | page=51 | Y=5.2 Absolute maximum ratings | outline/toc=5.3.1 General operating conditions
2026-07-26 21:36:58 | stm32c532cb | table_17 | page=52 | Y=5.3.2 Operating conditions at power-up/power-down | outline/toc=5.3.4 Inrush current and inrush electric charge characteristics
2026-07-26 21:36:58 | stm32c532cb | table_18 | page=52 | Y=5.3.3 Embedded reset and power control block characteristics | outline/toc=5.3.4 Inrush current and inrush electric charge characteristics
2026-07-26 21:36:58 | stm32c532cb | table_20 | page=53 | Y=5.3.5 Embedded voltage reference | outline/toc=5.3.6 Supply current characteristics
2026-07-26 21:36:58 | stm32c532cb | table_21 | page=53 | Y=5.3.5 Embedded voltage reference | outline/toc=5.3.6 Supply current characteristics
2026-07-26 21:36:58 | stm32c532cb | table_22 | page=54 | Y=5.3.6.1 Current consumption in Run mode | outline/toc=5.3.6 Supply current characteristics
2026-07-26 21:36:58 | stm32c532cb | table_23 | page=54 | Y=5.3.6.1 Current consumption in Run mode | outline/toc=5.3.6 Supply current characteristics
2026-07-26 21:36:58 | stm32c532cb | table_25 | page=55 | Y=5.3.6.3 Current consumption in Stop mode | outline/toc=5.3.6 Supply current characteristics
2026-07-26 21:36:58 | stm32c532cb | table_26 | page=55 | Y=5.3.6.3 Current consumption in Stop mode | outline/toc=5.3.6 Supply current characteristics
2026-07-26 21:36:58 | stm32c532cb | table_29 | page=58 | Y=5.3.7 Wake-up time from low-power modes and voltage scaling transition times | outline/toc=5.3.8 External clock timing characteristics
2026-07-26 21:36:58 | stm32c532cb | table_30 | page=58 | Y=5.3.7 Wake-up time from low-power modes and voltage scaling transition times | outline/toc=5.3.8 External clock timing characteristics
2026-07-26 21:36:58 | stm32c532cb | table_37 | page=67 | Y=5.3.9.3 Low-speed internal (LSI) RC oscillator | outline/toc=5.3.10 Flash memory characteristics
2026-07-26 21:36:58 | stm32c532cb | table_42 | page=69 | Y=5.3.11 EMC characteristics | outline/toc=5.3.12 Electrical sensitivity characteristics
2026-07-26 21:36:58 | stm32c532cb | table_54 | page=81 | Y=5.3.18 Temperature sensor characteristics | outline/toc=5.3.19 Digital-to-analog converter characteristics (DAC)
2026-07-26 21:36:58 | stm32c532cb | table_55 | page=81 | Y=5.3.18 Temperature sensor characteristics | outline/toc=5.3.19 Digital-to-analog converter characteristics (DAC)
2026-07-26 21:36:58 | stm32c532cb | table_57 | page=84 | Y=5.3.19 Digital-to-analog converter characteristics (DAC) | outline/toc=5.3.20 Comparator characteristics
2026-07-26 21:36:58 | stm32c532cb | table_61 | page=88 | Y=5.3.22 Timer characteristics | outline/toc=5.3.23 I3C interface characteristics
2026-07-26 21:36:58 | stm32c532cb | table_62 | page=88 | Y=5.3.22 Timer characteristics | outline/toc=5.3.23 I3C interface characteristics
2026-07-26 21:36:58 | stm32c532cb | table_63 | page=88 | Y=5.3.22 Timer characteristics | outline/toc=5.3.23 I3C interface characteristics
2026-07-26 21:36:58 | stm32c532cb | table_64 | page=89 | Y=5.3.22 Timer characteristics | outline/toc=5.3.25 USART characteristics
2026-07-26 21:36:58 | stm32c532cb | table_67 | page=94 | Y=5.3.26 SPI characteristics | outline/toc=5.3.29 JTAG/SWD interface characteristics
2026-07-26 21:36:58 | stm32c532cb | table_68 | page=94 | Y=5.3.26 SPI characteristics | outline/toc=5.3.29 JTAG/SWD interface characteristics
2026-07-26 21:36:58 | stm32c532cb | table_71 | page=97 | Y=6.1 Device marking | outline/toc=6.2 TSSOP20 package information (YA)
2026-07-26 21:36:58 | stm32c532cb | table_72 | page=100 | Y=6.1 Device marking | outline/toc=6.3 UFQFPN20 package information (A0A5)
2026-07-26 21:36:58 | stm32c532cb | table_73 | page=103 | Y=6.1 Device marking | outline/toc=6.4 UFQFPN24 package information (3Z)
2026-07-26 21:36:58 | stm32c532cb | table_74 | page=105 | Y=4.00 PKG | outline/toc=6.5 LQFP32 package information (5V)
2026-07-26 21:36:58 | stm32c532cb | table_75 | page=108 | Y=1.2 REF | outline/toc=6.6 UFQFPN32 package information (A0B8)
2026-07-26 21:36:58 | stm32c532cb | table_76 | page=108 | Y=1.2 REF | outline/toc=6.6 UFQFPN32 package information (A0B8)
2026-07-26 21:36:58 | stm32c532cb | table_77 | page=109 | Y=1.2 REF | outline/toc=6.6 UFQFPN32 package information (A0B8)
2026-07-26 21:36:58 | stm32c532cb | table_78 | page=111 | Y=1.2 REF | outline/toc=6.7 LQFP48 package information (5B)
2026-07-26 21:36:58 | stm32c532cb | table_79 | page=114 | Y=1.2 REF | outline/toc=6.8 UFQFPN48 package information (A0B9)
2026-07-26 21:36:58 | stm32c532cb | table_80 | page=116 | Y=1.2 REF | outline/toc=6.9 LQFP64 package information (5W)
2026-07-26 21:36:58 | stm32c532cb | table_81 | page=118 | Y=6.10 Package thermal characteristics | outline/toc=6.10.1 Reference documents
2026-07-26 21:37:00 | stm32c542cc | table_3 | page=14 | Y=3.12 Low-power direct memory access controller (LPDMA) | outline/toc=3.14 Cyclic redundancy check calculation unit (CRC)
2026-07-26 21:37:00 | stm32c542cc | table_4 | page=17 | Y=3.15 Analog-to-digital converter (ADC) | outline/toc=3.16 Digital to analog converter (DAC)
2026-07-26 21:37:00 | stm32c542cc | table_5 | page=20 | Y=3.20 AES hardware accelerator (AES) | outline/toc=3.21 HASH processor (HASH)
2026-07-26 21:37:00 | stm32c542cc | table_6 | page=21 | Y=3.22 Timers and watchdogs | outline/toc=3.22.1 Advanced-control timers (TIM1/TIM8)
2026-07-26 21:37:00 | stm32c542cc | table_7 | page=26 | Y=3.23.2 Tamper and backup registers (TAMP) | outline/toc=3.25 Improved inter-integrated circuit interface (I3C)
2026-07-26 21:37:00 | stm32c542cc | table_8 | page=28 | Y=3.23.2 Tamper and backup registers (TAMP) | outline/toc=3.25 Improved inter-integrated circuit interface (I3C)
2026-07-26 21:37:00 | stm32c542cc | table_9 | page=29 | Y=3.26 Universal synchronous/asynchronous receiver transmitter (USART/UART) and | outline/toc=3.26.1 Universal synchronous/asynchronous receiver transmitter (USART/UART)
2026-07-26 21:37:00 | stm32c542cc | table_10 | page=31 | Y=3.26.2 Low-power universal asynchronous receiver transmitter (LPUART) | outline/toc=3.27 Serial peripheral interface (SPI)/Inter-integrated sound interfaces (I2S)
2026-07-26 21:37:00 | stm32c542cc | table_16 | page=52 | Y=5.2 Absolute maximum ratings | outline/toc=5.3.1 General operating conditions
2026-07-26 21:37:00 | stm32c542cc | table_18 | page=53 | Y=5.3.2 Operating conditions at power-up/power-down | outline/toc=5.3.4 Inrush current and inrush electric charge characteristics
2026-07-26 21:37:00 | stm32c542cc | table_19 | page=53 | Y=5.3.3 Embedded reset and power control block characteristics | outline/toc=5.3.4 Inrush current and inrush electric charge characteristics
2026-07-26 21:37:00 | stm32c542cc | table_21 | page=54 | Y=5.3.5 Embedded voltage reference | outline/toc=5.3.6 Supply current characteristics
2026-07-26 21:37:00 | stm32c542cc | table_22 | page=54 | Y=5.3.5 Embedded voltage reference | outline/toc=5.3.6 Supply current characteristics
2026-07-26 21:37:00 | stm32c542cc | table_23 | page=55 | Y=5.3.6.1 Current consumption in Run mode | outline/toc=5.3.6 Supply current characteristics
2026-07-26 21:37:00 | stm32c542cc | table_24 | page=55 | Y=5.3.6.1 Current consumption in Run mode | outline/toc=5.3.6 Supply current characteristics
2026-07-26 21:37:00 | stm32c542cc | table_26 | page=56 | Y=5.3.6.3 Current consumption in Stop mode | outline/toc=5.3.6 Supply current characteristics
2026-07-26 21:37:00 | stm32c542cc | table_27 | page=56 | Y=5.3.6.3 Current consumption in Stop mode | outline/toc=5.3.6 Supply current characteristics
2026-07-26 21:37:00 | stm32c542cc | table_30 | page=59 | Y=5.3.7 Wake-up time from low-power modes and voltage scaling transition times | outline/toc=5.3.8 External clock timing characteristics
2026-07-26 21:37:00 | stm32c542cc | table_31 | page=59 | Y=5.3.7 Wake-up time from low-power modes and voltage scaling transition times | outline/toc=5.3.8 External clock timing characteristics
2026-07-26 21:37:00 | stm32c542cc | table_38 | page=68 | Y=5.3.9.3 Low-speed internal (LSI) RC oscillator | outline/toc=5.3.10 Flash memory characteristics
2026-07-26 21:37:00 | stm32c542cc | table_43 | page=70 | Y=5.3.11 EMC characteristics | outline/toc=5.3.12 Electrical sensitivity characteristics
2026-07-26 21:37:00 | stm32c542cc | table_55 | page=82 | Y=5.3.18 Temperature sensor characteristics | outline/toc=5.3.19 Digital-to-analog converter characteristics (DAC)
2026-07-26 21:37:00 | stm32c542cc | table_56 | page=82 | Y=5.3.18 Temperature sensor characteristics | outline/toc=5.3.19 Digital-to-analog converter characteristics (DAC)
2026-07-26 21:37:00 | stm32c542cc | table_58 | page=85 | Y=5.3.19 Digital-to-analog converter characteristics (DAC) | outline/toc=5.3.20 Comparator characteristics
2026-07-26 21:37:00 | stm32c542cc | table_62 | page=89 | Y=5.3.22 Timer characteristics | outline/toc=5.3.23 I3C interface characteristics
2026-07-26 21:37:00 | stm32c542cc | table_63 | page=89 | Y=5.3.22 Timer characteristics | outline/toc=5.3.23 I3C interface characteristics
2026-07-26 21:37:00 | stm32c542cc | table_64 | page=89 | Y=5.3.22 Timer characteristics | outline/toc=5.3.23 I3C interface characteristics
2026-07-26 21:37:00 | stm32c542cc | table_65 | page=90 | Y=5.3.22 Timer characteristics | outline/toc=5.3.25 USART characteristics
2026-07-26 21:37:00 | stm32c542cc | table_68 | page=95 | Y=5.3.26 SPI characteristics | outline/toc=5.3.29 JTAG/SWD interface characteristics
2026-07-26 21:37:00 | stm32c542cc | table_69 | page=95 | Y=5.3.26 SPI characteristics | outline/toc=5.3.29 JTAG/SWD interface characteristics
2026-07-26 21:37:00 | stm32c542cc | table_72 | page=98 | Y=6.1 Device marking | outline/toc=6.2 TSSOP20 package information (YA)
2026-07-26 21:37:00 | stm32c542cc | table_73 | page=101 | Y=6.1 Device marking | outline/toc=6.3 UFQFPN20 package information (A0A5)
2026-07-26 21:37:00 | stm32c542cc | table_74 | page=104 | Y=6.1 Device marking | outline/toc=6.4 UFQFPN24 package information (3Z)
2026-07-26 21:37:00 | stm32c542cc | table_75 | page=106 | Y=4.00 PKG | outline/toc=6.5 LQFP32 package information (5V)
2026-07-26 21:37:00 | stm32c542cc | table_76 | page=109 | Y=1.2 REF | outline/toc=6.6 UFQFPN32 package information (A0B8)
2026-07-26 21:37:00 | stm32c542cc | table_77 | page=109 | Y=1.2 REF | outline/toc=6.6 UFQFPN32 package information (A0B8)
2026-07-26 21:37:00 | stm32c542cc | table_78 | page=110 | Y=1.2 REF | outline/toc=6.6 UFQFPN32 package information (A0B8)
2026-07-26 21:37:00 | stm32c542cc | table_79 | page=112 | Y=1.2 REF | outline/toc=6.7 LQFP48 package information (5B)
2026-07-26 21:37:00 | stm32c542cc | table_80 | page=115 | Y=1.2 REF | outline/toc=6.8 UFQFPN48 package information (A0B9)
2026-07-26 21:37:00 | stm32c542cc | table_81 | page=117 | Y=1.2 REF | outline/toc=6.9 LQFP64 package information (5W)
2026-07-26 21:37:00 | stm32c542cc | table_82 | page=119 | Y=6.10 Package thermal characteristics | outline/toc=6.10.1 Reference documents
2026-07-26 21:37:02 | stm32c562ce | table_3 | page=15 | Y=3.12 Low-power direct memory access controller (LPDMA) | outline/toc=3.13.2 Extended interrupt and event controller (EXTI)
2026-07-26 21:37:02 | stm32c562ce | table_4 | page=15 | Y=3.12 Low-power direct memory access controller (LPDMA) | outline/toc=3.13.2 Extended interrupt and event controller (EXTI)
2026-07-26 21:37:02 | stm32c562ce | table_5 | page=18 | Y=3.15 Analog-to-digital converter (ADC) | outline/toc=3.16 Digital to analog converter (DAC)
2026-07-26 21:37:02 | stm32c562ce | table_6 | page=21 | Y=3.19 AES hardware accelerator (AES) | outline/toc=3.20 HASH processor (HASH)
2026-07-26 21:37:02 | stm32c562ce | table_7 | page=22 | Y=3.21 Timers and watchdogs | outline/toc=3.21.1 Advanced-control timers (TIM1/TIM8)
2026-07-26 21:37:02 | stm32c562ce | table_8 | page=27 | Y=3.22.2 Tamper and backup registers (TAMP) | outline/toc=3.24 Improved inter-integrated circuit interface (I3C)
2026-07-26 21:37:02 | stm32c562ce | table_9 | page=29 | Y=3.22.2 Tamper and backup registers (TAMP) | outline/toc=3.24 Improved inter-integrated circuit interface (I3C)
2026-07-26 21:37:02 | stm32c562ce | table_10 | page=30 | Y=3.25 Universal synchronous/asynchronous receiver transmitter (USART/UART) and | outline/toc=3.25.1 Universal synchronous/asynchronous receiver transmitter (USART/UART)
2026-07-26 21:37:02 | stm32c562ce | table_11 | page=32 | Y=3.25.2 Low-power universal asynchronous receiver transmitter (LPUART) | outline/toc=3.26 Serial peripheral interface (SPI)/Inter-integrated sound interfaces (I2S)
2026-07-26 21:37:02 | stm32c562ce | table_17 | page=57 | Y=5.2 Absolute maximum ratings | outline/toc=5.3.1 General operating conditions
2026-07-26 21:37:02 | stm32c562ce | table_19 | page=58 | Y=5.3.2 Operating conditions at power-up/power-down | outline/toc=5.3.4 Inrush current and inrush electric charge characteristics
2026-07-26 21:37:02 | stm32c562ce | table_20 | page=58 | Y=5.3.3 Embedded reset and power control block characteristics | outline/toc=5.3.4 Inrush current and inrush electric charge characteristics
2026-07-26 21:37:02 | stm32c562ce | table_22 | page=59 | Y=5.3.5 Embedded voltage reference | outline/toc=5.3.6 Supply current characteristics
2026-07-26 21:37:02 | stm32c562ce | table_23 | page=59 | Y=5.3.5 Embedded voltage reference | outline/toc=5.3.6 Supply current characteristics
2026-07-26 21:37:02 | stm32c562ce | table_24 | page=60 | Y=5.3.6.1 Current consumption in Run mode | outline/toc=5.3.6 Supply current characteristics
2026-07-26 21:37:02 | stm32c562ce | table_25 | page=60 | Y=5.3.6.1 Current consumption in Run mode | outline/toc=5.3.6 Supply current characteristics
2026-07-26 21:37:02 | stm32c562ce | table_27 | page=61 | Y=5.3.6.3 Current consumption in Stop mode | outline/toc=5.3.6 Supply current characteristics
2026-07-26 21:37:02 | stm32c562ce | table_28 | page=61 | Y=5.3.6.3 Current consumption in Stop mode | outline/toc=5.3.6 Supply current characteristics
2026-07-26 21:37:02 | stm32c562ce | table_39 | page=73 | Y=5.3.9.3 Low-speed internal (LSI) RC oscillator | outline/toc=5.3.10 Flash memory characteristics
2026-07-26 21:37:02 | stm32c562ce | table_44 | page=75 | Y=5.3.11 EMC characteristics | outline/toc=5.3.12 Electrical sensitivity characteristics
2026-07-26 21:37:02 | stm32c562ce | table_46 | page=76 | Y=5.3.12 Electrical sensitivity characteristics | outline/toc=5.3.13 I/O current injection characteristics
2026-07-26 21:37:02 | stm32c562ce | table_56 | page=87 | Y=5.3.18 Temperature sensor characteristics | outline/toc=5.3.19 Digital-to-analog converter characteristics (DAC)
2026-07-26 21:37:02 | stm32c562ce | table_57 | page=87 | Y=5.3.18 Temperature sensor characteristics | outline/toc=5.3.19 Digital-to-analog converter characteristics (DAC)
2026-07-26 21:37:02 | stm32c562ce | table_59 | page=90 | Y=5.3.19 Digital-to-analog converter characteristics (DAC) | outline/toc=5.3.20 Comparator characteristics
2026-07-26 21:37:02 | stm32c562ce | table_62 | page=92 | Y=5.3.21 Timer characteristics | outline/toc=5.3.22 I3C interface characteristics
2026-07-26 21:37:02 | stm32c562ce | table_63 | page=92 | Y=5.3.21 Timer characteristics | outline/toc=5.3.22 I3C interface characteristics
2026-07-26 21:37:02 | stm32c562ce | table_64 | page=92 | Y=5.3.21 Timer characteristics | outline/toc=5.3.22 I3C interface characteristics
2026-07-26 21:37:02 | stm32c562ce | table_65 | page=93 | Y=5.3.21 Timer characteristics | outline/toc=5.3.24 USART characteristics
2026-07-26 21:37:02 | stm32c562ce | table_68 | page=98 | Y=5.3.25 SPI characteristics | outline/toc=5.3.28 JTAG/SWD interface characteristics
2026-07-26 21:37:02 | stm32c562ce | table_69 | page=98 | Y=5.3.25 SPI characteristics | outline/toc=5.3.28 JTAG/SWD interface characteristics
2026-07-26 21:37:02 | stm32c562ce | table_72 | page=103 | Y=6.1 Device marking | outline/toc=6.2 LQFP32 package information (5V)
2026-07-26 21:37:02 | stm32c562ce | table_73 | page=106 | Y=1.2 REF | outline/toc=6.3 UFQFPN32 package information (A0B8)
2026-07-26 21:37:02 | stm32c562ce | table_74 | page=106 | Y=1.2 REF | outline/toc=6.3 UFQFPN32 package information (A0B8)
2026-07-26 21:37:02 | stm32c562ce | table_75 | page=107 | Y=1.2 REF | outline/toc=6.3 UFQFPN32 package information (A0B8)
2026-07-26 21:37:02 | stm32c562ce | table_76 | page=109 | Y=1.2 REF | outline/toc=6.4 LQFP48 package information (5B)
2026-07-26 21:37:02 | stm32c562ce | table_77 | page=112 | Y=1.2 REF | outline/toc=6.5 UFQFPN48 package information (A0B9)
2026-07-26 21:37:02 | stm32c562ce | table_78 | page=114 | Y=1.2 REF | outline/toc=6.6 LQFP64 package information (5W)
2026-07-26 21:37:02 | stm32c562ce | table_79 | page=117 | Y=1.2 REF | outline/toc=6.7 LQFP80 package information (9X)
2026-07-26 21:37:02 | stm32c562ce | table_80 | page=120 | Y=1.2 REF | outline/toc=6.8 LQFP100 package information (1L)
2026-07-26 21:37:02 | stm32c562ce | table_81 | page=122 | Y=6.9 Package thermal characteristics | outline/toc=6.9.1 Reference documents
2026-07-26 21:37:03 | stm32c551cc | table_2 | page=15 | Y=3.12 Low-power direct memory access controller (LPDMA) | outline/toc=3.13.2 Extended interrupt and event controller (EXTI)
2026-07-26 21:37:03 | stm32c551cc | table_3 | page=15 | Y=3.12 Low-power direct memory access controller (LPDMA) | outline/toc=3.13.2 Extended interrupt and event controller (EXTI)
2026-07-26 21:37:03 | stm32c551cc | table_4 | page=15 | Y=3.12 Low-power direct memory access controller (LPDMA) | outline/toc=3.13.2 Extended interrupt and event controller (EXTI)
2026-07-26 21:37:03 | stm32c551cc | table_5 | page=18 | Y=3.15 Analog-to-digital converter (ADC) | outline/toc=3.16 Digital to analog converter (DAC)
2026-07-26 21:37:03 | stm32c551cc | table_6 | page=21 | Y=3.20 Timers and watchdogs | outline/toc=3.20.1 Advanced-control timers (TIM1/TIM8)
2026-07-26 21:37:03 | stm32c551cc | table_7 | page=25 | Y=3.21.2 Tamper and backup registers (TAMP) | outline/toc=3.22 Inter-integrated circuit interface (I2C)
2026-07-26 21:37:03 | stm32c551cc | table_8 | page=28 | Y=3.21.2 Tamper and backup registers (TAMP) | outline/toc=3.23 Improved inter-integrated circuit interface (I3C)
2026-07-26 21:37:03 | stm32c551cc | table_9 | page=29 | Y=3.24 Universal synchronous/asynchronous receiver transmitter (USART/UART) and | outline/toc=3.24.1 Universal synchronous/asynchronous receiver transmitter (USART/UART)
2026-07-26 21:37:03 | stm32c551cc | table_10 | page=31 | Y=3.24.2 Low-power universal asynchronous receiver transmitter (LPUART) | outline/toc=3.25 Serial peripheral interface (SPI)/Inter-integrated sound interfaces (I2S)
2026-07-26 21:37:03 | stm32c551cc | table_16 | page=56 | Y=5.2 Absolute maximum ratings | outline/toc=5.3.1 General operating conditions
2026-07-26 21:37:03 | stm32c551cc | table_18 | page=57 | Y=5.3.2 Operating conditions at power-up/power-down | outline/toc=5.3.4 Inrush current and inrush electric charge characteristics
2026-07-26 21:37:03 | stm32c551cc | table_19 | page=57 | Y=5.3.3 Embedded reset and power control block characteristics | outline/toc=5.3.4 Inrush current and inrush electric charge characteristics
2026-07-26 21:37:03 | stm32c551cc | table_21 | page=58 | Y=5.3.5 Embedded voltage reference | outline/toc=5.3.6 Supply current characteristics
2026-07-26 21:37:03 | stm32c551cc | table_22 | page=58 | Y=5.3.5 Embedded voltage reference | outline/toc=5.3.6 Supply current characteristics
2026-07-26 21:37:03 | stm32c551cc | table_23 | page=59 | Y=5.3.6.1 Current consumption in Run mode | outline/toc=5.3.6 Supply current characteristics
2026-07-26 21:37:03 | stm32c551cc | table_24 | page=59 | Y=5.3.6.1 Current consumption in Run mode | outline/toc=5.3.6 Supply current characteristics
2026-07-26 21:37:03 | stm32c551cc | table_26 | page=60 | Y=5.3.6.3 Current consumption in Stop mode | outline/toc=5.3.6 Supply current characteristics
2026-07-26 21:37:03 | stm32c551cc | table_27 | page=60 | Y=5.3.6.3 Current consumption in Stop mode | outline/toc=5.3.6 Supply current characteristics
2026-07-26 21:37:03 | stm32c551cc | table_30 | page=63 | Y=5.3.7 Wake-up time from low-power modes and voltage scaling transition times | outline/toc=5.3.8 External clock timing characteristics
2026-07-26 21:37:03 | stm32c551cc | table_31 | page=63 | Y=5.3.7 Wake-up time from low-power modes and voltage scaling transition times | outline/toc=5.3.8 External clock timing characteristics
2026-07-26 21:37:04 | stm32c551cc | table_38 | page=72 | Y=5.3.9.3 Low-speed internal (LSI) RC oscillator | outline/toc=5.3.10 Flash memory characteristics
2026-07-26 21:37:04 | stm32c551cc | table_43 | page=74 | Y=5.3.11 EMC characteristics | outline/toc=5.3.12 Electrical sensitivity characteristics
2026-07-26 21:37:04 | stm32c551cc | table_45 | page=75 | Y=5.3.12 Electrical sensitivity characteristics | outline/toc=5.3.13 I/O current injection characteristics
2026-07-26 21:37:04 | stm32c551cc | table_55 | page=86 | Y=5.3.18 Temperature sensor characteristics | outline/toc=5.3.19 Digital-to-analog converter characteristics (DAC)
2026-07-26 21:37:04 | stm32c551cc | table_56 | page=86 | Y=5.3.18 Temperature sensor characteristics | outline/toc=5.3.19 Digital-to-analog converter characteristics (DAC)
2026-07-26 21:37:04 | stm32c551cc | table_58 | page=89 | Y=5.3.19 Digital-to-analog converter characteristics (DAC) | outline/toc=5.3.20 Comparator characteristics
2026-07-26 21:37:04 | stm32c551cc | table_61 | page=91 | Y=5.3.21 Timer characteristics | outline/toc=5.3.22 I3C interface characteristics
2026-07-26 21:37:04 | stm32c551cc | table_62 | page=91 | Y=5.3.21 Timer characteristics | outline/toc=5.3.22 I3C interface characteristics
2026-07-26 21:37:04 | stm32c551cc | table_63 | page=91 | Y=5.3.21 Timer characteristics | outline/toc=5.3.22 I3C interface characteristics
2026-07-26 21:37:04 | stm32c551cc | table_64 | page=92 | Y=5.3.21 Timer characteristics | outline/toc=5.3.24 USART characteristics
2026-07-26 21:37:04 | stm32c551cc | table_67 | page=97 | Y=5.3.25 SPI characteristics | outline/toc=5.3.28 JTAG/SWD interface characteristics
2026-07-26 21:37:04 | stm32c551cc | table_68 | page=97 | Y=5.3.25 SPI characteristics | outline/toc=5.3.28 JTAG/SWD interface characteristics
2026-07-26 21:37:04 | stm32c551cc | table_71 | page=102 | Y=6.1 Device marking | outline/toc=6.2 LQFP32 package information (5V)
2026-07-26 21:37:04 | stm32c551cc | table_72 | page=105 | Y=1.2 REF | outline/toc=6.3 UFQFPN32 package information (A0B8)
2026-07-26 21:37:04 | stm32c551cc | table_73 | page=105 | Y=1.2 REF | outline/toc=6.3 UFQFPN32 package information (A0B8)
2026-07-26 21:37:04 | stm32c551cc | table_74 | page=106 | Y=1.2 REF | outline/toc=6.3 UFQFPN32 package information (A0B8)
2026-07-26 21:37:04 | stm32c551cc | table_75 | page=108 | Y=1.2 REF | outline/toc=6.4 LQFP48 package information (5B)
2026-07-26 21:37:04 | stm32c551cc | table_76 | page=111 | Y=1.2 REF | outline/toc=6.5 UFQFPN48 package information (A0B9)
2026-07-26 21:37:04 | stm32c551cc | table_77 | page=113 | Y=1.2 REF | outline/toc=6.6 LQFP64 package information (5W)
2026-07-26 21:37:04 | stm32c551cc | table_78 | page=116 | Y=1.2 REF | outline/toc=6.7 LQFP80 package information (9X)
2026-07-26 21:37:04 | stm32c551cc | table_79 | page=119 | Y=1.2 REF | outline/toc=6.8 LQFP100 package information (1L)
2026-07-26 21:37:04 | stm32c551cc | table_80 | page=121 | Y=6.9 Package thermal characteristics | outline/toc=6.9.1 Reference documents
2026-07-26 21:37:12 | stm32c591ce | table_3 | page=14 | Y=3.12 Low-power direct memory access controller (LPDMA) | outline/toc=3.13.2 Extended interrupt and event controller (EXTI)
2026-07-26 21:37:12 | stm32c591ce | table_4 | page=18 | Y=3.17 Analog-to-digital converter (ADC) | outline/toc=3.18 Digital to analog converter (DAC)
2026-07-26 21:37:12 | stm32c591ce | table_5 | page=21 | Y=3.23 Timers and watchdogs | outline/toc=3.23.1 Advanced-control timers (TIM1/TIM8)
2026-07-26 21:37:12 | stm32c591ce | table_6 | page=26 | Y=3.24.2 Tamper and backup registers (TAMP) | outline/toc=3.26 Improved inter-integrated circuit interface (I3C)
2026-07-26 21:37:12 | stm32c591ce | table_7 | page=28 | Y=3.24.2 Tamper and backup registers (TAMP) | outline/toc=3.26 Improved inter-integrated circuit interface (I3C)
2026-07-26 21:37:12 | stm32c591ce | table_8 | page=29 | Y=3.27 Universal synchronous/asynchronous receiver transmitter (USART/UART) and | outline/toc=3.27.1 Universal synchronous/asynchronous receiver transmitter (USART/UART)
2026-07-26 21:37:12 | stm32c591ce | table_9 | page=31 | Y=3.27.2 Low-power universal asynchronous receiver transmitter (LPUART) | outline/toc=3.28 Serial peripheral interface (SPI)/Inter-integrated sound interfaces (I2S)
2026-07-26 21:37:12 | stm32c591ce | table_15 | page=63 | Y=5.2 Absolute maximum ratings | outline/toc=5.3.1 General operating conditions
2026-07-26 21:37:12 | stm32c591ce | table_17 | page=64 | Y=5.3.2 Operating conditions at power-up/power-down | outline/toc=5.3.4 Inrush current and inrush electric charge characteristics
2026-07-26 21:37:12 | stm32c591ce | table_18 | page=64 | Y=5.3.3 Embedded reset and power control block characteristics | outline/toc=5.3.4 Inrush current and inrush electric charge characteristics
2026-07-26 21:37:12 | stm32c591ce | table_20 | page=65 | Y=5.3.5 Embedded voltage reference | outline/toc=5.3.6 Supply current characteristics
2026-07-26 21:37:12 | stm32c591ce | table_21 | page=65 | Y=5.3.5 Embedded voltage reference | outline/toc=5.3.6 Supply current characteristics
2026-07-26 21:37:12 | stm32c591ce | table_24 | page=67 | Y=5.3.6.2 Current consumption in Sleep mode | outline/toc=5.3.6 Supply current characteristics
2026-07-26 21:37:12 | stm32c591ce | table_25 | page=67 | Y=5.3.6.3 Current consumption in Stop mode | outline/toc=5.3.6 Supply current characteristics
2026-07-26 21:37:12 | stm32c591ce | table_26 | page=67 | Y=5.3.6.3 Current consumption in Stop mode | outline/toc=5.3.6 Supply current characteristics
2026-07-26 21:37:12 | stm32c591ce | table_29 | page=70 | Y=5.3.7 Wake-up time from low-power modes and voltage scaling transition times | outline/toc=5.3.8 External clock timing characteristics
2026-07-26 21:37:12 | stm32c591ce | table_30 | page=70 | Y=5.3.7 Wake-up time from low-power modes and voltage scaling transition times | outline/toc=5.3.8 External clock timing characteristics
2026-07-26 21:37:12 | stm32c591ce | table_37 | page=79 | Y=5.3.9.3 Low-speed internal (LSI) RC oscillator | outline/toc=5.3.10 Flash memory characteristics
2026-07-26 21:37:12 | stm32c591ce | table_42 | page=81 | Y=5.3.11 EMC characteristics | outline/toc=5.3.12 Electrical sensitivity characteristics
2026-07-26 21:37:12 | stm32c591ce | table_51 | page=88 | Y=5.3.16 Extended interrupt and event controller input (EXTI) characteristics | outline/toc=5.3.17 XSPI interface characteristics
2026-07-26 21:37:12 | stm32c591ce | table_58 | page=97 | Y=5.3.20 Temperature sensor characteristics | outline/toc=5.3.21 Digital-to-analog converter characteristics (DAC)
2026-07-26 21:37:12 | stm32c591ce | table_59 | page=97 | Y=5.3.20 Temperature sensor characteristics | outline/toc=5.3.21 Digital-to-analog converter characteristics (DAC)
2026-07-26 21:37:12 | stm32c591ce | table_61 | page=100 | Y=5.3.21 Digital-to-analog converter characteristics (DAC) | outline/toc=5.3.22 Comparator characteristics
2026-07-26 21:37:12 | stm32c591ce | table_64 | page=102 | Y=5.3.23 Timer characteristics | outline/toc=5.3.24 I3C interface characteristics
2026-07-26 21:37:12 | stm32c591ce | table_65 | page=102 | Y=5.3.23 Timer characteristics | outline/toc=5.3.24 I3C interface characteristics
2026-07-26 21:37:12 | stm32c591ce | table_66 | page=103 | Y=5.3.23 Timer characteristics | outline/toc=5.3.26 USART characteristics
2026-07-26 21:37:12 | stm32c591ce | table_69 | page=107 | Y=5.3.27 SPI characteristics | outline/toc=5.3.29 Ethernet interface characteristics
2026-07-26 21:37:12 | stm32c591ce | table_75 | page=113 | Y=6.1 Device marking | outline/toc=6.2 LQFP32 package information (5V)
2026-07-26 21:37:12 | stm32c591ce | table_76 | page=116 | Y=1.2 REF | outline/toc=6.3 UFQFPN32 package information (A0B8)
2026-07-26 21:37:12 | stm32c591ce | table_77 | page=116 | Y=1.2 REF | outline/toc=6.3 UFQFPN32 package information (A0B8)
2026-07-26 21:37:12 | stm32c591ce | table_78 | page=117 | Y=1.2 REF | outline/toc=6.3 UFQFPN32 package information (A0B8)
2026-07-26 21:37:12 | stm32c591ce | table_79 | page=119 | Y=1.2 REF | outline/toc=6.4 LQFP48 package information (5B)
2026-07-26 21:37:12 | stm32c591ce | table_80 | page=122 | Y=1.2 REF | outline/toc=6.5 UFQFPN48 package information (A0B9)
2026-07-26 21:37:12 | stm32c591ce | table_81 | page=124 | Y=1.2 REF | outline/toc=6.6 LQFP64 package information (5W)
2026-07-26 21:37:12 | stm32c591ce | table_82 | page=127 | Y=1.2 REF | outline/toc=6.7 LQFP80 package information (9X)
2026-07-26 21:37:12 | stm32c591ce | table_83 | page=130 | Y=1.2 REF | outline/toc=6.8 LQFP100 package information (1L)
2026-07-26 21:37:12 | stm32c591ce | table_84 | page=132 | Y=6.9 Package thermal characteristics | outline/toc=6.9.1 Reference documents
2026-07-26 21:37:15 | stm32c5a3cg | table_3 | page=14 | Y=3.12 Low-power direct memory access controller (LPDMA) | outline/toc=3.13.2 Extended interrupt and event controller (EXTI)
2026-07-26 21:37:15 | stm32c5a3cg | table_4 | page=18 | Y=3.17 Analog-to-digital converter (ADC) | outline/toc=3.18 Digital to analog converter (DAC)
2026-07-26 21:37:15 | stm32c5a3cg | table_5 | page=21 | Y=3.22 AES hardware accelerator (AES) | outline/toc=3.23 Secure AES coprocessor (SAES)
2026-07-26 21:37:15 | stm32c5a3cg | table_6 | page=22 | Y=3.23 Secure AES coprocessor (SAES) | outline/toc=3.24 HASH processor (HASH)
2026-07-26 21:37:15 | stm32c5a3cg | table_7 | page=24 | Y=3.26 Timers and watchdogs | outline/toc=3.26.1 Advanced-control timers (TIM1/TIM8)
2026-07-26 21:37:15 | stm32c5a3cg | table_8 | page=29 | Y=3.27.2 Tamper and backup registers (TAMP) | outline/toc=3.29 Improved inter-integrated circuit interface (I3C)
2026-07-26 21:37:15 | stm32c5a3cg | table_9 | page=31 | Y=3.27.2 Tamper and backup registers (TAMP) | outline/toc=3.29 Improved inter-integrated circuit interface (I3C)
2026-07-26 21:37:15 | stm32c5a3cg | table_10 | page=32 | Y=3.30 Universal synchronous/asynchronous receiver transmitter (USART/UART) and | outline/toc=3.30.1 Universal synchronous/asynchronous receiver transmitter (USART/UART)
2026-07-26 21:37:15 | stm32c5a3cg | table_11 | page=34 | Y=3.30.2 Low-power universal asynchronous receiver transmitter (LPUART) | outline/toc=3.31 Serial peripheral interface (SPI)/Inter-integrated sound interfaces (I2S)
2026-07-26 21:37:15 | stm32c5a3cg | table_17 | page=65 | Y=5.2 Absolute maximum ratings | outline/toc=5.3.1 General operating conditions
2026-07-26 21:37:15 | stm32c5a3cg | table_19 | page=66 | Y=5.3.2 Operating conditions at power-up/power-down | outline/toc=5.3.4 Inrush current and inrush electric charge characteristics
2026-07-26 21:37:15 | stm32c5a3cg | table_20 | page=66 | Y=5.3.3 Embedded reset and power control block characteristics | outline/toc=5.3.4 Inrush current and inrush electric charge characteristics
2026-07-26 21:37:15 | stm32c5a3cg | table_22 | page=67 | Y=5.3.5 Embedded voltage reference | outline/toc=5.3.6 Supply current characteristics
2026-07-26 21:37:15 | stm32c5a3cg | table_23 | page=67 | Y=5.3.5 Embedded voltage reference | outline/toc=5.3.6 Supply current characteristics
2026-07-26 21:37:15 | stm32c5a3cg | table_26 | page=69 | Y=5.3.6.2 Current consumption in Sleep mode | outline/toc=5.3.6 Supply current characteristics
2026-07-26 21:37:15 | stm32c5a3cg | table_27 | page=69 | Y=5.3.6.3 Current consumption in Stop mode | outline/toc=5.3.6 Supply current characteristics
2026-07-26 21:37:15 | stm32c5a3cg | table_28 | page=69 | Y=5.3.6.3 Current consumption in Stop mode | outline/toc=5.3.6 Supply current characteristics
2026-07-26 21:37:15 | stm32c5a3cg | table_31 | page=72 | Y=5.3.7 Wake-up time from low-power modes and voltage scaling transition times | outline/toc=5.3.8 External clock timing characteristics
2026-07-26 21:37:15 | stm32c5a3cg | table_32 | page=72 | Y=5.3.7 Wake-up time from low-power modes and voltage scaling transition times | outline/toc=5.3.8 External clock timing characteristics
2026-07-26 21:37:15 | stm32c5a3cg | table_39 | page=81 | Y=5.3.9.3 Low-speed internal (LSI) RC oscillator | outline/toc=5.3.10 Flash memory characteristics
2026-07-26 21:37:15 | stm32c5a3cg | table_44 | page=83 | Y=5.3.11 EMC characteristics | outline/toc=5.3.12 Electrical sensitivity characteristics
2026-07-26 21:37:15 | stm32c5a3cg | table_53 | page=90 | Y=5.3.16 Extended interrupt and event controller input (EXTI) characteristics | outline/toc=5.3.17 XSPI interface characteristics
2026-07-26 21:37:15 | stm32c5a3cg | table_60 | page=99 | Y=5.3.20 Temperature sensor characteristics | outline/toc=5.3.21 Digital-to-analog converter characteristics (DAC)
2026-07-26 21:37:15 | stm32c5a3cg | table_61 | page=99 | Y=5.3.20 Temperature sensor characteristics | outline/toc=5.3.21 Digital-to-analog converter characteristics (DAC)
2026-07-26 21:37:15 | stm32c5a3cg | table_63 | page=102 | Y=5.3.21 Digital-to-analog converter characteristics (DAC) | outline/toc=5.3.22 Comparator characteristics
2026-07-26 21:37:15 | stm32c5a3cg | table_66 | page=104 | Y=5.3.23 Timer characteristics | outline/toc=5.3.24 I3C interface characteristics
2026-07-26 21:37:15 | stm32c5a3cg | table_67 | page=104 | Y=5.3.23 Timer characteristics | outline/toc=5.3.24 I3C interface characteristics
2026-07-26 21:37:15 | stm32c5a3cg | table_68 | page=105 | Y=5.3.23 Timer characteristics | outline/toc=5.3.26 USART characteristics
2026-07-26 21:37:15 | stm32c5a3cg | table_71 | page=109 | Y=5.3.27 SPI characteristics | outline/toc=5.3.29 Ethernet interface characteristics
2026-07-26 21:37:15 | stm32c5a3cg | table_77 | page=115 | Y=6.1 Device marking | outline/toc=6.2 LQFP32 package information (5V)
2026-07-26 21:37:15 | stm32c5a3cg | table_78 | page=118 | Y=1.2 REF | outline/toc=6.3 UFQFPN32 package information (A0B8)
2026-07-26 21:37:15 | stm32c5a3cg | table_79 | page=118 | Y=1.2 REF | outline/toc=6.3 UFQFPN32 package information (A0B8)
2026-07-26 21:37:15 | stm32c5a3cg | table_80 | page=119 | Y=1.2 REF | outline/toc=6.3 UFQFPN32 package information (A0B8)
2026-07-26 21:37:15 | stm32c5a3cg | table_81 | page=121 | Y=1.2 REF | outline/toc=6.4 LQFP48 package information (5B)
2026-07-26 21:37:15 | stm32c5a3cg | table_82 | page=124 | Y=1.2 REF | outline/toc=6.5 UFQFPN48 package information (A0B9)
2026-07-26 21:37:15 | stm32c5a3cg | table_83 | page=126 | Y=1.2 REF | outline/toc=6.6 LQFP64 package information (5W)
2026-07-26 21:37:15 | stm32c5a3cg | table_84 | page=129 | Y=1.2 REF | outline/toc=6.7 LQFP80 package information (9X)
2026-07-26 21:37:15 | stm32c5a3cg | table_85 | page=132 | Y=1.2 REF | outline/toc=6.8 LQFP100 package information (1L)
2026-07-26 21:37:15 | stm32c5a3cg | table_86 | page=135 | Y=1.2 REF | outline/toc=6.9 LQFP144 package information (1A)
2026-07-26 21:37:15 | stm32c5a3cg | table_87 | page=137 | Y=6.10 Package thermal characteristics | outline/toc=6.10.1 Reference documents
2026-07-26 21:38:12 | stm32f030c6 | table_3 | page=18 | Y=3.10.1 Temperature sensor | outline/toc=3.10.2 Internal voltage reference (V )
2026-07-26 21:38:12 | stm32f030c6 | table_5 | page=19 | Y=3.11 Timers and watchdogs | outline/toc=3.11.1 Advanced-control timer (TIM1)
2026-07-26 21:38:12 | stm32f030c6 | table_6 | page=22 | Y=3.13 Inter-integrated circuit interfaces (I C) | outline/toc=3.14 Universal synchronous/asynchronous receiver/transmitter (USART)
2026-07-26 21:38:12 | stm32f030c6 | table_7 | page=22 | Y=3.13 Inter-integrated circuit interfaces (I C) | outline/toc=3.14 Universal synchronous/asynchronous receiver/transmitter (USART)
2026-07-26 21:38:12 | stm32f030c6 | table_8 | page=23 | Y=3.14 Universal synchronous/asynchronous receiver/transmitter | outline/toc=3.15 Serial peripheral interface (SPI)
2026-07-26 21:38:12 | stm32f030c6 | table_9 | page=24 | Y=3.15 Serial peripheral interface (SPI) | outline/toc=3.16 Serial wire debug port (SW-DP)
2026-07-26 21:38:12 | stm32f030c6 | table_17 | page=39 | Y=6 Reserved | outline/toc=5 Memory mapping
2026-07-26 21:38:12 | stm32f030c6 | table_19 | page=44 | Y=6.2 Absolute maximum ratings | outline/toc=6.3.1 General operating conditions
2026-07-26 21:38:12 | stm32f030c6 | table_20 | page=44 | Y=6.2 Absolute maximum ratings | outline/toc=6.3.1 General operating conditions
2026-07-26 21:38:12 | stm32f030c6 | table_22 | page=45 | Y=6.3.2 Operating conditions at power-up / power-down | outline/toc=6.3.3 Embedded reset and power control block characteristics
2026-07-26 21:38:12 | stm32f030c6 | table_24 | page=46 | Y=6.3.4 Embedded reference voltage | outline/toc=6.3.5 Supply current characteristics
2026-07-26 21:38:12 | stm32f030c6 | table_29 | page=51 | Y=6.3.5 Supply current characteristics | outline/toc=6.3.6 Wakeup time from low-power mode
2026-07-26 21:38:12 | stm32f030c6 | table_30 | page=52 | Y=6.3.6 Wakeup time from low-power mode | outline/toc=6.3.7 External clock source characteristics
2026-07-26 21:38:12 | stm32f030c6 | table_38 | page=57 | Y=6.3.9 PLL characteristics | outline/toc=6.3.10 Memory characteristics
2026-07-26 21:38:12 | stm32f030c6 | table_40 | page=58 | Y=6.3.10 Memory characteristics | outline/toc=6.3.11 EMC characteristics
2026-07-26 21:38:12 | stm32f030c6 | table_42 | page=59 | Y=6.3.11 EMC characteristics | outline/toc=6.3.12 Electrical sensitivity characteristics
2026-07-26 21:38:12 | stm32f030c6 | table_43 | page=60 | Y=6.3.12 Electrical sensitivity characteristics | outline/toc=6.3.13 I/O current injection characteristics
2026-07-26 21:38:12 | stm32f030c6 | table_44 | page=60 | Y=6.3.12 Electrical sensitivity characteristics | outline/toc=6.3.13 I/O current injection characteristics
2026-07-26 21:38:12 | stm32f030c6 | table_45 | page=61 | Y=6.3.13 I/O current injection characteristics | outline/toc=6.3.14 I/O port characteristics
2026-07-26 21:38:12 | stm32f030c6 | table_53 | page=71 | Y=6.3.17 Temperature sensor characteristics | outline/toc=6.3.18 Timer characteristics
2026-07-26 21:38:12 | stm32f030c6 | table_55 | page=72 | Y=6.3.18 Timer characteristics | outline/toc=6.3.19 Communication interfaces
2026-07-26 21:38:12 | stm32f030c6 | table_56 | page=72 | Y=6.3.18 Timer characteristics | outline/toc=6.3.19 Communication interfaces
2026-07-26 21:38:12 | stm32f030c6 | table_59 | page=76 | Y=7 Package information | outline/toc=7.1 LQFP64 package information
2026-07-26 21:38:12 | stm32f030c6 | table_60 | page=79 | Y=7 Package information | outline/toc=7.2 LQFP48 package information
2026-07-26 21:38:12 | stm32f030c6 | table_61 | page=82 | Y=7 Package information | outline/toc=7.3 LQFP32 package information
2026-07-26 21:38:12 | stm32f030c6 | table_62 | page=85 | Y=7 Package information | outline/toc=7.4 TSSOP20 package information
2026-07-26 21:38:12 | stm32f030c6 | table_63 | page=88 | Y=7.5 Thermal characteristics | outline/toc=7.5.1 Reference document
2026-07-26 21:38:19 | stm32f038c6 | table_3 | page=16 | Y=3.10.1 Temperature sensor | outline/toc=3.10.3 V battery voltage monitoring
2026-07-26 21:38:19 | stm32f038c6 | table_4 | page=16 | Y=3.10.2 Internal voltage reference (V ) | outline/toc=3.10.3 V battery voltage monitoring
2026-07-26 21:38:19 | stm32f038c6 | table_5 | page=17 | Y=3.11 Timers and watchdogs | outline/toc=3.11.2 General-purpose timers (TIM2, 3, 14, 16, 17)
2026-07-26 21:38:19 | stm32f038c6 | table_6 | page=20 | Y=3.13 Inter-integrated circuit interface (I C) | outline/toc=3.14 Universal synchronous/asynchronous receiver/transmitter (USART)
2026-07-26 21:38:19 | stm32f038c6 | table_7 | page=20 | Y=3.13 Inter-integrated circuit interface (I C) | outline/toc=3.14 Universal synchronous/asynchronous receiver/transmitter (USART)
2026-07-26 21:38:19 | stm32f038c6 | table_8 | page=21 | Y=3.14 Universal synchronous/asynchronous receiver/transmitter | outline/toc=3.15 Serial peripheral interface (SPI) / Inter-integrated sound interface (I2S)
2026-07-26 21:38:19 | stm32f038c6 | table_12 | page=31 | Y=8 VSSA S - Analog ground | outline/toc=4 Pinouts and pin description
2026-07-26 21:38:19 | stm32f038c6 | table_13 | page=32 | Y=8 VSSA S - Analog ground | outline/toc=4 Pinouts and pin description
2026-07-26 21:38:20 | stm32f038c6 | table_18 | page=41 | Y=6.3.1 General operating conditions | outline/toc=6.3.2 Operating conditions at power-up / power-down
2026-07-26 21:38:20 | stm32f038c6 | table_19 | page=42 | Y=6.3.2 Operating conditions at power-up / power-down | outline/toc=6.3.4 Supply current characteristics
2026-07-26 21:38:20 | stm32f038c6 | table_20 | page=42 | Y=6.3.3 Embedded reference voltage | outline/toc=6.3.4 Supply current characteristics
2026-07-26 21:38:20 | stm32f038c6 | table_28 | page=52 | Y=6.3.5 Wakeup time from low-power mode | outline/toc=6.3.6 External clock source characteristics
2026-07-26 21:38:20 | stm32f038c6 | table_35 | page=59 | Y=6.3.7 Internal clock source characteristics | outline/toc=6.3.9 Memory characteristics
2026-07-26 21:38:20 | stm32f038c6 | table_36 | page=59 | Y=6.3.8 PLL characteristics | outline/toc=6.3.9 Memory characteristics
2026-07-26 21:38:20 | stm32f038c6 | table_38 | page=60 | Y=6.3.9 Memory characteristics | outline/toc=6.3.10 EMC characteristics
2026-07-26 21:38:20 | stm32f038c6 | table_40 | page=61 | Y=6.3.10 EMC characteristics | outline/toc=6.3.11 Electrical sensitivity characteristics
2026-07-26 21:38:20 | stm32f038c6 | table_41 | page=62 | Y=6.3.11 Electrical sensitivity characteristics | outline/toc=6.3.12 I/O current injection characteristics
2026-07-26 21:38:20 | stm32f038c6 | table_42 | page=62 | Y=6.3.11 Electrical sensitivity characteristics | outline/toc=6.3.12 I/O current injection characteristics
2026-07-26 21:38:20 | stm32f038c6 | table_43 | page=63 | Y=6.3.12 I/O current injection characteristics | outline/toc=6.3.13 I/O port characteristics
2026-07-26 21:38:20 | stm32f038c6 | table_52 | page=73 | Y=6.3.16 Temperature sensor characteristics | outline/toc=6.3.18 Timer characteristics
2026-07-26 21:38:20 | stm32f038c6 | table_53 | page=73 | Y=6.3.17 V monitoring characteristics | outline/toc=6.3.18 Timer characteristics
2026-07-26 21:38:20 | stm32f038c6 | table_55 | page=74 | Y=6.3.18 Timer characteristics | outline/toc=6.3.19 Communication interfaces
2026-07-26 21:38:20 | stm32f038c6 | table_56 | page=74 | Y=6.3.18 Timer characteristics | outline/toc=6.3.19 Communication interfaces
2026-07-26 21:38:20 | stm32f038c6 | table_60 | page=81 | Y=7 Package information | outline/toc=7.1 LQFP48 package information
2026-07-26 21:38:20 | stm32f038c6 | table_61 | page=84 | Y=7 Package information | outline/toc=7.2 UFQFPN32 package information
2026-07-26 21:38:20 | stm32f038c6 | table_62 | page=86 | Y=7 Package information | outline/toc=7.3 UFQFPN28 package information
2026-07-26 21:38:20 | stm32f038c6 | table_63 | page=89 | Y=7 Package information | outline/toc=7.4 WLCSP25 package information
2026-07-26 21:38:20 | stm32f038c6 | table_64 | page=90 | Y=7 Package information | outline/toc=7.4 WLCSP25 package information
2026-07-26 21:38:20 | stm32f038c6 | table_65 | page=92 | Y=7 Package information | outline/toc=7.5 TSSOP20 package information
2026-07-26 21:38:20 | stm32f038c6 | table_66 | page=95 | Y=7.6 Thermal characteristics | outline/toc=7.6.1 Reference document
2026-07-26 21:38:20 | stm32f038c6 | table_67 | page=98 | Y=7.6.2 Selecting the product temperature range | outline/toc=8 Ordering information
2026-07-26 21:38:22 | stm32f031c4 | table_3 | page=16 | Y=3.10.1 Temperature sensor | outline/toc=3.10.3 V battery voltage monitoring
2026-07-26 21:38:22 | stm32f031c4 | table_4 | page=16 | Y=3.10.2 Internal voltage reference (V ) | outline/toc=3.10.3 V battery voltage monitoring
2026-07-26 21:38:22 | stm32f031c4 | table_5 | page=17 | Y=3.11 Timers and watchdogs | outline/toc=3.11.2 General-purpose timers (TIM2, 3, 14, 16, 17)
2026-07-26 21:38:22 | stm32f031c4 | table_6 | page=20 | Y=3.13 Inter-integrated circuit interface (I C) | outline/toc=3.14 Universal synchronous/asynchronous receiver/transmitter (USART)
2026-07-26 21:38:22 | stm32f031c4 | table_7 | page=20 | Y=3.13 Inter-integrated circuit interface (I C) | outline/toc=3.14 Universal synchronous/asynchronous receiver/transmitter (USART)
2026-07-26 21:38:22 | stm32f031c4 | table_8 | page=21 | Y=3.14 Universal synchronous/asynchronous receiver/transmitter | outline/toc=3.15 Serial peripheral interface (SPI) / Inter-integrated sound interface (I2S)
2026-07-26 21:38:22 | stm32f031c4 | table_18 | page=41 | Y=6.3.1 General operating conditions | outline/toc=6.3.2 Operating conditions at power-up / power-down
2026-07-26 21:38:22 | stm32f031c4 | table_19 | page=42 | Y=6.3.2 Operating conditions at power-up / power-down | outline/toc=6.3.3 Embedded reset and power control block characteristics
2026-07-26 21:38:22 | stm32f031c4 | table_22 | page=43 | Y=6.3.4 Embedded reference voltage | outline/toc=6.3.5 Supply current characteristics
2026-07-26 21:38:22 | stm32f031c4 | table_30 | page=53 | Y=6.3.6 Wakeup time from low-power mode | outline/toc=6.3.7 External clock source characteristics
2026-07-26 21:38:22 | stm32f031c4 | table_37 | page=60 | Y=6.3.8 Internal clock source characteristics | outline/toc=6.3.10 Memory characteristics
2026-07-26 21:38:22 | stm32f031c4 | table_38 | page=60 | Y=6.3.9 PLL characteristics | outline/toc=6.3.10 Memory characteristics
2026-07-26 21:38:22 | stm32f031c4 | table_40 | page=61 | Y=6.3.10 Memory characteristics | outline/toc=6.3.11 EMC characteristics
2026-07-26 21:38:22 | stm32f031c4 | table_42 | page=62 | Y=6.3.11 EMC characteristics | outline/toc=6.3.12 Electrical sensitivity characteristics
2026-07-26 21:38:22 | stm32f031c4 | table_43 | page=63 | Y=6.3.12 Electrical sensitivity characteristics | outline/toc=6.3.13 I/O current injection characteristics
2026-07-26 21:38:22 | stm32f031c4 | table_44 | page=63 | Y=6.3.12 Electrical sensitivity characteristics | outline/toc=6.3.13 I/O current injection characteristics
2026-07-26 21:38:22 | stm32f031c4 | table_45 | page=64 | Y=6.3.13 I/O current injection characteristics | outline/toc=6.3.14 I/O port characteristics
2026-07-26 21:38:22 | stm32f031c4 | table_53 | page=74 | Y=6.3.17 Temperature sensor characteristics | outline/toc=6.3.19 Timer characteristics
2026-07-26 21:38:22 | stm32f031c4 | table_54 | page=74 | Y=6.3.18 V monitoring characteristics | outline/toc=6.3.19 Timer characteristics
2026-07-26 21:38:22 | stm32f031c4 | table_56 | page=75 | Y=6.3.19 Timer characteristics | outline/toc=6.3.20 Communication interfaces
2026-07-26 21:38:22 | stm32f031c4 | table_57 | page=75 | Y=6.3.19 Timer characteristics | outline/toc=6.3.20 Communication interfaces
2026-07-26 21:38:22 | stm32f031c4 | table_61 | page=82 | Y=7 Package information | outline/toc=7.1 LQFP48 package information
2026-07-26 21:38:22 | stm32f031c4 | table_62 | page=85 | Y=7 Package information | outline/toc=7.2 LQFP32 package information
2026-07-26 21:38:22 | stm32f031c4 | table_63 | page=88 | Y=7 Package information | outline/toc=7.3 UFQFPN32 package information
2026-07-26 21:38:22 | stm32f031c4 | table_64 | page=90 | Y=7 Package information | outline/toc=7.4 UFQFPN28 package information
2026-07-26 21:38:22 | stm32f031c4 | table_65 | page=93 | Y=7 Package information | outline/toc=7.5 WLCSP25 package information
2026-07-26 21:38:22 | stm32f031c4 | table_66 | page=94 | Y=7 Package information | outline/toc=7.5 WLCSP25 package information
2026-07-26 21:38:22 | stm32f031c4 | table_67 | page=96 | Y=7 Package information | outline/toc=7.6 TSSOP20 package information
2026-07-26 21:38:22 | stm32f031c4 | table_68 | page=99 | Y=7.7 Thermal characteristics | outline/toc=7.7.1 Reference document
2026-07-26 21:38:31 | stm32f042c4 | table_3 | page=19 | Y=3.10.1 Temperature sensor | outline/toc=3.10.2 Internal voltage reference (V )
2026-07-26 21:38:31 | stm32f042c4 | table_6 | page=21 | Y=3.12 Timers and watchdogs | outline/toc=3.12.1 Advanced-control timer (TIM1)
2026-07-26 21:38:31 | stm32f042c4 | table_7 | page=21 | Y=3.12 Timers and watchdogs | outline/toc=3.12.1 Advanced-control timer (TIM1)
2026-07-26 21:38:31 | stm32f042c4 | table_8 | page=24 | Y=3.14 Inter-integrated circuit interface (I C) | outline/toc=3.14 Inter-integrated circuit interface (I2C)
2026-07-26 21:38:31 | stm32f042c4 | table_9 | page=25 | Y=3.14 Inter-integrated circuit interface (I C) | outline/toc=3.15 Universal synchronous/asynchronous receiver/transmitter (USART)
2026-07-26 21:38:31 | stm32f042c4 | table_11 | page=26 | Y=3.16 Serial peripheral interface (SPI) / Inter-integrated sound | outline/toc=3.18 Controller area network (CAN)
2026-07-26 21:38:31 | stm32f042c4 | table_21 | page=47 | Y=6.3.1 General operating conditions | outline/toc=6.3.2 Operating conditions at power-up / power-down
2026-07-26 21:38:31 | stm32f042c4 | table_22 | page=48 | Y=6.3.2 Operating conditions at power-up / power-down | outline/toc=6.3.3 Embedded reset and power control block characteristics
2026-07-26 21:38:31 | stm32f042c4 | table_25 | page=49 | Y=6.3.4 Embedded reference voltage | outline/toc=6.3.5 Supply current characteristics
2026-07-26 21:38:31 | stm32f042c4 | table_33 | page=60 | Y=6.3.6 Wakeup time from low-power mode | outline/toc=6.3.7 External clock source characteristics
2026-07-26 21:38:31 | stm32f042c4 | table_41 | page=68 | Y=6.3.8 Internal clock source characteristics | outline/toc=6.3.10 Memory characteristics
2026-07-26 21:38:31 | stm32f042c4 | table_42 | page=68 | Y=6.3.9 PLL characteristics | outline/toc=6.3.10 Memory characteristics
2026-07-26 21:38:31 | stm32f042c4 | table_44 | page=69 | Y=6.3.10 Memory characteristics | outline/toc=6.3.11 EMC characteristics
2026-07-26 21:38:31 | stm32f042c4 | table_46 | page=70 | Y=6.3.11 EMC characteristics | outline/toc=6.3.12 Electrical sensitivity characteristics
2026-07-26 21:38:31 | stm32f042c4 | table_47 | page=71 | Y=6.3.12 Electrical sensitivity characteristics | outline/toc=6.3.13 I/O current injection characteristics
2026-07-26 21:38:31 | stm32f042c4 | table_48 | page=71 | Y=6.3.12 Electrical sensitivity characteristics | outline/toc=6.3.13 I/O current injection characteristics
2026-07-26 21:38:31 | stm32f042c4 | table_49 | page=72 | Y=6.3.13 I/O current injection characteristics | outline/toc=6.3.14 I/O port characteristics
2026-07-26 21:38:31 | stm32f042c4 | table_57 | page=82 | Y=6.3.17 Temperature sensor characteristics | outline/toc=6.3.19 Timer characteristics
2026-07-26 21:38:31 | stm32f042c4 | table_58 | page=82 | Y=6.3.18 V monitoring characteristics | outline/toc=6.3.19 Timer characteristics
2026-07-26 21:38:31 | stm32f042c4 | table_60 | page=83 | Y=6.3.19 Timer characteristics | outline/toc=6.3.20 Communication interfaces
2026-07-26 21:38:31 | stm32f042c4 | table_61 | page=83 | Y=6.3.19 Timer characteristics | outline/toc=6.3.20 Communication interfaces
2026-07-26 21:38:31 | stm32f042c4 | table_66 | page=91 | Y=7 Package information | outline/toc=7.1 LQFP48 package information
2026-07-26 21:38:31 | stm32f042c4 | table_67 | page=94 | Y=7 Package information | outline/toc=7.2 UFQFPN48 package information
2026-07-26 21:38:31 | stm32f042c4 | table_68 | page=96 | Y=7 Package information | outline/toc=7.3 WLCSP36 package information
2026-07-26 21:38:31 | stm32f042c4 | table_69 | page=97 | Y=7 Package information | outline/toc=7.3 WLCSP36 package information
2026-07-26 21:38:31 | stm32f042c4 | table_70 | page=100 | Y=7 Package information | outline/toc=7.4 LQFP32 package information
2026-07-26 21:38:31 | stm32f042c4 | table_71 | page=103 | Y=7 Package information | outline/toc=7.5 UFQFPN32 package information
2026-07-26 21:38:31 | stm32f042c4 | table_72 | page=105 | Y=7 Package information | outline/toc=7.6 UFQFPN28 package information
2026-07-26 21:38:31 | stm32f042c4 | table_73 | page=108 | Y=7 Package information | outline/toc=7.7 TSSOP20 package information
2026-07-26 21:38:31 | stm32f042c4 | table_74 | page=111 | Y=7.8 Thermal characteristics | outline/toc=7.8.2 Selecting the product temperature range
2026-07-26 21:38:34 | stm32c011d6 | table_3 | page=12 | Y=3.3 Embedded flash memory | outline/toc=3.4 Embedded SRAM
2026-07-26 21:38:34 | stm32c011d6 | table_4 | page=16 | Y=3.8 Interconnect of peripherals | outline/toc=3.9 Clocks and startup
2026-07-26 21:38:34 | stm32c011d6 | table_5 | page=20 | Y=3.14.1 Temperature sensor | outline/toc=3.14.2 Internal voltage reference (V )
2026-07-26 21:38:34 | stm32c011d6 | table_7 | page=21 | Y=3.15 Timers and watchdogs | outline/toc=3.15.2 General-purpose timers (TIM3, 14, 16, 17)
2026-07-26 21:38:34 | stm32c011d6 | table_8 | page=24 | Y=3.16 Real-time clock (RTC) | outline/toc=3.18 Universal synchronous/asynchronous receiver transmitter (USART)
2026-07-26 21:38:34 | stm32c011d6 | table_9 | page=25 | Y=3.18 Universal synchronous/asynchronous receiver transmitter | outline/toc=3.19 Serial peripheral interface (SPI)
2026-07-26 21:38:34 | stm32c011d6 | table_23 | page=37 | Y=5.3.1 General operating conditions | outline/toc=5.3.3 Embedded reset and power control block characteristics
2026-07-26 21:38:34 | stm32c011d6 | table_24 | page=37 | Y=5.3.2 Operating conditions at power-up / power-down | outline/toc=5.3.3 Embedded reset and power control block characteristics
2026-07-26 21:38:34 | stm32c011d6 | table_39 | page=53 | Y=8 MHz controlled | outline/toc=5.3.7 External clock source characteristics
2026-07-26 21:38:34 | stm32c011d6 | table_41 | page=55 | Y=5.3.8 Internal clock source characteristics | outline/toc=5.3.9 Flash memory characteristics
2026-07-26 21:38:34 | stm32c011d6 | table_45 | page=58 | Y=5.3.10 EMC characteristics | outline/toc=5.3.11 Electrical sensitivity characteristics
2026-07-26 21:38:34 | stm32c011d6 | table_46 | page=59 | Y=5.3.11 Electrical sensitivity characteristics | outline/toc=5.3.12 I/O current injection characteristics
2026-07-26 21:38:34 | stm32c011d6 | table_47 | page=59 | Y=5.3.11 Electrical sensitivity characteristics | outline/toc=5.3.12 I/O current injection characteristics
2026-07-26 21:38:34 | stm32c011d6 | table_48 | page=60 | Y=5.3.12 I/O current injection characteristics | outline/toc=5.3.13 I/O port characteristics
2026-07-26 21:38:34 | stm32c011d6 | table_53 | page=65 | Y=5.3.15 Extended interrupt and event controller input (EXTI) characteristics | outline/toc=5.3.16 Analog-to-digital converter characteristics
2026-07-26 21:38:34 | stm32c011d6 | table_57 | page=70 | Y=5.3.17 Temperature sensor characteristics | outline/toc=5.3.18 Timer characteristics
2026-07-26 21:38:34 | stm32c011d6 | table_58 | page=71 | Y=5.3.18 Timer characteristics | outline/toc=5.3.19 Characteristics of communication interfaces
2026-07-26 21:38:34 | stm32c011d6 | table_59 | page=71 | Y=5.3.18 Timer characteristics | outline/toc=5.3.19 Characteristics of communication interfaces
2026-07-26 21:38:34 | stm32c011d6 | table_65 | page=80 | Y=6.1 Device marking | outline/toc=6.2 SO8N package information (O7)
2026-07-26 21:38:34 | stm32c011d6 | table_66 | page=84 | Y=6.1 Device marking | outline/toc=6.3 WLCSP12 package information (B0EK)
2026-07-26 21:38:34 | stm32c011d6 | table_67 | page=85 | Y=6.1 Device marking | outline/toc=6.3 WLCSP12 package information (B0EK)
2026-07-26 21:38:34 | stm32c011d6 | table_68 | page=87 | Y=6.1 Device marking | outline/toc=6.4 TSSOP20 package information (YA)
2026-07-26 21:38:34 | stm32c011d6 | table_69 | page=90 | Y=6.1 Device marking | outline/toc=6.5 UFQFPN20 package information (A0A5)
2026-07-26 21:38:34 | stm32c011d6 | table_70 | page=92 | Y=6.6 Thermal characteristics | outline/toc=6.6.1 Reference documents
2026-07-26 21:38:42 | stm32c031c4 | table_3 | page=13 | Y=3.3 Embedded flash memory | outline/toc=3.5 Boot modes
2026-07-26 21:38:42 | stm32c031c4 | table_4 | page=17 | Y=3.8 Interconnect of peripherals | outline/toc=3.9 Clocks and startup
2026-07-26 21:38:42 | stm32c031c4 | table_5 | page=21 | Y=3.14.1 Temperature sensor | outline/toc=3.14.2 Internal voltage reference (V )
2026-07-26 21:38:42 | stm32c031c4 | table_7 | page=22 | Y=3.15 Timers and watchdogs | outline/toc=3.15.2 General-purpose timers (TIM3, 14, 16, 17)
2026-07-26 21:38:42 | stm32c031c4 | table_8 | page=25 | Y=3.16 Real-time clock (RTC) | outline/toc=3.18 Universal synchronous/asynchronous receiver transmitter (USART)
2026-07-26 21:38:42 | stm32c031c4 | table_9 | page=26 | Y=3.18 Universal synchronous/asynchronous receiver transmitter | outline/toc=3.19 Serial peripheral interface (SPI)
2026-07-26 21:38:42 | stm32c031c4 | table_24 | page=42 | Y=5.3.1 General operating conditions | outline/toc=5.3.3 Embedded reset and power control block characteristics
2026-07-26 21:38:42 | stm32c031c4 | table_25 | page=42 | Y=5.3.2 Operating conditions at power-up / power-down | outline/toc=5.3.3 Embedded reset and power control block characteristics
2026-07-26 21:38:42 | stm32c031c4 | table_40 | page=58 | Y=8 MHz controlled | outline/toc=5.3.7 External clock source characteristics
2026-07-26 21:38:42 | stm32c031c4 | table_42 | page=60 | Y=5.3.8 Internal clock source characteristics | outline/toc=5.3.9 flash memory characteristics
2026-07-26 21:38:42 | stm32c031c4 | table_43 | page=60 | Y=5.3.8 Internal clock source characteristics | outline/toc=5.3.9 flash memory characteristics
2026-07-26 21:38:42 | stm32c031c4 | table_44 | page=61 | Y=5.3.8 Internal clock source characteristics | outline/toc=5.3.9 flash memory characteristics
2026-07-26 21:38:42 | stm32c031c4 | table_46 | page=63 | Y=5.3.10 EMC characteristics | outline/toc=5.3.11 Electrical sensitivity characteristics
2026-07-26 21:38:42 | stm32c031c4 | table_47 | page=64 | Y=5.3.11 Electrical sensitivity characteristics | outline/toc=5.3.12 I/O current injection characteristics
2026-07-26 21:38:42 | stm32c031c4 | table_48 | page=64 | Y=5.3.11 Electrical sensitivity characteristics | outline/toc=5.3.12 I/O current injection characteristics
2026-07-26 21:38:42 | stm32c031c4 | table_49 | page=65 | Y=5.3.12 I/O current injection characteristics | outline/toc=5.3.13 I/O port characteristics
2026-07-26 21:38:42 | stm32c031c4 | table_57 | page=75 | Y=5.3.16 Temperature sensor characteristics | outline/toc=5.3.17 Timer characteristics
2026-07-26 21:38:42 | stm32c031c4 | table_59 | page=76 | Y=5.3.17 Timer characteristics | outline/toc=5.3.18 Characteristics of communication interfaces
2026-07-26 21:38:42 | stm32c031c4 | table_65 | page=85 | Y=6.1 Device marking | outline/toc=6.2 TSSOP20 package information (YA)
2026-07-26 21:38:42 | stm32c031c4 | table_66 | page=87 | Y=6.1 Device marking | outline/toc=6.3 UFQFPN28 package information (A0B0)
2026-07-26 21:38:42 | stm32c031c4 | table_67 | page=90 | Y=6.1 Device marking | outline/toc=6.4 LQFP32 package information (5V)
2026-07-26 21:38:42 | stm32c031c4 | table_68 | page=93 | Y=6.1 Device marking | outline/toc=6.5 UFQFPN32 package information (A0B8)
2026-07-26 21:38:42 | stm32c031c4 | table_69 | page=95 | Y=6.1 Device marking | outline/toc=6.6 LQFP48 package information (5B)
2026-07-26 21:38:42 | stm32c031c4 | table_70 | page=98 | Y=6.1 Device marking | outline/toc=6.7 UFQFPN48 package information (A0B9)
2026-07-26 21:38:42 | stm32c031c4 | table_71 | page=99 | Y=6.8 Thermal characteristics | outline/toc=6.8.1 Reference documents
2026-07-26 21:38:52 | stm32c091kb | table_3 | page=14 | Y=3.3 Embedded flash memory | outline/toc=3.4 Embedded SRAM
2026-07-26 21:38:52 | stm32c091kb | table_5 | page=22 | Y=3.14.1 Temperature sensor | outline/toc=3.14.2 Internal voltage reference (V )
2026-07-26 21:38:52 | stm32c091kb | table_7 | page=23 | Y=3.15 Timers and watchdogs | outline/toc=3.15.1 Advanced-control timer (TIM1)
2026-07-26 21:38:52 | stm32c091kb | table_8 | page=26 | Y=3.16 Real-time clock (RTC) | outline/toc=3.18 Universal synchronous/asynchronous receiver transmitter (USART)
2026-07-26 21:38:52 | stm32c091kb | table_9 | page=27 | Y=3.18 Universal synchronous/asynchronous receiver transmitter | outline/toc=3.19 Serial peripheral interface (SPI)
2026-07-26 21:38:52 | stm32c091kb | table_10 | page=28 | Y=3.19 Serial peripheral interface (SPI) | outline/toc=3.21.1 Serial wire debug port (SW-DP)
2026-07-26 21:38:52 | stm32c091kb | table_24 | page=48 | Y=5.3.1 General operating conditions | outline/toc=5.3.3 Embedded reset and power control block characteristics
2026-07-26 21:38:52 | stm32c091kb | table_25 | page=48 | Y=5.3.2 Operating conditions at power-up / power-down | outline/toc=5.3.3 Embedded reset and power control block characteristics
2026-07-26 21:38:52 | stm32c091kb | table_36 | page=62 | Y=5.3.6 Wake-up time from low-power modes | outline/toc=5.3.7 External clock source characteristics
2026-07-26 21:38:52 | stm32c091kb | table_40 | page=65 | Y=8 MHz controlled | outline/toc=5.3.7 External clock source characteristics
2026-07-26 21:38:52 | stm32c091kb | table_42 | page=67 | Y=5.3.8 Internal clock source characteristics | outline/toc=5.3.9 Flash memory characteristics
2026-07-26 21:38:52 | stm32c091kb | table_46 | page=70 | Y=5.3.10 EMC characteristics | outline/toc=5.3.11 Electrical sensitivity characteristics
2026-07-26 21:38:52 | stm32c091kb | table_47 | page=71 | Y=5.3.11 Electrical sensitivity characteristics | outline/toc=5.3.12 I/O current injection characteristics
2026-07-26 21:38:52 | stm32c091kb | table_48 | page=71 | Y=5.3.11 Electrical sensitivity characteristics | outline/toc=5.3.12 I/O current injection characteristics
2026-07-26 21:38:52 | stm32c091kb | table_49 | page=72 | Y=5.3.12 I/O current injection characteristics | outline/toc=5.3.13 I/O port characteristics
2026-07-26 21:38:52 | stm32c091kb | table_54 | page=77 | Y=5.3.15 Extended interrupt and event controller input (EXTI) characteristics | outline/toc=5.3.16 Analog-to-digital converter characteristics
2026-07-26 21:38:52 | stm32c051c6 | table_3 | page=12 | Y=3.3 Embedded flash memory | outline/toc=3.5 Boot modes
2026-07-26 21:38:52 | stm32c091kb | table_58 | page=82 | Y=5.3.17 Temperature sensor characteristics | outline/toc=5.3.18 Timer characteristics
2026-07-26 21:38:52 | stm32c051c6 | table_4 | page=16 | Y=3.8 Interconnect of peripherals | outline/toc=3.9 Clocks and startup
2026-07-26 21:38:52 | stm32c091kb | table_59 | page=83 | Y=5.3.18 Timer characteristics | outline/toc=5.3.19 Characteristics of communication interfaces
2026-07-26 21:38:52 | stm32c091kb | table_60 | page=83 | Y=5.3.18 Timer characteristics | outline/toc=5.3.19 Characteristics of communication interfaces
2026-07-26 21:38:52 | stm32c091kb | table_66 | page=93 | Y=6.1 Device marking | outline/toc=6.2 TSSOP20 package information (YA)
2026-07-26 21:38:52 | stm32c091kb | table_67 | page=96 | Y=6.1 Device marking | outline/toc=6.3 WLCSP24 package information (B0Q3)
2026-07-26 21:38:52 | stm32c051c6 | table_5 | page=20 | Y=3.14.1 Temperature sensor | outline/toc=3.14.2 Internal voltage reference (V )
2026-07-26 21:38:52 | stm32c091kb | table_68 | page=97 | Y=6.1 Device marking | outline/toc=6.3 WLCSP24 package information (B0Q3)
2026-07-26 21:38:52 | stm32c091kb | table_69 | page=99 | Y=6.1 Device marking | outline/toc=6.4 UFQFPN28 package information (A0B0)
2026-07-26 21:38:52 | stm32c091kb | table_70 | page=101 | Y=6.1 Device marking | outline/toc=6.5 LQFP32 package information (5V)
2026-07-26 21:38:52 | stm32c091kb | table_71 | page=105 | Y=1.2 REF | outline/toc=6.6 UFQFPN32 package information (A0B8)
2026-07-26 21:38:52 | stm32c091kb | table_72 | page=105 | Y=1.2 REF | outline/toc=6.6 UFQFPN32 package information (A0B8)
2026-07-26 21:38:52 | stm32c091kb | table_73 | page=109 | Y=1.2 REF | outline/toc=6.7 LQFP48 package information (5B)
2026-07-26 21:38:52 | stm32c051c6 | table_7 | page=21 | Y=3.15 Timers and watchdogs | outline/toc=3.15.1 Advanced-control timer (TIM1)
2026-07-26 21:38:52 | stm32c091kb | table_74 | page=112 | Y=1.2 REF | outline/toc=6.8 UFQFPN48 package information (A0B9)
2026-07-26 21:38:52 | stm32c091kb | table_75 | page=114 | Y=1.2 REF | outline/toc=6.9 LQFP64 package information (5W)
2026-07-26 21:38:52 | stm32c091kb | table_76 | page=117 | Y=1.2 REF | outline/toc=6.10 UFBGA64 package information (A019)
2026-07-26 21:38:52 | stm32c091kb | table_77 | page=118 | Y=1.2 REF | outline/toc=6.10 UFBGA64 package information (A019)
2026-07-26 21:38:52 | stm32c051c6 | table_8 | page=24 | Y=3.16 Real-time clock (RTC) | outline/toc=3.18 Universal synchronous/asynchronous receiver transmitter (USART)
2026-07-26 21:38:52 | stm32c051c6 | table_9 | page=25 | Y=3.18 Universal synchronous/asynchronous receiver transmitter | outline/toc=3.19 Serial peripheral interface (SPI)
2026-07-26 21:38:52 | stm32c051c6 | table_10 | page=26 | Y=3.19 Serial peripheral interface (SPI) | outline/toc=3.20.1 Serial wire debug port (SW-DP)
2026-07-26 21:38:52 | stm32c051c6 | table_24 | page=42 | Y=5.3.1 General operating conditions | outline/toc=5.3.3 Embedded reset and power control block characteristics
2026-07-26 21:38:52 | stm32c051c6 | table_25 | page=42 | Y=5.3.2 Operating conditions at power-up / power-down | outline/toc=5.3.3 Embedded reset and power control block characteristics
2026-07-26 21:38:52 | stm32c051c6 | table_36 | page=55 | Y=5.3.6 Wake-up time from low-power modes | outline/toc=5.3.7 External clock source characteristics
2026-07-26 21:38:52 | stm32c051c6 | table_40 | page=58 | Y=8 MHz controlled | outline/toc=5.3.7 External clock source characteristics
2026-07-26 21:38:52 | stm32c051c6 | table_42 | page=60 | Y=5.3.8 Internal clock source characteristics | outline/toc=5.3.9 Flash memory characteristics
2026-07-26 21:38:52 | stm32c051c6 | table_46 | page=63 | Y=5.3.10 EMC characteristics | outline/toc=5.3.11 Electrical sensitivity characteristics
2026-07-26 21:38:52 | stm32c051c6 | table_47 | page=64 | Y=5.3.11 Electrical sensitivity characteristics | outline/toc=5.3.12 I/O current injection characteristics
2026-07-26 21:38:52 | stm32c051c6 | table_48 | page=64 | Y=5.3.11 Electrical sensitivity characteristics | outline/toc=5.3.12 I/O current injection characteristics
2026-07-26 21:38:52 | stm32c051c6 | table_49 | page=65 | Y=5.3.12 I/O current injection characteristics | outline/toc=5.3.13 I/O port characteristics
2026-07-26 21:38:53 | stm32c051c6 | table_54 | page=70 | Y=5.3.15 Extended interrupt and event controller input (EXTI) characteristics | outline/toc=5.3.16 Analog-to-digital converter characteristics
2026-07-26 21:38:53 | stm32c051c6 | table_58 | page=75 | Y=5.3.17 Temperature sensor characteristics | outline/toc=5.3.18 Timer characteristics
2026-07-26 21:38:53 | stm32c051c6 | table_59 | page=76 | Y=5.3.18 Timer characteristics | outline/toc=5.3.19 Characteristics of communication interfaces
2026-07-26 21:38:53 | stm32c051c6 | table_60 | page=76 | Y=5.3.18 Timer characteristics | outline/toc=5.3.19 Characteristics of communication interfaces
2026-07-26 21:38:53 | stm32c051c6 | table_66 | page=87 | Y=6.1 Device marking | outline/toc=6.2 WLCSP15 package information (B0Q2)
2026-07-26 21:38:53 | stm32c051c6 | table_67 | page=88 | Y=6.1 Device marking | outline/toc=6.2 WLCSP15 package information (B0Q2)
2026-07-26 21:38:53 | stm32c051c6 | table_68 | page=89 | Y=6.1 Device marking | outline/toc=6.3 TSSOP20 package information (YA)
2026-07-26 21:38:53 | stm32c051c6 | table_69 | page=91 | Y=6.1 Device marking | outline/toc=6.4 UFQFPN28 package information (A0B0)
2026-07-26 21:38:53 | stm32c051c6 | table_70 | page=94 | Y=6.1 Device marking | outline/toc=6.5 LQFP32 package information (5V)
2026-07-26 21:38:53 | stm32c051c6 | table_71 | page=98 | Y=1.2 REF | outline/toc=6.6 UFQFPN32 package information (A0B8)
2026-07-26 21:38:53 | stm32c051c6 | table_72 | page=98 | Y=1.2 REF | outline/toc=6.6 UFQFPN32 package information (A0B8)
2026-07-26 21:38:53 | stm32c051c6 | table_73 | page=99 | Y=1.2 REF | outline/toc=6.6 UFQFPN32 package information (A0B8)
2026-07-26 21:38:53 | stm32c051c6 | table_74 | page=101 | Y=1.2 REF | outline/toc=6.7 LQFP48 package information (5B)
2026-07-26 21:38:53 | stm32c051c6 | table_75 | page=104 | Y=1.2 REF | outline/toc=6.8 UFQFPN48 package information (A0B9)
2026-07-26 21:38:55 | stm32c071r8 | table_3 | page=14 | Y=3.3 Embedded flash memory | outline/toc=3.4 Embedded SRAM
2026-07-26 21:38:55 | stm32c071r8 | table_6 | page=23 | Y=3.14.2 Internal voltage reference (V ) | outline/toc=3.15.1 Advanced-control timer (TIM1)
2026-07-26 21:38:55 | stm32c071r8 | table_7 | page=23 | Y=3.15 Timers and watchdogs | outline/toc=3.15.1 Advanced-control timer (TIM1)
2026-07-26 21:38:55 | stm32c071r8 | table_8 | page=26 | Y=3.16 Real-time clock (RTC) | outline/toc=3.18 Universal synchronous/asynchronous receiver transmitter (USART)
2026-07-26 21:38:55 | stm32c071r8 | table_9 | page=27 | Y=3.18 Universal synchronous/asynchronous receiver transmitter | outline/toc=3.19 Serial peripheral interface (SPI)
2026-07-26 21:38:55 | stm32c071r8 | table_10 | page=28 | Y=3.19 Serial peripheral interface (SPI) | outline/toc=3.21.1 Serial wire debug port (SW-DP)
2026-07-26 21:38:55 | stm32c071r8 | table_24 | page=53 | Y=5.3.1 General operating conditions | outline/toc=5.3.3 Embedded reset and power control block characteristics
2026-07-26 21:38:55 | stm32c071r8 | table_25 | page=53 | Y=5.3.2 Operating conditions at power-up / power-down | outline/toc=5.3.3 Embedded reset and power control block characteristics
2026-07-26 21:38:55 | stm32c071r8 | table_26 | page=54 | Y=5.3.3 Embedded reset and power control block characteristics | outline/toc=5.3.4 Embedded voltage reference
2026-07-26 21:38:55 | stm32c071r8 | table_36 | page=68 | Y=5.3.6 Wake-up time from low-power modes | outline/toc=5.3.7 External clock source characteristics
2026-07-26 21:38:55 | stm32c071r8 | table_40 | page=71 | Y=8 MHz controlled | outline/toc=5.3.7 External clock source characteristics
2026-07-26 21:38:55 | stm32c071r8 | table_47 | page=77 | Y=5.3.10 EMC characteristics | outline/toc=5.3.11 Electrical sensitivity characteristics
2026-07-26 21:38:55 | stm32c071r8 | table_48 | page=78 | Y=5.3.11 Electrical sensitivity characteristics | outline/toc=5.3.12 I/O current injection characteristics
2026-07-26 21:38:55 | stm32c071r8 | table_49 | page=78 | Y=5.3.11 Electrical sensitivity characteristics | outline/toc=5.3.12 I/O current injection characteristics
2026-07-26 21:38:55 | stm32c071r8 | table_50 | page=79 | Y=5.3.12 I/O current injection characteristics | outline/toc=5.3.13 I/O port characteristics
2026-07-26 21:38:55 | stm32c071r8 | table_55 | page=84 | Y=5.3.15 Extended interrupt and event controller input (EXTI) characteristics | outline/toc=5.3.16 Analog-to-digital converter characteristics
2026-07-26 21:38:55 | stm32c071r8 | table_59 | page=89 | Y=5.3.17 Temperature sensor characteristics | outline/toc=5.3.18 Timer characteristics
2026-07-26 21:38:55 | stm32c071r8 | table_60 | page=90 | Y=5.3.18 Timer characteristics | outline/toc=5.3.19 Characteristics of communication interfaces
2026-07-26 21:38:55 | stm32c071r8 | table_61 | page=90 | Y=5.3.18 Timer characteristics | outline/toc=5.3.19 Characteristics of communication interfaces
2026-07-26 21:38:55 | stm32c071r8 | table_68 | page=102 | Y=6.1 Device marking | outline/toc=6.2 WLCSP19 package information (B0MQ)
2026-07-26 21:38:55 | stm32c071r8 | table_69 | page=103 | Y=6.1 Device marking | outline/toc=6.2 WLCSP19 package information (B0MQ)
2026-07-26 21:38:55 | stm32c071r8 | table_70 | page=104 | Y=6.1 Device marking | outline/toc=6.3 TSSOP20 package information (YA)
2026-07-26 21:38:55 | stm32c071r8 | table_71 | page=106 | Y=6.1 Device marking | outline/toc=6.4 UFQFPN28 package information (A0B0)
2026-07-26 21:38:55 | stm32c071r8 | table_72 | page=109 | Y=6.1 Device marking | outline/toc=6.5 LQFP32 package information (5V)
2026-07-26 21:38:55 | stm32c071r8 | table_73 | page=113 | Y=1.2 REF | outline/toc=6.6 UFQFPN32 package information (A0B8)
2026-07-26 21:38:55 | stm32c071r8 | table_74 | page=113 | Y=1.2 REF | outline/toc=6.6 UFQFPN32 package information (A0B8)
2026-07-26 21:38:55 | stm32c071r8 | table_75 | page=114 | Y=1.2 REF | outline/toc=6.6 UFQFPN32 package information (A0B8)
2026-07-26 21:38:55 | stm32c071r8 | table_76 | page=116 | Y=1.2 REF | outline/toc=6.7 LQFP48 package information (5B)
2026-07-26 21:38:55 | stm32c071r8 | table_77 | page=119 | Y=1.2 REF | outline/toc=6.8 UFQFPN48 package information (A0B9)
2026-07-26 21:38:55 | stm32c071r8 | table_78 | page=121 | Y=1.2 REF | outline/toc=6.9 LQFP64 package information (5W)
2026-07-26 21:38:55 | stm32c071r8 | table_79 | page=124 | Y=1.2 REF | outline/toc=6.10 UFBGA64 package information (A019)
2026-07-26 21:38:55 | stm32c071r8 | table_80 | page=125 | Y=1.2 REF | outline/toc=6.10 UFBGA64 package information (A019)
2026-07-26 21:39:07 | stm32f048c6 | table_2 | page=17 | Y=3.10.1 Temperature sensor | outline/toc=3.10.2 Internal voltage reference (V )
2026-07-26 21:39:07 | stm32f048c6 | table_5 | page=19 | Y=3.12 Timers and watchdogs | outline/toc=3.12.1 Advanced-control timer (TIM1)
2026-07-26 21:39:07 | stm32f048c6 | table_6 | page=19 | Y=3.12 Timers and watchdogs | outline/toc=3.12.1 Advanced-control timer (TIM1)
2026-07-26 21:39:07 | stm32f048c6 | table_7 | page=22 | Y=3.14 Inter-integrated circuit interface (I C) | outline/toc=3.14 Inter-integrated circuit interface (I2C)
2026-07-26 21:39:07 | stm32f048c6 | table_8 | page=23 | Y=3.14 Inter-integrated circuit interface (I C) | outline/toc=3.15 Universal synchronous/asynchronous receiver/transmitter (USART)
2026-07-26 21:39:07 | stm32f048c6 | table_10 | page=24 | Y=3.16 Serial peripheral interface (SPI) / Inter-integrated sound | outline/toc=3.18 Universal serial bus (USB)
2026-07-26 21:39:08 | stm32f048c6 | table_20 | page=42 | Y=6.3.1 General operating conditions | outline/toc=6.3.2 Operating conditions at power-up / power-down
2026-07-26 21:39:08 | stm32f048c6 | table_21 | page=43 | Y=6.3.2 Operating conditions at power-up / power-down | outline/toc=6.3.4 Supply current characteristics
2026-07-26 21:39:08 | stm32f048c6 | table_22 | page=43 | Y=6.3.3 Embedded reference voltage | outline/toc=6.3.4 Supply current characteristics
2026-07-26 21:39:08 | stm32f048c6 | table_30 | page=53 | Y=6.3.5 Wakeup time from low-power mode | outline/toc=6.3.6 External clock source characteristics
2026-07-26 21:39:08 | stm32c532cb | table_3 | page=14 | Y=3.12 Low-power direct memory access controller (LPDMA) | outline/toc=3.13.2 Extended interrupt and event controller (EXTI)
2026-07-26 21:39:08 | stm32f048c6 | table_38 | page=61 | Y=6.3.7 Internal clock source characteristics | outline/toc=6.3.9 Memory characteristics
2026-07-26 21:39:08 | stm32f048c6 | table_39 | page=61 | Y=6.3.8 PLL characteristics | outline/toc=6.3.9 Memory characteristics
2026-07-26 21:39:08 | stm32c532cb | table_4 | page=17 | Y=3.15 Analog-to-digital converter (ADC) | outline/toc=3.16 Digital to analog converter (DAC)
2026-07-26 21:39:08 | stm32f048c6 | table_41 | page=62 | Y=6.3.9 Memory characteristics | outline/toc=6.3.10 EMC characteristics
2026-07-26 21:39:08 | stm32c532cb | table_5 | page=20 | Y=3.21 Timers and watchdogs | outline/toc=3.21.1 Advanced-control timers (TIM1/TIM8)
2026-07-26 21:39:08 | stm32f048c6 | table_43 | page=63 | Y=6.3.10 EMC characteristics | outline/toc=6.3.11 Electrical sensitivity characteristics
2026-07-26 21:39:08 | stm32f048c6 | table_44 | page=64 | Y=6.3.11 Electrical sensitivity characteristics | outline/toc=6.3.12 I/O current injection characteristics
2026-07-26 21:39:08 | stm32f048c6 | table_45 | page=64 | Y=6.3.11 Electrical sensitivity characteristics | outline/toc=6.3.12 I/O current injection characteristics
2026-07-26 21:39:08 | stm32c532cb | table_6 | page=25 | Y=3.22.2 Tamper and backup registers (TAMP) | outline/toc=3.24 Improved inter-integrated circuit interface (I3C)
2026-07-26 21:39:08 | stm32c532cb | table_7 | page=27 | Y=3.22.2 Tamper and backup registers (TAMP) | outline/toc=3.24 Improved inter-integrated circuit interface (I3C)
2026-07-26 21:39:08 | stm32f048c6 | table_46 | page=65 | Y=6.3.12 I/O current injection characteristics | outline/toc=6.3.13 I/O port characteristics
2026-07-26 21:39:08 | stm32c532cb | table_8 | page=28 | Y=3.25 Universal synchronous/asynchronous receiver transmitter (USART/UART) and | outline/toc=3.25.1 Universal synchronous/asynchronous receiver transmitter (USART/UART)
2026-07-26 21:39:08 | stm32c532cb | table_9 | page=30 | Y=3.25.2 Low-power universal asynchronous receiver transmitter (LPUART) | outline/toc=3.26 Serial peripheral interface (SPI)/Inter-integrated sound interfaces (I2S)
2026-07-26 21:39:08 | stm32f048c6 | table_55 | page=76 | Y=6.3.16 Temperature sensor characteristics | outline/toc=6.3.18 Timer characteristics
2026-07-26 21:39:08 | stm32f048c6 | table_56 | page=76 | Y=6.3.17 V monitoring characteristics | outline/toc=6.3.18 Timer characteristics
2026-07-26 21:39:08 | stm32f048c6 | table_58 | page=77 | Y=6.3.18 Timer characteristics | outline/toc=6.3.19 Communication interfaces
2026-07-26 21:39:08 | stm32f048c6 | table_59 | page=77 | Y=6.3.18 Timer characteristics | outline/toc=6.3.19 Communication interfaces
2026-07-26 21:39:08 | stm32f048c6 | table_64 | page=85 | Y=7 Package information | outline/toc=7.1 UFQFPN48 package information
2026-07-26 21:39:08 | stm32f048c6 | table_65 | page=87 | Y=7 Package information | outline/toc=7.2 WLCSP36 package information
2026-07-26 21:39:08 | stm32f048c6 | table_66 | page=88 | Y=7 Package information | outline/toc=7.2 WLCSP36 package information
2026-07-26 21:39:08 | stm32f048c6 | table_67 | page=90 | Y=7 Package information | outline/toc=7.3 UFQFPN28 package information
2026-07-26 21:39:08 | stm32f048c6 | table_68 | page=93 | Y=7.4 Thermal characteristics | outline/toc=7.4.2 Selecting the product temperature range
2026-07-26 21:39:08 | stm32c532cb | table_15 | page=51 | Y=5.2 Absolute maximum ratings | outline/toc=5.3.1 General operating conditions
2026-07-26 21:39:08 | stm32c532cb | table_17 | page=52 | Y=5.3.2 Operating conditions at power-up/power-down | outline/toc=5.3.4 Inrush current and inrush electric charge characteristics
2026-07-26 21:39:08 | stm32c532cb | table_18 | page=52 | Y=5.3.3 Embedded reset and power control block characteristics | outline/toc=5.3.4 Inrush current and inrush electric charge characteristics
2026-07-26 21:39:08 | stm32c532cb | table_20 | page=53 | Y=5.3.5 Embedded voltage reference | outline/toc=5.3.6 Supply current characteristics
2026-07-26 21:39:08 | stm32c532cb | table_21 | page=53 | Y=5.3.5 Embedded voltage reference | outline/toc=5.3.6 Supply current characteristics
2026-07-26 21:39:08 | stm32c532cb | table_22 | page=54 | Y=5.3.6.1 Current consumption in Run mode | outline/toc=5.3.6 Supply current characteristics
2026-07-26 21:39:08 | stm32c532cb | table_23 | page=54 | Y=5.3.6.1 Current consumption in Run mode | outline/toc=5.3.6 Supply current characteristics
2026-07-26 21:39:08 | stm32c532cb | table_25 | page=55 | Y=5.3.6.3 Current consumption in Stop mode | outline/toc=5.3.6 Supply current characteristics
2026-07-26 21:39:08 | stm32c532cb | table_26 | page=55 | Y=5.3.6.3 Current consumption in Stop mode | outline/toc=5.3.6 Supply current characteristics
2026-07-26 21:39:08 | stm32c532cb | table_29 | page=58 | Y=5.3.7 Wake-up time from low-power modes and voltage scaling transition times | outline/toc=5.3.8 External clock timing characteristics
2026-07-26 21:39:08 | stm32c532cb | table_30 | page=58 | Y=5.3.7 Wake-up time from low-power modes and voltage scaling transition times | outline/toc=5.3.8 External clock timing characteristics
2026-07-26 21:39:08 | stm32c532cb | table_37 | page=67 | Y=5.3.9.3 Low-speed internal (LSI) RC oscillator | outline/toc=5.3.10 Flash memory characteristics
2026-07-26 21:39:08 | stm32c532cb | table_42 | page=69 | Y=5.3.11 EMC characteristics | outline/toc=5.3.12 Electrical sensitivity characteristics
2026-07-26 21:39:08 | stm32c532cb | table_54 | page=81 | Y=5.3.18 Temperature sensor characteristics | outline/toc=5.3.19 Digital-to-analog converter characteristics (DAC)
2026-07-26 21:39:08 | stm32c532cb | table_55 | page=81 | Y=5.3.18 Temperature sensor characteristics | outline/toc=5.3.19 Digital-to-analog converter characteristics (DAC)
2026-07-26 21:39:08 | stm32c532cb | table_57 | page=84 | Y=5.3.19 Digital-to-analog converter characteristics (DAC) | outline/toc=5.3.20 Comparator characteristics
2026-07-26 21:39:08 | stm32c532cb | table_61 | page=88 | Y=5.3.22 Timer characteristics | outline/toc=5.3.23 I3C interface characteristics
2026-07-26 21:39:08 | stm32c532cb | table_62 | page=88 | Y=5.3.22 Timer characteristics | outline/toc=5.3.23 I3C interface characteristics
2026-07-26 21:39:08 | stm32c532cb | table_63 | page=88 | Y=5.3.22 Timer characteristics | outline/toc=5.3.23 I3C interface characteristics
2026-07-26 21:39:08 | stm32c532cb | table_64 | page=89 | Y=5.3.22 Timer characteristics | outline/toc=5.3.25 USART characteristics
2026-07-26 21:39:08 | stm32c532cb | table_67 | page=94 | Y=5.3.26 SPI characteristics | outline/toc=5.3.29 JTAG/SWD interface characteristics
2026-07-26 21:39:08 | stm32c532cb | table_68 | page=94 | Y=5.3.26 SPI characteristics | outline/toc=5.3.29 JTAG/SWD interface characteristics
2026-07-26 21:39:08 | stm32c532cb | table_71 | page=97 | Y=6.1 Device marking | outline/toc=6.2 TSSOP20 package information (YA)
2026-07-26 21:39:08 | stm32c532cb | table_72 | page=100 | Y=6.1 Device marking | outline/toc=6.3 UFQFPN20 package information (A0A5)
2026-07-26 21:39:08 | stm32c532cb | table_73 | page=103 | Y=6.1 Device marking | outline/toc=6.4 UFQFPN24 package information (3Z)
2026-07-26 21:39:08 | stm32c532cb | table_74 | page=105 | Y=4.00 PKG | outline/toc=6.5 LQFP32 package information (5V)
2026-07-26 21:39:08 | stm32c532cb | table_75 | page=108 | Y=1.2 REF | outline/toc=6.6 UFQFPN32 package information (A0B8)
2026-07-26 21:39:08 | stm32c532cb | table_76 | page=108 | Y=1.2 REF | outline/toc=6.6 UFQFPN32 package information (A0B8)
2026-07-26 21:39:08 | stm32c532cb | table_77 | page=109 | Y=1.2 REF | outline/toc=6.6 UFQFPN32 package information (A0B8)
2026-07-26 21:39:08 | stm32c532cb | table_78 | page=111 | Y=1.2 REF | outline/toc=6.7 LQFP48 package information (5B)
2026-07-26 21:39:08 | stm32c532cb | table_79 | page=114 | Y=1.2 REF | outline/toc=6.8 UFQFPN48 package information (A0B9)
2026-07-26 21:39:08 | stm32c532cb | table_80 | page=116 | Y=1.2 REF | outline/toc=6.9 LQFP64 package information (5W)
2026-07-26 21:39:08 | stm32c532cb | table_81 | page=118 | Y=6.10 Package thermal characteristics | outline/toc=6.10.1 Reference documents
2026-07-26 21:39:09 | stm32c542cc | table_3 | page=14 | Y=3.12 Low-power direct memory access controller (LPDMA) | outline/toc=3.14 Cyclic redundancy check calculation unit (CRC)
2026-07-26 21:39:09 | stm32c542cc | table_4 | page=17 | Y=3.15 Analog-to-digital converter (ADC) | outline/toc=3.16 Digital to analog converter (DAC)
2026-07-26 21:39:09 | stm32c542cc | table_5 | page=20 | Y=3.20 AES hardware accelerator (AES) | outline/toc=3.21 HASH processor (HASH)
2026-07-26 21:39:09 | stm32c542cc | table_6 | page=21 | Y=3.22 Timers and watchdogs | outline/toc=3.22.1 Advanced-control timers (TIM1/TIM8)
2026-07-26 21:39:09 | stm32c542cc | table_7 | page=26 | Y=3.23.2 Tamper and backup registers (TAMP) | outline/toc=3.25 Improved inter-integrated circuit interface (I3C)
2026-07-26 21:39:09 | stm32c542cc | table_8 | page=28 | Y=3.23.2 Tamper and backup registers (TAMP) | outline/toc=3.25 Improved inter-integrated circuit interface (I3C)
2026-07-26 21:39:09 | stm32c542cc | table_9 | page=29 | Y=3.26 Universal synchronous/asynchronous receiver transmitter (USART/UART) and | outline/toc=3.26.1 Universal synchronous/asynchronous receiver transmitter (USART/UART)
2026-07-26 21:39:09 | stm32c542cc | table_10 | page=31 | Y=3.26.2 Low-power universal asynchronous receiver transmitter (LPUART) | outline/toc=3.27 Serial peripheral interface (SPI)/Inter-integrated sound interfaces (I2S)
2026-07-26 21:39:09 | stm32c542cc | table_16 | page=52 | Y=5.2 Absolute maximum ratings | outline/toc=5.3.1 General operating conditions
2026-07-26 21:39:09 | stm32c542cc | table_18 | page=53 | Y=5.3.2 Operating conditions at power-up/power-down | outline/toc=5.3.4 Inrush current and inrush electric charge characteristics
2026-07-26 21:39:09 | stm32c542cc | table_19 | page=53 | Y=5.3.3 Embedded reset and power control block characteristics | outline/toc=5.3.4 Inrush current and inrush electric charge characteristics
2026-07-26 21:39:09 | stm32c542cc | table_21 | page=54 | Y=5.3.5 Embedded voltage reference | outline/toc=5.3.6 Supply current characteristics
2026-07-26 21:39:09 | stm32c542cc | table_22 | page=54 | Y=5.3.5 Embedded voltage reference | outline/toc=5.3.6 Supply current characteristics
2026-07-26 21:39:09 | stm32c542cc | table_23 | page=55 | Y=5.3.6.1 Current consumption in Run mode | outline/toc=5.3.6 Supply current characteristics
2026-07-26 21:39:09 | stm32c542cc | table_24 | page=55 | Y=5.3.6.1 Current consumption in Run mode | outline/toc=5.3.6 Supply current characteristics
2026-07-26 21:39:09 | stm32c542cc | table_26 | page=56 | Y=5.3.6.3 Current consumption in Stop mode | outline/toc=5.3.6 Supply current characteristics
2026-07-26 21:39:09 | stm32c542cc | table_27 | page=56 | Y=5.3.6.3 Current consumption in Stop mode | outline/toc=5.3.6 Supply current characteristics
2026-07-26 21:39:09 | stm32c542cc | table_30 | page=59 | Y=5.3.7 Wake-up time from low-power modes and voltage scaling transition times | outline/toc=5.3.8 External clock timing characteristics
2026-07-26 21:39:09 | stm32c542cc | table_31 | page=59 | Y=5.3.7 Wake-up time from low-power modes and voltage scaling transition times | outline/toc=5.3.8 External clock timing characteristics
2026-07-26 21:39:09 | stm32c542cc | table_38 | page=68 | Y=5.3.9.3 Low-speed internal (LSI) RC oscillator | outline/toc=5.3.10 Flash memory characteristics
2026-07-26 21:39:09 | stm32c542cc | table_43 | page=70 | Y=5.3.11 EMC characteristics | outline/toc=5.3.12 Electrical sensitivity characteristics
2026-07-26 21:39:09 | stm32c542cc | table_55 | page=82 | Y=5.3.18 Temperature sensor characteristics | outline/toc=5.3.19 Digital-to-analog converter characteristics (DAC)
2026-07-26 21:39:09 | stm32c542cc | table_56 | page=82 | Y=5.3.18 Temperature sensor characteristics | outline/toc=5.3.19 Digital-to-analog converter characteristics (DAC)
2026-07-26 21:39:09 | stm32c542cc | table_58 | page=85 | Y=5.3.19 Digital-to-analog converter characteristics (DAC) | outline/toc=5.3.20 Comparator characteristics
2026-07-26 21:39:09 | stm32c542cc | table_62 | page=89 | Y=5.3.22 Timer characteristics | outline/toc=5.3.23 I3C interface characteristics
2026-07-26 21:39:09 | stm32c542cc | table_63 | page=89 | Y=5.3.22 Timer characteristics | outline/toc=5.3.23 I3C interface characteristics
2026-07-26 21:39:09 | stm32c542cc | table_64 | page=89 | Y=5.3.22 Timer characteristics | outline/toc=5.3.23 I3C interface characteristics
2026-07-26 21:39:09 | stm32c542cc | table_65 | page=90 | Y=5.3.22 Timer characteristics | outline/toc=5.3.25 USART characteristics
2026-07-26 21:39:09 | stm32c542cc | table_68 | page=95 | Y=5.3.26 SPI characteristics | outline/toc=5.3.29 JTAG/SWD interface characteristics
2026-07-26 21:39:09 | stm32c542cc | table_69 | page=95 | Y=5.3.26 SPI characteristics | outline/toc=5.3.29 JTAG/SWD interface characteristics
2026-07-26 21:39:09 | stm32c542cc | table_72 | page=98 | Y=6.1 Device marking | outline/toc=6.2 TSSOP20 package information (YA)
2026-07-26 21:39:09 | stm32c542cc | table_73 | page=101 | Y=6.1 Device marking | outline/toc=6.3 UFQFPN20 package information (A0A5)
2026-07-26 21:39:09 | stm32c542cc | table_74 | page=104 | Y=6.1 Device marking | outline/toc=6.4 UFQFPN24 package information (3Z)
2026-07-26 21:39:09 | stm32c542cc | table_75 | page=106 | Y=4.00 PKG | outline/toc=6.5 LQFP32 package information (5V)
2026-07-26 21:39:09 | stm32c542cc | table_76 | page=109 | Y=1.2 REF | outline/toc=6.6 UFQFPN32 package information (A0B8)
2026-07-26 21:39:09 | stm32c542cc | table_77 | page=109 | Y=1.2 REF | outline/toc=6.6 UFQFPN32 package information (A0B8)
2026-07-26 21:39:09 | stm32c542cc | table_78 | page=110 | Y=1.2 REF | outline/toc=6.6 UFQFPN32 package information (A0B8)
2026-07-26 21:39:09 | stm32c542cc | table_79 | page=112 | Y=1.2 REF | outline/toc=6.7 LQFP48 package information (5B)
2026-07-26 21:39:09 | stm32c542cc | table_80 | page=115 | Y=1.2 REF | outline/toc=6.8 UFQFPN48 package information (A0B9)
2026-07-26 21:39:09 | stm32c542cc | table_81 | page=117 | Y=1.2 REF | outline/toc=6.9 LQFP64 package information (5W)
2026-07-26 21:39:09 | stm32c542cc | table_82 | page=119 | Y=6.10 Package thermal characteristics | outline/toc=6.10.1 Reference documents
2026-07-26 21:39:12 | stm32f070c6 | table_2 | page=17 | Y=3.10.1 Temperature sensor | outline/toc=3.10.2 Internal voltage reference (V )
2026-07-26 21:39:12 | stm32f070c6 | table_4 | page=18 | Y=3.11 Timers and watchdogs | outline/toc=3.11.1 Advanced-control timer (TIM1)
2026-07-26 21:39:12 | stm32f070c6 | table_5 | page=21 | Y=3.13 Inter-integrated circuit interfaces (I C) | outline/toc=3.14 Universal synchronous/asynchronous receiver/transmitter (USART)
2026-07-26 21:39:12 | stm32f070c6 | table_6 | page=21 | Y=3.13 Inter-integrated circuit interfaces (I C) | outline/toc=3.14 Universal synchronous/asynchronous receiver/transmitter (USART)
2026-07-26 21:39:12 | stm32f070c6 | table_7 | page=22 | Y=3.14 Universal synchronous/asynchronous receiver/transmitter | outline/toc=3.15 Serial peripheral interface (SPI)
2026-07-26 21:39:12 | stm32f070c6 | table_8 | page=23 | Y=3.15 Serial peripheral interface (SPI) | outline/toc=3.17 Serial wire debug port (SW-DP)
2026-07-26 21:39:12 | stm32f070c6 | table_15 | page=34 | Y=6 Reserved | outline/toc=5 Memory mapping
2026-07-26 21:39:12 | stm32f070c6 | table_17 | page=39 | Y=6.2 Absolute maximum ratings | outline/toc=6.3.1 General operating conditions
2026-07-26 21:39:12 | stm32f070c6 | table_18 | page=39 | Y=6.2 Absolute maximum ratings | outline/toc=6.3.1 General operating conditions
2026-07-26 21:39:12 | stm32f070c6 | table_20 | page=40 | Y=6.3.2 Operating conditions at power-up / power-down | outline/toc=6.3.3 Embedded reset and power control block characteristics
2026-07-26 21:39:12 | stm32f070c6 | table_22 | page=41 | Y=6.3.4 Embedded reference voltage | outline/toc=6.3.5 Supply current characteristics
2026-07-26 21:39:12 | stm32f070c6 | table_27 | page=45 | Y=6.3.5 Supply current characteristics | outline/toc=6.3.6 Wakeup time from low-power mode
2026-07-26 21:39:12 | stm32f070c6 | table_28 | page=46 | Y=6.3.6 Wakeup time from low-power mode | outline/toc=6.3.7 External clock source characteristics
2026-07-26 21:39:12 | stm32f070c6 | table_36 | page=51 | Y=6.3.9 PLL characteristics | outline/toc=6.3.10 Memory characteristics
2026-07-26 21:39:12 | stm32c562ce | table_3 | page=15 | Y=3.12 Low-power direct memory access controller (LPDMA) | outline/toc=3.13.2 Extended interrupt and event controller (EXTI)
2026-07-26 21:39:12 | stm32f070c6 | table_38 | page=52 | Y=6.3.10 Memory characteristics | outline/toc=6.3.11 EMC characteristics
2026-07-26 21:39:12 | stm32c562ce | table_4 | page=15 | Y=3.12 Low-power direct memory access controller (LPDMA) | outline/toc=3.13.2 Extended interrupt and event controller (EXTI)
2026-07-26 21:39:12 | stm32f070c6 | table_40 | page=53 | Y=6.3.11 EMC characteristics | outline/toc=6.3.12 Electrical sensitivity characteristics
2026-07-26 21:39:12 | stm32f070c6 | table_41 | page=54 | Y=6.3.12 Electrical sensitivity characteristics | outline/toc=6.3.13 I/O current injection characteristics
2026-07-26 21:39:12 | stm32f070c6 | table_42 | page=54 | Y=6.3.12 Electrical sensitivity characteristics | outline/toc=6.3.13 I/O current injection characteristics
2026-07-26 21:39:12 | stm32f070c6 | table_43 | page=55 | Y=6.3.13 I/O current injection characteristics | outline/toc=6.3.14 I/O port characteristics
2026-07-26 21:39:12 | stm32f070c6 | table_51 | page=65 | Y=6.3.17 Temperature sensor characteristics | outline/toc=6.3.18 Timer characteristics
2026-07-26 21:39:12 | stm32f070c6 | table_53 | page=66 | Y=6.3.18 Timer characteristics | outline/toc=6.3.19 Communication interfaces
2026-07-26 21:39:12 | stm32f070c6 | table_54 | page=66 | Y=6.3.18 Timer characteristics | outline/toc=6.3.19 Communication interfaces
2026-07-26 21:39:12 | stm32f070c6 | table_58 | page=71 | Y=7.1 Device marking | outline/toc=7.2 TSSOP20 package information (YA)
2026-07-26 21:39:12 | stm32f070c6 | table_59 | page=74 | Y=7.1 Device marking | outline/toc=7.3 LQFP48 package information (5B)
2026-07-26 21:39:12 | stm32f070c6 | table_60 | page=77 | Y=7.1 Device marking | outline/toc=7.4 LQFP64 package information (5W)
2026-07-26 21:39:12 | stm32f070c6 | table_61 | page=79 | Y=7.5 Thermal characteristics | outline/toc=7.5.1 Reference document
2026-07-26 21:39:12 | stm32c562ce | table_5 | page=18 | Y=3.15 Analog-to-digital converter (ADC) | outline/toc=3.16 Digital to analog converter (DAC)
2026-07-26 21:39:12 | stm32c562ce | table_6 | page=21 | Y=3.19 AES hardware accelerator (AES) | outline/toc=3.20 HASH processor (HASH)
2026-07-26 21:39:12 | stm32c551cc | table_2 | page=15 | Y=3.12 Low-power direct memory access controller (LPDMA) | outline/toc=3.13.2 Extended interrupt and event controller (EXTI)
2026-07-26 21:39:12 | stm32c551cc | table_3 | page=15 | Y=3.12 Low-power direct memory access controller (LPDMA) | outline/toc=3.13.2 Extended interrupt and event controller (EXTI)
2026-07-26 21:39:12 | stm32c551cc | table_4 | page=15 | Y=3.12 Low-power direct memory access controller (LPDMA) | outline/toc=3.13.2 Extended interrupt and event controller (EXTI)
2026-07-26 21:39:12 | stm32c562ce | table_7 | page=22 | Y=3.21 Timers and watchdogs | outline/toc=3.21.1 Advanced-control timers (TIM1/TIM8)
2026-07-26 21:39:12 | stm32c562ce | table_8 | page=27 | Y=3.22.2 Tamper and backup registers (TAMP) | outline/toc=3.24 Improved inter-integrated circuit interface (I3C)
2026-07-26 21:39:12 | stm32c562ce | table_9 | page=29 | Y=3.22.2 Tamper and backup registers (TAMP) | outline/toc=3.24 Improved inter-integrated circuit interface (I3C)
2026-07-26 21:39:12 | stm32c551cc | table_5 | page=18 | Y=3.15 Analog-to-digital converter (ADC) | outline/toc=3.16 Digital to analog converter (DAC)
2026-07-26 21:39:12 | stm32c562ce | table_10 | page=30 | Y=3.25 Universal synchronous/asynchronous receiver transmitter (USART/UART) and | outline/toc=3.25.1 Universal synchronous/asynchronous receiver transmitter (USART/UART)
2026-07-26 21:39:12 | stm32c551cc | table_6 | page=21 | Y=3.20 Timers and watchdogs | outline/toc=3.20.1 Advanced-control timers (TIM1/TIM8)
2026-07-26 21:39:12 | stm32c562ce | table_11 | page=32 | Y=3.25.2 Low-power universal asynchronous receiver transmitter (LPUART) | outline/toc=3.26 Serial peripheral interface (SPI)/Inter-integrated sound interfaces (I2S)
2026-07-26 21:39:12 | stm32c551cc | table_7 | page=25 | Y=3.21.2 Tamper and backup registers (TAMP) | outline/toc=3.22 Inter-integrated circuit interface (I2C)
2026-07-26 21:39:12 | stm32c551cc | table_8 | page=28 | Y=3.21.2 Tamper and backup registers (TAMP) | outline/toc=3.23 Improved inter-integrated circuit interface (I3C)
2026-07-26 21:39:12 | stm32c551cc | table_9 | page=29 | Y=3.24 Universal synchronous/asynchronous receiver transmitter (USART/UART) and | outline/toc=3.24.1 Universal synchronous/asynchronous receiver transmitter (USART/UART)
2026-07-26 21:39:12 | stm32c551cc | table_10 | page=31 | Y=3.24.2 Low-power universal asynchronous receiver transmitter (LPUART) | outline/toc=3.25 Serial peripheral interface (SPI)/Inter-integrated sound interfaces (I2S)
2026-07-26 21:39:12 | stm32c562ce | table_17 | page=57 | Y=5.2 Absolute maximum ratings | outline/toc=5.3.1 General operating conditions
2026-07-26 21:39:12 | stm32c562ce | table_19 | page=58 | Y=5.3.2 Operating conditions at power-up/power-down | outline/toc=5.3.4 Inrush current and inrush electric charge characteristics
2026-07-26 21:39:12 | stm32c562ce | table_20 | page=58 | Y=5.3.3 Embedded reset and power control block characteristics | outline/toc=5.3.4 Inrush current and inrush electric charge characteristics
2026-07-26 21:39:12 | stm32c562ce | table_22 | page=59 | Y=5.3.5 Embedded voltage reference | outline/toc=5.3.6 Supply current characteristics
2026-07-26 21:39:12 | stm32c551cc | table_16 | page=56 | Y=5.2 Absolute maximum ratings | outline/toc=5.3.1 General operating conditions
2026-07-26 21:39:12 | stm32c562ce | table_23 | page=59 | Y=5.3.5 Embedded voltage reference | outline/toc=5.3.6 Supply current characteristics
2026-07-26 21:39:12 | stm32c551cc | table_18 | page=57 | Y=5.3.2 Operating conditions at power-up/power-down | outline/toc=5.3.4 Inrush current and inrush electric charge characteristics
2026-07-26 21:39:12 | stm32c551cc | table_19 | page=57 | Y=5.3.3 Embedded reset and power control block characteristics | outline/toc=5.3.4 Inrush current and inrush electric charge characteristics
2026-07-26 21:39:12 | stm32c562ce | table_24 | page=60 | Y=5.3.6.1 Current consumption in Run mode | outline/toc=5.3.6 Supply current characteristics
2026-07-26 21:39:12 | stm32c562ce | table_25 | page=60 | Y=5.3.6.1 Current consumption in Run mode | outline/toc=5.3.6 Supply current characteristics
2026-07-26 21:39:12 | stm32c562ce | table_27 | page=61 | Y=5.3.6.3 Current consumption in Stop mode | outline/toc=5.3.6 Supply current characteristics
2026-07-26 21:39:12 | stm32c551cc | table_21 | page=58 | Y=5.3.5 Embedded voltage reference | outline/toc=5.3.6 Supply current characteristics
2026-07-26 21:39:12 | stm32c562ce | table_28 | page=61 | Y=5.3.6.3 Current consumption in Stop mode | outline/toc=5.3.6 Supply current characteristics
2026-07-26 21:39:12 | stm32c551cc | table_22 | page=58 | Y=5.3.5 Embedded voltage reference | outline/toc=5.3.6 Supply current characteristics
2026-07-26 21:39:12 | stm32c551cc | table_23 | page=59 | Y=5.3.6.1 Current consumption in Run mode | outline/toc=5.3.6 Supply current characteristics
2026-07-26 21:39:12 | stm32c551cc | table_24 | page=59 | Y=5.3.6.1 Current consumption in Run mode | outline/toc=5.3.6 Supply current characteristics
2026-07-26 21:39:12 | stm32c551cc | table_26 | page=60 | Y=5.3.6.3 Current consumption in Stop mode | outline/toc=5.3.6 Supply current characteristics
2026-07-26 21:39:12 | stm32c551cc | table_27 | page=60 | Y=5.3.6.3 Current consumption in Stop mode | outline/toc=5.3.6 Supply current characteristics
2026-07-26 21:39:12 | stm32c551cc | table_30 | page=63 | Y=5.3.7 Wake-up time from low-power modes and voltage scaling transition times | outline/toc=5.3.8 External clock timing characteristics
2026-07-26 21:39:12 | stm32c551cc | table_31 | page=63 | Y=5.3.7 Wake-up time from low-power modes and voltage scaling transition times | outline/toc=5.3.8 External clock timing characteristics
2026-07-26 21:39:12 | stm32c562ce | table_39 | page=73 | Y=5.3.9.3 Low-speed internal (LSI) RC oscillator | outline/toc=5.3.10 Flash memory characteristics
2026-07-26 21:39:12 | stm32c551cc | table_38 | page=72 | Y=5.3.9.3 Low-speed internal (LSI) RC oscillator | outline/toc=5.3.10 Flash memory characteristics
2026-07-26 21:39:12 | stm32c562ce | table_44 | page=75 | Y=5.3.11 EMC characteristics | outline/toc=5.3.12 Electrical sensitivity characteristics
2026-07-26 21:39:12 | stm32c562ce | table_46 | page=76 | Y=5.3.12 Electrical sensitivity characteristics | outline/toc=5.3.13 I/O current injection characteristics
2026-07-26 21:39:12 | stm32c551cc | table_43 | page=74 | Y=5.3.11 EMC characteristics | outline/toc=5.3.12 Electrical sensitivity characteristics
2026-07-26 21:39:12 | stm32c551cc | table_45 | page=75 | Y=5.3.12 Electrical sensitivity characteristics | outline/toc=5.3.13 I/O current injection characteristics
2026-07-26 21:39:13 | stm32c562ce | table_56 | page=87 | Y=5.3.18 Temperature sensor characteristics | outline/toc=5.3.19 Digital-to-analog converter characteristics (DAC)
2026-07-26 21:39:13 | stm32c562ce | table_57 | page=87 | Y=5.3.18 Temperature sensor characteristics | outline/toc=5.3.19 Digital-to-analog converter characteristics (DAC)
2026-07-26 21:39:13 | stm32c551cc | table_55 | page=86 | Y=5.3.18 Temperature sensor characteristics | outline/toc=5.3.19 Digital-to-analog converter characteristics (DAC)
2026-07-26 21:39:13 | stm32c551cc | table_56 | page=86 | Y=5.3.18 Temperature sensor characteristics | outline/toc=5.3.19 Digital-to-analog converter characteristics (DAC)
2026-07-26 21:39:13 | stm32c562ce | table_59 | page=90 | Y=5.3.19 Digital-to-analog converter characteristics (DAC) | outline/toc=5.3.20 Comparator characteristics
2026-07-26 21:39:13 | stm32c562ce | table_62 | page=92 | Y=5.3.21 Timer characteristics | outline/toc=5.3.22 I3C interface characteristics
2026-07-26 21:39:13 | stm32c551cc | table_58 | page=89 | Y=5.3.19 Digital-to-analog converter characteristics (DAC) | outline/toc=5.3.20 Comparator characteristics
2026-07-26 21:39:13 | stm32c562ce | table_63 | page=92 | Y=5.3.21 Timer characteristics | outline/toc=5.3.22 I3C interface characteristics
2026-07-26 21:39:13 | stm32c562ce | table_64 | page=92 | Y=5.3.21 Timer characteristics | outline/toc=5.3.22 I3C interface characteristics
2026-07-26 21:39:13 | stm32c551cc | table_61 | page=91 | Y=5.3.21 Timer characteristics | outline/toc=5.3.22 I3C interface characteristics
2026-07-26 21:39:13 | stm32c551cc | table_62 | page=91 | Y=5.3.21 Timer characteristics | outline/toc=5.3.22 I3C interface characteristics
2026-07-26 21:39:13 | stm32c562ce | table_65 | page=93 | Y=5.3.21 Timer characteristics | outline/toc=5.3.24 USART characteristics
2026-07-26 21:39:13 | stm32c551cc | table_63 | page=91 | Y=5.3.21 Timer characteristics | outline/toc=5.3.22 I3C interface characteristics
2026-07-26 21:39:13 | stm32c551cc | table_64 | page=92 | Y=5.3.21 Timer characteristics | outline/toc=5.3.24 USART characteristics
2026-07-26 21:39:13 | stm32c562ce | table_68 | page=98 | Y=5.3.25 SPI characteristics | outline/toc=5.3.28 JTAG/SWD interface characteristics
2026-07-26 21:39:13 | stm32c562ce | table_69 | page=98 | Y=5.3.25 SPI characteristics | outline/toc=5.3.28 JTAG/SWD interface characteristics
2026-07-26 21:39:13 | stm32c562ce | table_72 | page=103 | Y=6.1 Device marking | outline/toc=6.2 LQFP32 package information (5V)
2026-07-26 21:39:13 | stm32c551cc | table_67 | page=97 | Y=5.3.25 SPI characteristics | outline/toc=5.3.28 JTAG/SWD interface characteristics
2026-07-26 21:39:13 | stm32c551cc | table_68 | page=97 | Y=5.3.25 SPI characteristics | outline/toc=5.3.28 JTAG/SWD interface characteristics
2026-07-26 21:39:13 | stm32c562ce | table_73 | page=106 | Y=1.2 REF | outline/toc=6.3 UFQFPN32 package information (A0B8)
2026-07-26 21:39:13 | stm32c562ce | table_74 | page=106 | Y=1.2 REF | outline/toc=6.3 UFQFPN32 package information (A0B8)
2026-07-26 21:39:13 | stm32c562ce | table_75 | page=107 | Y=1.2 REF | outline/toc=6.3 UFQFPN32 package information (A0B8)
2026-07-26 21:39:13 | stm32c551cc | table_71 | page=102 | Y=6.1 Device marking | outline/toc=6.2 LQFP32 package information (5V)
2026-07-26 21:39:13 | stm32c562ce | table_76 | page=109 | Y=1.2 REF | outline/toc=6.4 LQFP48 package information (5B)
2026-07-26 21:39:13 | stm32c562ce | table_77 | page=112 | Y=1.2 REF | outline/toc=6.5 UFQFPN48 package information (A0B9)
2026-07-26 21:39:13 | stm32c562ce | table_78 | page=114 | Y=1.2 REF | outline/toc=6.6 LQFP64 package information (5W)
2026-07-26 21:39:13 | stm32c562ce | table_79 | page=117 | Y=1.2 REF | outline/toc=6.7 LQFP80 package information (9X)
2026-07-26 21:39:13 | stm32c562ce | table_80 | page=120 | Y=1.2 REF | outline/toc=6.8 LQFP100 package information (1L)
2026-07-26 21:39:13 | stm32c551cc | table_72 | page=105 | Y=1.2 REF | outline/toc=6.3 UFQFPN32 package information (A0B8)
2026-07-26 21:39:13 | stm32c551cc | table_73 | page=105 | Y=1.2 REF | outline/toc=6.3 UFQFPN32 package information (A0B8)
2026-07-26 21:39:13 | stm32c551cc | table_74 | page=106 | Y=1.2 REF | outline/toc=6.3 UFQFPN32 package information (A0B8)
2026-07-26 21:39:13 | stm32c562ce | table_81 | page=122 | Y=6.9 Package thermal characteristics | outline/toc=6.9.1 Reference documents
2026-07-26 21:39:13 | stm32c551cc | table_75 | page=108 | Y=1.2 REF | outline/toc=6.4 LQFP48 package information (5B)
2026-07-26 21:39:13 | stm32c551cc | table_76 | page=111 | Y=1.2 REF | outline/toc=6.5 UFQFPN48 package information (A0B9)
2026-07-26 21:39:13 | stm32c551cc | table_77 | page=113 | Y=1.2 REF | outline/toc=6.6 LQFP64 package information (5W)
2026-07-26 21:39:13 | stm32c551cc | table_78 | page=116 | Y=1.2 REF | outline/toc=6.7 LQFP80 package information (9X)
2026-07-26 21:39:13 | stm32c551cc | table_79 | page=119 | Y=1.2 REF | outline/toc=6.8 LQFP100 package information (1L)
2026-07-26 21:39:13 | stm32c551cc | table_80 | page=121 | Y=6.9 Package thermal characteristics | outline/toc=6.9.1 Reference documents
2026-07-26 21:39:17 | stm32f058c8 | table_2 | page=17 | Y=3.10.1 Temperature sensor | outline/toc=3.10.2 Internal voltage reference (V )
2026-07-26 21:39:17 | stm32f058c8 | table_6 | page=20 | Y=3.14 Timers and watchdogs | outline/toc=3.14.1 Advanced-control timer (TIM1)
2026-07-26 21:39:17 | stm32f058c8 | table_7 | page=23 | Y=3.16 Inter-integrated circuit interface (I C) | outline/toc=3.16 Inter-integrated circuit interface (I2C)
2026-07-26 21:39:17 | stm32f058c8 | table_8 | page=23 | Y=3.16 Inter-integrated circuit interface (I C) | outline/toc=3.16 Inter-integrated circuit interface (I2C)
2026-07-26 21:39:17 | stm32f058c8 | table_10 | page=25 | Y=3.18 Serial peripheral interface (SPI) / Inter-integrated sound | outline/toc=3.20 Serial wire debug port (SW-DP)
2026-07-26 21:39:17 | stm32f058c8 | table_11 | page=28 | Y=3.20 Serial wire debug port (SW-DP) | outline/toc=4 Pinouts and pin descriptions
2026-07-26 21:39:17 | stm32f058c8 | table_12 | page=29 | Y=3.20 Serial wire debug port (SW-DP) | outline/toc=4 Pinouts and pin descriptions
2026-07-26 21:39:17 | stm32f058c8 | table_13 | page=33 | Y=3.20 Serial wire debug port (SW-DP) | outline/toc=4 Pinouts and pin descriptions
2026-07-26 21:39:17 | stm32f058c8 | table_14 | page=34 | Y=3.20 Serial wire debug port (SW-DP) | outline/toc=4 Pinouts and pin descriptions
2026-07-26 21:39:17 | stm32f058c8 | table_19 | page=43 | Y=6.3.1 General operating conditions | outline/toc=6.3.2 Operating conditions at power-up / power-down
2026-07-26 21:39:17 | stm32f058c8 | table_20 | page=44 | Y=6.3.2 Operating conditions at power-up / power-down | outline/toc=6.3.4 Supply current characteristics
2026-07-26 21:39:17 | stm32f058c8 | table_21 | page=44 | Y=6.3.3 Embedded reference voltage | outline/toc=6.3.4 Supply current characteristics
2026-07-26 21:39:17 | stm32f058c8 | table_29 | page=53 | Y=6.3.5 Wakeup time from low-power mode | outline/toc=6.3.6 External clock source characteristics
2026-07-26 21:39:17 | stm32f058c8 | table_36 | page=60 | Y=6.3.7 Internal clock source characteristics | outline/toc=6.3.9 Memory characteristics
2026-07-26 21:39:17 | stm32f058c8 | table_37 | page=60 | Y=6.3.8 PLL characteristics | outline/toc=6.3.9 Memory characteristics
2026-07-26 21:39:17 | stm32f058c8 | table_39 | page=61 | Y=6.3.9 Memory characteristics | outline/toc=6.3.10 EMC characteristics
2026-07-26 21:39:17 | stm32f058c8 | table_41 | page=62 | Y=6.3.10 EMC characteristics | outline/toc=6.3.11 Electrical sensitivity characteristics
2026-07-26 21:39:17 | stm32f058c8 | table_42 | page=63 | Y=6.3.11 Electrical sensitivity characteristics | outline/toc=6.3.12 I/O current injection characteristics
2026-07-26 21:39:17 | stm32f058c8 | table_43 | page=63 | Y=6.3.11 Electrical sensitivity characteristics | outline/toc=6.3.12 I/O current injection characteristics
2026-07-26 21:39:17 | stm32f058c8 | table_44 | page=64 | Y=6.3.12 I/O current injection characteristics | outline/toc=6.3.13 I/O port characteristics
2026-07-26 21:39:17 | stm32f058c8 | table_55 | page=78 | Y=6.3.18 Temperature sensor characteristics | outline/toc=6.3.20 Timer characteristics
2026-07-26 21:39:17 | stm32f058c8 | table_56 | page=78 | Y=6.3.19 V monitoring characteristics | outline/toc=6.3.20 Timer characteristics
2026-07-26 21:39:17 | stm32f058c8 | table_58 | page=79 | Y=6.3.20 Timer characteristics | outline/toc=6.3.21 Communication interfaces
2026-07-26 21:39:17 | stm32f058c8 | table_59 | page=79 | Y=6.3.20 Timer characteristics | outline/toc=6.3.21 Communication interfaces
2026-07-26 21:39:17 | stm32f058c8 | table_63 | page=85 | Y=7 Package information | outline/toc=7.1 UFBGA64 package information
2026-07-26 21:39:17 | stm32f058c8 | table_64 | page=86 | Y=7 Package information | outline/toc=7.1 UFBGA64 package information
2026-07-26 21:39:17 | stm32f058c8 | table_65 | page=88 | Y=7 Package information | outline/toc=7.2 LQFP64 package information
2026-07-26 21:39:17 | stm32f058c8 | table_66 | page=92 | Y=7 Package information | outline/toc=7.3 UFQFPN48 package information
2026-07-26 21:39:17 | stm32f058c8 | table_67 | page=94 | Y=7 Package information | outline/toc=7.4 WLCSP36 package information
2026-07-26 21:39:17 | stm32f058c8 | table_68 | page=95 | Y=7 Package information | outline/toc=7.4 WLCSP36 package information
2026-07-26 21:39:17 | stm32f058c8 | table_69 | page=97 | Y=7.5 Thermal characteristics | outline/toc=7.5.2 Selecting the product temperature range
2026-07-26 21:39:24 | stm32c591ce | table_3 | page=14 | Y=3.12 Low-power direct memory access controller (LPDMA) | outline/toc=3.13.2 Extended interrupt and event controller (EXTI)
2026-07-26 21:39:24 | stm32c591ce | table_4 | page=18 | Y=3.17 Analog-to-digital converter (ADC) | outline/toc=3.18 Digital to analog converter (DAC)
2026-07-26 21:39:24 | stm32c591ce | table_5 | page=21 | Y=3.23 Timers and watchdogs | outline/toc=3.23.1 Advanced-control timers (TIM1/TIM8)
2026-07-26 21:39:24 | stm32c591ce | table_6 | page=26 | Y=3.24.2 Tamper and backup registers (TAMP) | outline/toc=3.26 Improved inter-integrated circuit interface (I3C)
2026-07-26 21:39:24 | stm32c591ce | table_7 | page=28 | Y=3.24.2 Tamper and backup registers (TAMP) | outline/toc=3.26 Improved inter-integrated circuit interface (I3C)
2026-07-26 21:39:24 | stm32c591ce | table_8 | page=29 | Y=3.27 Universal synchronous/asynchronous receiver transmitter (USART/UART) and | outline/toc=3.27.1 Universal synchronous/asynchronous receiver transmitter (USART/UART)
2026-07-26 21:39:24 | stm32c591ce | table_9 | page=31 | Y=3.27.2 Low-power universal asynchronous receiver transmitter (LPUART) | outline/toc=3.28 Serial peripheral interface (SPI)/Inter-integrated sound interfaces (I2S)
2026-07-26 21:39:24 | stm32c591ce | table_15 | page=63 | Y=5.2 Absolute maximum ratings | outline/toc=5.3.1 General operating conditions
2026-07-26 21:39:24 | stm32c591ce | table_17 | page=64 | Y=5.3.2 Operating conditions at power-up/power-down | outline/toc=5.3.4 Inrush current and inrush electric charge characteristics
2026-07-26 21:39:24 | stm32c591ce | table_18 | page=64 | Y=5.3.3 Embedded reset and power control block characteristics | outline/toc=5.3.4 Inrush current and inrush electric charge characteristics
2026-07-26 21:39:24 | stm32c591ce | table_20 | page=65 | Y=5.3.5 Embedded voltage reference | outline/toc=5.3.6 Supply current characteristics
2026-07-26 21:39:24 | stm32c591ce | table_21 | page=65 | Y=5.3.5 Embedded voltage reference | outline/toc=5.3.6 Supply current characteristics
2026-07-26 21:39:24 | stm32c591ce | table_24 | page=67 | Y=5.3.6.2 Current consumption in Sleep mode | outline/toc=5.3.6 Supply current characteristics
2026-07-26 21:39:24 | stm32c591ce | table_25 | page=67 | Y=5.3.6.3 Current consumption in Stop mode | outline/toc=5.3.6 Supply current characteristics
2026-07-26 21:39:24 | stm32c591ce | table_26 | page=67 | Y=5.3.6.3 Current consumption in Stop mode | outline/toc=5.3.6 Supply current characteristics
2026-07-26 21:39:24 | stm32c591ce | table_29 | page=70 | Y=5.3.7 Wake-up time from low-power modes and voltage scaling transition times | outline/toc=5.3.8 External clock timing characteristics
2026-07-26 21:39:24 | stm32c591ce | table_30 | page=70 | Y=5.3.7 Wake-up time from low-power modes and voltage scaling transition times | outline/toc=5.3.8 External clock timing characteristics
2026-07-26 21:39:25 | stm32c591ce | table_37 | page=79 | Y=5.3.9.3 Low-speed internal (LSI) RC oscillator | outline/toc=5.3.10 Flash memory characteristics
2026-07-26 21:39:25 | stm32c591ce | table_42 | page=81 | Y=5.3.11 EMC characteristics | outline/toc=5.3.12 Electrical sensitivity characteristics
2026-07-26 21:39:25 | stm32c591ce | table_51 | page=88 | Y=5.3.16 Extended interrupt and event controller input (EXTI) characteristics | outline/toc=5.3.17 XSPI interface characteristics
2026-07-26 21:39:25 | stm32c591ce | table_58 | page=97 | Y=5.3.20 Temperature sensor characteristics | outline/toc=5.3.21 Digital-to-analog converter characteristics (DAC)
2026-07-26 21:39:25 | stm32c591ce | table_59 | page=97 | Y=5.3.20 Temperature sensor characteristics | outline/toc=5.3.21 Digital-to-analog converter characteristics (DAC)
2026-07-26 21:39:25 | stm32c591ce | table_61 | page=100 | Y=5.3.21 Digital-to-analog converter characteristics (DAC) | outline/toc=5.3.22 Comparator characteristics
2026-07-26 21:39:25 | stm32c591ce | table_64 | page=102 | Y=5.3.23 Timer characteristics | outline/toc=5.3.24 I3C interface characteristics
2026-07-26 21:39:25 | stm32c591ce | table_65 | page=102 | Y=5.3.23 Timer characteristics | outline/toc=5.3.24 I3C interface characteristics
2026-07-26 21:39:25 | stm32c591ce | table_66 | page=103 | Y=5.3.23 Timer characteristics | outline/toc=5.3.26 USART characteristics
2026-07-26 21:39:25 | stm32c591ce | table_69 | page=107 | Y=5.3.27 SPI characteristics | outline/toc=5.3.29 Ethernet interface characteristics
2026-07-26 21:39:25 | stm32c591ce | table_75 | page=113 | Y=6.1 Device marking | outline/toc=6.2 LQFP32 package information (5V)
2026-07-26 21:39:25 | stm32c591ce | table_76 | page=116 | Y=1.2 REF | outline/toc=6.3 UFQFPN32 package information (A0B8)
2026-07-26 21:39:25 | stm32c591ce | table_77 | page=116 | Y=1.2 REF | outline/toc=6.3 UFQFPN32 package information (A0B8)
2026-07-26 21:39:25 | stm32c591ce | table_78 | page=117 | Y=1.2 REF | outline/toc=6.3 UFQFPN32 package information (A0B8)
2026-07-26 21:39:25 | stm32c591ce | table_79 | page=119 | Y=1.2 REF | outline/toc=6.4 LQFP48 package information (5B)
2026-07-26 21:39:25 | stm32c591ce | table_80 | page=122 | Y=1.2 REF | outline/toc=6.5 UFQFPN48 package information (A0B9)
2026-07-26 21:39:25 | stm32c591ce | table_81 | page=124 | Y=1.2 REF | outline/toc=6.6 LQFP64 package information (5W)
2026-07-26 21:39:25 | stm32c591ce | table_82 | page=127 | Y=1.2 REF | outline/toc=6.7 LQFP80 package information (9X)
2026-07-26 21:39:25 | stm32c591ce | table_83 | page=130 | Y=1.2 REF | outline/toc=6.8 LQFP100 package information (1L)
2026-07-26 21:39:25 | stm32c591ce | table_84 | page=132 | Y=6.9 Package thermal characteristics | outline/toc=6.9.1 Reference documents
2026-07-26 21:39:26 | stm32f051c4 | table_3 | page=18 | Y=3.10.1 Temperature sensor | outline/toc=3.10.2 Internal voltage reference (V )
2026-07-26 21:39:26 | stm32f051c4 | table_7 | page=21 | Y=3.14 Timers and watchdogs | outline/toc=3.14.1 Advanced-control timer (TIM1)
2026-07-26 21:39:26 | stm32f051c4 | table_8 | page=24 | Y=3.16 Inter-integrated circuit interface (I C) | outline/toc=3.16 Inter-integrated circuit interface (I2C)
2026-07-26 21:39:26 | stm32f051c4 | table_9 | page=24 | Y=3.16 Inter-integrated circuit interface (I C) | outline/toc=3.16 Inter-integrated circuit interface (I2C)
2026-07-26 21:39:26 | stm32f051c4 | table_11 | page=26 | Y=3.18 Serial peripheral interface (SPI) / Inter-integrated sound | outline/toc=3.20 Serial wire debug port (SW-DP)
2026-07-26 21:39:26 | stm32f051c4 | table_12 | page=31 | Y=3.20 Serial wire debug port (SW-DP) | outline/toc=4 Pinouts and pin descriptions
2026-07-26 21:39:26 | stm32f051c4 | table_13 | page=31 | Y=3.20 Serial wire debug port (SW-DP) | outline/toc=4 Pinouts and pin descriptions
2026-07-26 21:39:26 | stm32f051c4 | table_14 | page=37 | Y=3.20 Serial wire debug port (SW-DP) | outline/toc=4 Pinouts and pin descriptions
2026-07-26 21:39:26 | stm32f051c4 | table_15 | page=38 | Y=3.20 Serial wire debug port (SW-DP) | outline/toc=4 Pinouts and pin descriptions
2026-07-26 21:39:26 | stm32f051c4 | table_20 | page=47 | Y=6.3.1 General operating conditions | outline/toc=6.3.2 Operating conditions at power-up / power-down
2026-07-26 21:39:26 | stm32f051c4 | table_21 | page=48 | Y=6.3.2 Operating conditions at power-up / power-down | outline/toc=6.3.3 Embedded reset and power control block characteristics
2026-07-26 21:39:26 | stm32f051c4 | table_24 | page=49 | Y=6.3.4 Embedded reference voltage | outline/toc=6.3.5 Supply current characteristics
2026-07-26 21:39:26 | stm32f051c4 | table_32 | page=59 | Y=6.3.6 Wakeup time from low-power mode | outline/toc=6.3.7 External clock source characteristics
2026-07-26 21:39:26 | stm32f051c4 | table_39 | page=66 | Y=6.3.8 Internal clock source characteristics | outline/toc=6.3.10 Memory characteristics
2026-07-26 21:39:26 | stm32f051c4 | table_40 | page=66 | Y=6.3.9 PLL characteristics | outline/toc=6.3.10 Memory characteristics
2026-07-26 21:39:26 | stm32f051c4 | table_42 | page=67 | Y=6.3.10 Memory characteristics | outline/toc=6.3.11 EMC characteristics
2026-07-26 21:39:26 | stm32f051c4 | table_44 | page=68 | Y=6.3.11 EMC characteristics | outline/toc=6.3.12 Electrical sensitivity characteristics
2026-07-26 21:39:26 | stm32f051c4 | table_45 | page=69 | Y=6.3.12 Electrical sensitivity characteristics | outline/toc=6.3.13 I/O current injection characteristics
2026-07-26 21:39:26 | stm32f051c4 | table_46 | page=69 | Y=6.3.12 Electrical sensitivity characteristics | outline/toc=6.3.13 I/O current injection characteristics
2026-07-26 21:39:26 | stm32f051c4 | table_47 | page=70 | Y=6.3.13 I/O current injection characteristics | outline/toc=6.3.14 I/O port characteristics
2026-07-26 21:39:26 | stm32f051c4 | table_57 | page=84 | Y=6.3.19 Temperature sensor characteristics | outline/toc=6.3.21 Timer characteristics
2026-07-26 21:39:26 | stm32f051c4 | table_58 | page=84 | Y=6.3.20 V monitoring characteristics | outline/toc=6.3.21 Timer characteristics
2026-07-26 21:39:26 | stm32f051c4 | table_60 | page=85 | Y=6.3.21 Timer characteristics | outline/toc=6.3.22 Communication interfaces
2026-07-26 21:39:26 | stm32f051c4 | table_61 | page=85 | Y=6.3.21 Timer characteristics | outline/toc=6.3.22 Communication interfaces
2026-07-26 21:39:26 | stm32f051c4 | table_65 | page=91 | Y=7 Package information | outline/toc=7.1 UFBGA64 package information
2026-07-26 21:39:26 | stm32f051c4 | table_66 | page=92 | Y=7 Package information | outline/toc=7.1 UFBGA64 package information
2026-07-26 21:39:26 | stm32f051c4 | table_67 | page=94 | Y=7 Package information | outline/toc=7.2 LQFP64 package information
2026-07-26 21:39:26 | stm32f051c4 | table_68 | page=98 | Y=7 Package information | outline/toc=7.3 LQFP48 package information
2026-07-26 21:39:26 | stm32f051c4 | table_69 | page=101 | Y=7 Package information | outline/toc=7.4 UFQFPN48 package information
2026-07-26 21:39:26 | stm32f051c4 | table_70 | page=103 | Y=7 Package information | outline/toc=7.5 WLCSP36 package information
2026-07-26 21:39:26 | stm32f051c4 | table_71 | page=104 | Y=7 Package information | outline/toc=7.5 WLCSP36 package information
2026-07-26 21:39:26 | stm32f051c4 | table_72 | page=107 | Y=7 Package information | outline/toc=7.6 LQFP32 package information
2026-07-26 21:39:26 | stm32f051c4 | table_73 | page=110 | Y=7 Package information | outline/toc=7.7 UFQFPN32 package information
2026-07-26 21:39:26 | stm32f051c4 | table_74 | page=112 | Y=7.8 Thermal characteristics | outline/toc=7.8.2 Selecting the product temperature range
2026-07-26 21:39:30 | stm32c5a3cg | table_3 | page=14 | Y=3.12 Low-power direct memory access controller (LPDMA) | outline/toc=3.13.2 Extended interrupt and event controller (EXTI)
2026-07-26 21:39:30 | stm32c5a3cg | table_4 | page=18 | Y=3.17 Analog-to-digital converter (ADC) | outline/toc=3.18 Digital to analog converter (DAC)
2026-07-26 21:39:30 | stm32c5a3cg | table_5 | page=21 | Y=3.22 AES hardware accelerator (AES) | outline/toc=3.23 Secure AES coprocessor (SAES)
2026-07-26 21:39:30 | stm32c5a3cg | table_6 | page=22 | Y=3.23 Secure AES coprocessor (SAES) | outline/toc=3.24 HASH processor (HASH)
2026-07-26 21:39:30 | stm32c5a3cg | table_7 | page=24 | Y=3.26 Timers and watchdogs | outline/toc=3.26.1 Advanced-control timers (TIM1/TIM8)
2026-07-26 21:39:30 | stm32c5a3cg | table_8 | page=29 | Y=3.27.2 Tamper and backup registers (TAMP) | outline/toc=3.29 Improved inter-integrated circuit interface (I3C)
2026-07-26 21:39:30 | stm32c5a3cg | table_9 | page=31 | Y=3.27.2 Tamper and backup registers (TAMP) | outline/toc=3.29 Improved inter-integrated circuit interface (I3C)
2026-07-26 21:39:30 | stm32c5a3cg | table_10 | page=32 | Y=3.30 Universal synchronous/asynchronous receiver transmitter (USART/UART) and | outline/toc=3.30.1 Universal synchronous/asynchronous receiver transmitter (USART/UART)
2026-07-26 21:39:30 | stm32c5a3cg | table_11 | page=34 | Y=3.30.2 Low-power universal asynchronous receiver transmitter (LPUART) | outline/toc=3.31 Serial peripheral interface (SPI)/Inter-integrated sound interfaces (I2S)
2026-07-26 21:39:30 | stm32c5a3cg | table_17 | page=65 | Y=5.2 Absolute maximum ratings | outline/toc=5.3.1 General operating conditions
2026-07-26 21:39:30 | stm32c5a3cg | table_19 | page=66 | Y=5.3.2 Operating conditions at power-up/power-down | outline/toc=5.3.4 Inrush current and inrush electric charge characteristics
2026-07-26 21:39:30 | stm32c5a3cg | table_20 | page=66 | Y=5.3.3 Embedded reset and power control block characteristics | outline/toc=5.3.4 Inrush current and inrush electric charge characteristics
2026-07-26 21:39:30 | stm32c5a3cg | table_22 | page=67 | Y=5.3.5 Embedded voltage reference | outline/toc=5.3.6 Supply current characteristics
2026-07-26 21:39:30 | stm32c5a3cg | table_23 | page=67 | Y=5.3.5 Embedded voltage reference | outline/toc=5.3.6 Supply current characteristics
2026-07-26 21:39:30 | stm32c5a3cg | table_26 | page=69 | Y=5.3.6.2 Current consumption in Sleep mode | outline/toc=5.3.6 Supply current characteristics
2026-07-26 21:39:30 | stm32c5a3cg | table_27 | page=69 | Y=5.3.6.3 Current consumption in Stop mode | outline/toc=5.3.6 Supply current characteristics
2026-07-26 21:39:30 | stm32c5a3cg | table_28 | page=69 | Y=5.3.6.3 Current consumption in Stop mode | outline/toc=5.3.6 Supply current characteristics
2026-07-26 21:39:30 | stm32c5a3cg | table_31 | page=72 | Y=5.3.7 Wake-up time from low-power modes and voltage scaling transition times | outline/toc=5.3.8 External clock timing characteristics
2026-07-26 21:39:30 | stm32c5a3cg | table_32 | page=72 | Y=5.3.7 Wake-up time from low-power modes and voltage scaling transition times | outline/toc=5.3.8 External clock timing characteristics
2026-07-26 21:39:30 | stm32c5a3cg | table_39 | page=81 | Y=5.3.9.3 Low-speed internal (LSI) RC oscillator | outline/toc=5.3.10 Flash memory characteristics
2026-07-26 21:39:30 | stm32c5a3cg | table_44 | page=83 | Y=5.3.11 EMC characteristics | outline/toc=5.3.12 Electrical sensitivity characteristics
2026-07-26 21:39:30 | stm32c5a3cg | table_53 | page=90 | Y=5.3.16 Extended interrupt and event controller input (EXTI) characteristics | outline/toc=5.3.17 XSPI interface characteristics
2026-07-26 21:39:30 | stm32c5a3cg | table_60 | page=99 | Y=5.3.20 Temperature sensor characteristics | outline/toc=5.3.21 Digital-to-analog converter characteristics (DAC)
2026-07-26 21:39:30 | stm32c5a3cg | table_61 | page=99 | Y=5.3.20 Temperature sensor characteristics | outline/toc=5.3.21 Digital-to-analog converter characteristics (DAC)
2026-07-26 21:39:30 | stm32c5a3cg | table_63 | page=102 | Y=5.3.21 Digital-to-analog converter characteristics (DAC) | outline/toc=5.3.22 Comparator characteristics
2026-07-26 21:39:30 | stm32c5a3cg | table_66 | page=104 | Y=5.3.23 Timer characteristics | outline/toc=5.3.24 I3C interface characteristics
2026-07-26 21:39:30 | stm32c5a3cg | table_67 | page=104 | Y=5.3.23 Timer characteristics | outline/toc=5.3.24 I3C interface characteristics
2026-07-26 21:39:30 | stm32c5a3cg | table_68 | page=105 | Y=5.3.23 Timer characteristics | outline/toc=5.3.26 USART characteristics
2026-07-26 21:39:30 | stm32c5a3cg | table_71 | page=109 | Y=5.3.27 SPI characteristics | outline/toc=5.3.29 Ethernet interface characteristics
2026-07-26 21:39:30 | stm32c5a3cg | table_77 | page=115 | Y=6.1 Device marking | outline/toc=6.2 LQFP32 package information (5V)
2026-07-26 21:39:30 | stm32c5a3cg | table_78 | page=118 | Y=1.2 REF | outline/toc=6.3 UFQFPN32 package information (A0B8)
2026-07-26 21:39:30 | stm32c5a3cg | table_79 | page=118 | Y=1.2 REF | outline/toc=6.3 UFQFPN32 package information (A0B8)
2026-07-26 21:39:30 | stm32c5a3cg | table_80 | page=119 | Y=1.2 REF | outline/toc=6.3 UFQFPN32 package information (A0B8)
2026-07-26 21:39:30 | stm32c5a3cg | table_81 | page=121 | Y=1.2 REF | outline/toc=6.4 LQFP48 package information (5B)
2026-07-26 21:39:30 | stm32c5a3cg | table_82 | page=124 | Y=1.2 REF | outline/toc=6.5 UFQFPN48 package information (A0B9)
2026-07-26 21:39:30 | stm32c5a3cg | table_83 | page=126 | Y=1.2 REF | outline/toc=6.6 LQFP64 package information (5W)
2026-07-26 21:39:30 | stm32c5a3cg | table_84 | page=129 | Y=1.2 REF | outline/toc=6.7 LQFP80 package information (9X)
2026-07-26 21:39:30 | stm32c5a3cg | table_85 | page=132 | Y=1.2 REF | outline/toc=6.8 LQFP100 package information (1L)
2026-07-26 21:39:30 | stm32c5a3cg | table_86 | page=135 | Y=1.2 REF | outline/toc=6.9 LQFP144 package information (1A)
2026-07-26 21:39:30 | stm32c5a3cg | table_87 | page=137 | Y=6.10 Package thermal characteristics | outline/toc=6.10.1 Reference documents
2026-07-26 21:39:40 | stm32f071c8 | table_3 | page=18 | Y=3.10.1 Temperature sensor | outline/toc=3.10.2 Internal voltage reference (V )
2026-07-26 21:39:40 | stm32f071c8 | table_4 | page=19 | Y=3.10.2 Internal voltage reference (V ) | outline/toc=3.12 Comparators (COMP)
2026-07-26 21:39:40 | stm32f071c8 | table_6 | page=21 | Y=3.13 Touch sensing controller (TSC) | outline/toc=3.14 Timers and watchdogs
2026-07-26 21:39:41 | stm32f071c8 | table_8 | page=24 | Y=3.16 Inter-integrated circuit interface (I C) | outline/toc=3.16 Inter-integrated circuit interface (I2C)
2026-07-26 21:39:41 | stm32f071c8 | table_9 | page=25 | Y=3.16 Inter-integrated circuit interface (I C) | outline/toc=3.17 Universal synchronous/asynchronous receiver/transmitter (USART)
2026-07-26 21:39:41 | stm32f071c8 | table_12 | page=29 | Y=6 Reserved | outline/toc=4 Memory mapping
2026-07-26 21:39:41 | stm32f071c8 | table_24 | page=51 | Y=6.3.1 General operating conditions | outline/toc=6.3.2 Operating conditions at power-up / power-down
2026-07-26 21:39:41 | stm32f071c8 | table_25 | page=52 | Y=6.3.2 Operating conditions at power-up / power-down | outline/toc=6.3.3 Embedded reset and power control block characteristics
2026-07-26 21:39:41 | stm32f071c8 | table_28 | page=53 | Y=6.3.4 Embedded reference voltage | outline/toc=6.3.5 Supply current characteristics
2026-07-26 21:39:41 | stm32f071c8 | table_36 | page=64 | Y=6.3.6 Wakeup time from low-power mode | outline/toc=6.3.7 External clock source characteristics
2026-07-26 21:39:41 | stm32f071c8 | table_44 | page=72 | Y=6.3.8 Internal clock source characteristics | outline/toc=6.3.10 Memory characteristics
2026-07-26 21:39:41 | stm32f071c8 | table_45 | page=72 | Y=6.3.9 PLL characteristics | outline/toc=6.3.10 Memory characteristics
2026-07-26 21:39:41 | stm32f071c8 | table_47 | page=73 | Y=6.3.10 Memory characteristics | outline/toc=6.3.11 EMC characteristics
2026-07-26 21:39:41 | stm32f071c8 | table_49 | page=74 | Y=6.3.11 EMC characteristics | outline/toc=6.3.12 Electrical sensitivity characteristics
2026-07-26 21:39:41 | stm32f071c8 | table_50 | page=75 | Y=6.3.12 Electrical sensitivity characteristics | outline/toc=6.3.13 I/O current injection characteristics
2026-07-26 21:39:41 | stm32f071c8 | table_51 | page=75 | Y=6.3.12 Electrical sensitivity characteristics | outline/toc=6.3.13 I/O current injection characteristics
2026-07-26 21:39:41 | stm32f071c8 | table_52 | page=76 | Y=6.3.13 I/O current injection characteristics | outline/toc=6.3.14 I/O port characteristics
2026-07-26 21:39:41 | stm32f071c8 | table_62 | page=90 | Y=6.3.19 Temperature sensor characteristics | outline/toc=6.3.21 Timer characteristics
2026-07-26 21:39:41 | stm32f071c8 | table_63 | page=90 | Y=6.3.20 V monitoring characteristics | outline/toc=6.3.21 Timer characteristics
2026-07-26 21:39:41 | stm32f071c8 | table_65 | page=91 | Y=6.3.21 Timer characteristics | outline/toc=6.3.22 Communication interfaces
2026-07-26 21:39:41 | stm32f071c8 | table_66 | page=91 | Y=6.3.21 Timer characteristics | outline/toc=6.3.22 Communication interfaces
2026-07-26 21:39:41 | stm32f071c8 | table_70 | page=97 | Y=7 Package information | outline/toc=7.1 UFBGA100 package information
2026-07-26 21:39:41 | stm32f071c8 | table_71 | page=98 | Y=7 Package information | outline/toc=7.1 UFBGA100 package information
2026-07-26 21:39:41 | stm32f071c8 | table_72 | page=100 | Y=7 Package information | outline/toc=7.2 LQFP100 package information
2026-07-26 21:39:41 | stm32f071c8 | table_73 | page=103 | Y=7 Package information | outline/toc=7.3 LQFP64 package information
2026-07-26 21:39:41 | stm32f071c8 | table_74 | page=107 | Y=7 Package information | outline/toc=7.4 WLCSP49 package information
2026-07-26 21:39:41 | stm32f071c8 | table_75 | page=110 | Y=7 Package information | outline/toc=7.5 LQFP48 package information
2026-07-26 21:39:41 | stm32f071c8 | table_76 | page=113 | Y=7 Package information | outline/toc=7.6 UFQFPN48 package information
2026-07-26 21:39:41 | stm32f071c8 | table_77 | page=115 | Y=7.7 Thermal characteristics | outline/toc=7.7.2 Selecting the product temperature range
2026-07-26 21:39:49 | stm32f101c4 | table_6 | page=31 | Y=5.2 Absolute maximum ratings | outline/toc=5.3.1 General operating conditions
2026-07-26 21:39:49 | stm32f101c4 | table_7 | page=31 | Y=5.2 Absolute maximum ratings | outline/toc=5.3.1 General operating conditions
2026-07-26 21:39:49 | stm32f101c4 | table_9 | page=32 | Y=5.3.2 Operating conditions at power-up / power-down | outline/toc=5.3.3 Embedded reset and power control block characteristics
2026-07-26 21:39:49 | stm32f101c4 | table_11 | page=34 | Y=5.3.4 Embedded reference voltage | outline/toc=5.3.5 Supply current characteristics
2026-07-26 21:39:49 | stm32f101c4 | table_16 | page=40 | Y=3.3 V and | outline/toc=5.3.5 Supply current characteristics
2026-07-26 21:39:49 | stm32f101c4 | table_17 | page=41 | Y=3.3 V and | outline/toc=5.3.5 Supply current characteristics
2026-07-26 21:39:49 | stm32f101c4 | table_18 | page=42 | Y=3.3 V and | outline/toc=5.3.6 External clock source characteristics
2026-07-26 21:39:49 | stm32f101c4 | table_24 | page=48 | Y=5.3.7 Internal clock source characteristics | outline/toc=5.3.8 PLL characteristics
2026-07-26 21:39:49 | stm32f101c4 | table_25 | page=48 | Y=5.3.7 Internal clock source characteristics | outline/toc=5.3.8 PLL characteristics
2026-07-26 21:39:49 | stm32f101c4 | table_27 | page=49 | Y=5.3.9 Memory characteristics | outline/toc=5.3.10 EMC characteristics
2026-07-26 21:39:49 | stm32f101c4 | table_30 | page=51 | Y=5.3.11 Absolute maximum ratings (electrical sensitivity) | outline/toc=5.3.12 I/O current injection characteristics
2026-07-26 21:39:49 | stm32f101c4 | table_31 | page=51 | Y=5.3.11 Absolute maximum ratings (electrical sensitivity) | outline/toc=5.3.12 I/O current injection characteristics
2026-07-26 21:39:49 | stm32f101c4 | table_37 | page=60 | Y=5.3.15 TIM timer characteristics | outline/toc=5.3.16 Communications interfaces
2026-07-26 21:39:49 | stm32f101c4 | table_46 | page=72 | Y=6.1 Package mechanical data | outline/toc=6.2 VFQFPN36 package information
2026-07-26 21:39:49 | stm32f101c4 | table_47 | page=75 | Y=6.1 Package mechanical data | outline/toc=6.3 LQFP64 package information
2026-07-26 21:39:49 | stm32f101c4 | table_48 | page=79 | Y=6.1 Package mechanical data | outline/toc=6.4 LQFP48 package information
2026-07-26 21:39:49 | stm32f101c4 | table_49 | page=82 | Y=6.5 Thermal characteristics | outline/toc=6.5.1 Reference document
2026-07-26 21:39:49 | stm32f101c4 | table_51 | page=85 | Y=7 Ordering information scheme | outline/toc=8 Revision history
2026-07-26 21:39:51 | stm32f072c8 | table_3 | page=18 | Y=3.10.1 Temperature sensor | outline/toc=3.10.2 Internal voltage reference (V )
2026-07-26 21:39:51 | stm32f072c8 | table_4 | page=19 | Y=3.10.2 Internal voltage reference (V ) | outline/toc=3.12 Comparators (COMP)
2026-07-26 21:39:51 | stm32f072c8 | table_6 | page=21 | Y=3.13 Touch sensing controller (TSC) | outline/toc=3.14 Timers and watchdogs
2026-07-26 21:39:51 | stm32f072c8 | table_8 | page=24 | Y=3.16 Inter-integrated circuit interface (I C) | outline/toc=3.16 Inter-integrated circuit interface (I2C)
2026-07-26 21:39:51 | stm32f072c8 | table_9 | page=25 | Y=3.16 Inter-integrated circuit interface (I C) | outline/toc=3.17 Universal synchronous/asynchronous receiver/transmitter (USART)
2026-07-26 21:39:51 | stm32f072c8 | table_12 | page=29 | Y=6 Reserved | outline/toc=4 Memory mapping
2026-07-26 21:39:51 | stm32f072c8 | table_25 | page=54 | Y=6.3.2 Operating conditions at power-up / power-down | outline/toc=6.3.3 Embedded reset and power control block characteristics
2026-07-26 21:39:51 | stm32f072c8 | table_28 | page=55 | Y=6.3.4 Embedded reference voltage | outline/toc=6.3.5 Supply current characteristics
2026-07-26 21:39:51 | stm32f072c8 | table_36 | page=66 | Y=6.3.6 Wakeup time from low-power mode | outline/toc=6.3.7 External clock source characteristics
2026-07-26 21:39:51 | stm32f072c8 | table_44 | page=74 | Y=6.3.8 Internal clock source characteristics | outline/toc=6.3.10 Memory characteristics
2026-07-26 21:39:51 | stm32f072c8 | table_45 | page=74 | Y=6.3.9 PLL characteristics | outline/toc=6.3.10 Memory characteristics
2026-07-26 21:39:51 | stm32f072c8 | table_47 | page=75 | Y=6.3.10 Memory characteristics | outline/toc=6.3.11 EMC characteristics
2026-07-26 21:39:51 | stm32f072c8 | table_49 | page=76 | Y=6.3.11 EMC characteristics | outline/toc=6.3.12 Electrical sensitivity characteristics
2026-07-26 21:39:51 | stm32f072c8 | table_50 | page=77 | Y=6.3.12 Electrical sensitivity characteristics | outline/toc=6.3.13 I/O current injection characteristics
2026-07-26 21:39:51 | stm32f072c8 | table_51 | page=77 | Y=6.3.12 Electrical sensitivity characteristics | outline/toc=6.3.13 I/O current injection characteristics
2026-07-26 21:39:51 | stm32f072c8 | table_52 | page=78 | Y=6.3.13 I/O current injection characteristics | outline/toc=6.3.14 I/O port characteristics
2026-07-26 21:39:51 | stm32f072c8 | table_62 | page=92 | Y=6.3.19 Temperature sensor characteristics | outline/toc=6.3.21 Timer characteristics
2026-07-26 21:39:51 | stm32f072c8 | table_63 | page=92 | Y=6.3.20 V monitoring characteristics | outline/toc=6.3.21 Timer characteristics
2026-07-26 21:39:51 | stm32f072c8 | table_65 | page=93 | Y=6.3.21 Timer characteristics | outline/toc=6.3.22 Communication interfaces
2026-07-26 21:39:51 | stm32f072c8 | table_66 | page=93 | Y=6.3.21 Timer characteristics | outline/toc=6.3.22 Communication interfaces
2026-07-26 21:39:51 | stm32f072c8 | table_71 | page=100 | Y=7 Package information | outline/toc=7.1 UFBGA100 package information
2026-07-26 21:39:51 | stm32f072c8 | table_72 | page=101 | Y=7 Package information | outline/toc=7.1 UFBGA100 package information
2026-07-26 21:39:51 | stm32f072c8 | table_73 | page=103 | Y=7 Package information | outline/toc=7.2 LQFP100 package information
2026-07-26 21:39:51 | stm32f072c8 | table_74 | page=106 | Y=7 Package information | outline/toc=7.3 UFBGA64 package information
2026-07-26 21:39:51 | stm32f072c8 | table_75 | page=107 | Y=7 Package information | outline/toc=7.3 UFBGA64 package information
2026-07-26 21:39:51 | stm32f072c8 | table_76 | page=109 | Y=7 Package information | outline/toc=7.4 LQFP64 package information
2026-07-26 21:39:51 | stm32f072c8 | table_77 | page=113 | Y=7 Package information | outline/toc=7.5 WLCSP49 package information
2026-07-26 21:39:51 | stm32f072c8 | table_78 | page=116 | Y=7 Package information | outline/toc=7.6 LQFP48 package information
2026-07-26 21:39:51 | stm32f072c8 | table_79 | page=119 | Y=7 Package information | outline/toc=7.7 UFQFPN48 package information
2026-07-26 21:39:51 | stm32f072c8 | table_80 | page=121 | Y=7.8 Thermal characteristics | outline/toc=7.8.2 Selecting the product temperature range
2026-07-26 21:39:52 | stm32f100c4 | table_6 | page=34 | Y=5.2 Absolute maximum ratings | outline/toc=5.3.1 General operating conditions
2026-07-26 21:39:52 | stm32f100c4 | table_7 | page=34 | Y=5.2 Absolute maximum ratings | outline/toc=5.3.1 General operating conditions
2026-07-26 21:39:52 | stm32f100c4 | table_9 | page=35 | Y=5.3.2 Operating conditions at power-up / power-down | outline/toc=5.3.3 Embedded reset and power control block characteristics
2026-07-26 21:39:52 | stm32f100c4 | table_11 | page=37 | Y=5.3.4 Embedded reference voltage | outline/toc=5.3.5 Supply current characteristics
2026-07-26 21:39:52 | stm32f100c4 | table_22 | page=49 | Y=8 MHz | outline/toc=5.3.6 External clock source characteristics
2026-07-26 21:39:52 | stm32f100c4 | table_30 | page=55 | Y=5.3.10 EMC characteristics | outline/toc=5.3.11 Absolute maximum ratings (electrical sensitivity)
2026-07-26 21:39:52 | stm32f100c4 | table_48 | page=77 | Y=6 Package information | outline/toc=6.1 LQFP100 package information
2026-07-26 21:39:52 | stm32f100c4 | table_49 | page=80 | Y=6 Package information | outline/toc=6.2 LQFP64 package information
2026-07-26 21:39:52 | stm32f100c4 | table_50 | page=83 | Y=6 Package information | outline/toc=6.3 TFBGA64 package information
2026-07-26 21:39:52 | stm32f100c4 | table_51 | page=84 | Y=6 Package information | outline/toc=6.3 TFBGA64 package information
2026-07-26 21:39:52 | stm32f100c4 | table_52 | page=86 | Y=6 Package information | outline/toc=6.4 LQFP48 package information
2026-07-26 21:39:52 | stm32f100c4 | table_53 | page=89 | Y=6.5 Thermal characteristics | outline/toc=6.5.1 Reference document
2026-07-26 21:39:52 | stm32f100c4 | table_55 | page=93 | Y=7 Ordering information scheme | outline/toc=8 Revision history
2026-07-26 21:39:57 | stm32f102c4 | table_3 | page=13 | Y=2.2 Full compatibility throughout the family | outline/toc=2.3 Overview
2026-07-26 21:39:57 | stm32f102c4 | table_8 | page=29 | Y=5.3.1 General operating conditions | outline/toc=5.3.2 Operating conditions at power-up / power-down
2026-07-26 21:39:57 | stm32f102c4 | table_10 | page=30 | Y=5.3.3 Embedded reset and power control block characteristics | outline/toc=5.3.4 Embedded reference voltage
2026-07-26 21:39:57 | stm32f102c4 | table_11 | page=31 | Y=5.3.4 Embedded reference voltage | outline/toc=5.3.5 Supply current characteristics
2026-07-26 21:39:57 | stm32f102c4 | table_24 | page=45 | Y=5.3.7 Internal clock source characteristics | outline/toc=5.3.8 PLL characteristics
2026-07-26 21:39:57 | stm32f102c4 | table_25 | page=45 | Y=5.3.7 Internal clock source characteristics | outline/toc=5.3.8 PLL characteristics
2026-07-26 21:39:57 | stm32f102c4 | table_26 | page=46 | Y=5.3.8 PLL characteristics | outline/toc=5.3.9 Memory characteristics
2026-07-26 21:39:57 | stm32f102c4 | table_30 | page=48 | Y=5.3.10 EMC characteristics | outline/toc=5.3.11 Absolute maximum ratings (electrical sensitivity)
2026-07-26 21:39:57 | stm32f102c4 | table_33 | page=49 | Y=5.3.12 I/O current injection characteristics | outline/toc=5.3.13 I/O port characteristics
2026-07-26 21:39:57 | stm32f102c4 | table_38 | page=57 | Y=5.3.15 TIM timer characteristics | outline/toc=5.3.16 Communications interfaces
2026-07-26 21:39:57 | stm32f102c4 | table_50 | page=69 | Y=5.3.18 Temperature sensor characteristics | outline/toc=6.1 LQFP48 package information
2026-07-26 21:39:57 | stm32f102c4 | table_51 | page=71 | Y=5.3.18 Temperature sensor characteristics | outline/toc=6.2 LQFP64 package information
2026-07-26 21:39:57 | stm32f102c4 | table_52 | page=74 | Y=6.3 Thermal characteristics | outline/toc=6.4 Reference document
2026-07-26 21:39:57 | stm32f102c4 | table_53 | page=77 | Y=6.4.1 Evaluating the maximum junction temperature for an application | outline/toc=8 Revision history
2026-07-26 21:39:57 | stm32f078cb | table_2 | page=18 | Y=3.10.1 Temperature sensor | outline/toc=3.10.2 Internal voltage reference (V )
2026-07-26 21:39:57 | stm32f078cb | table_6 | page=21 | Y=3.14 Timers and watchdogs | outline/toc=3.14.1 Advanced-control timer (TIM1)
2026-07-26 21:39:57 | stm32f078cb | table_7 | page=24 | Y=3.16 Inter-integrated circuit interface (I C) | outline/toc=3.16 Inter-integrated circuit interface (I2C)
2026-07-26 21:39:57 | stm32f078cb | table_8 | page=25 | Y=3.16 Inter-integrated circuit interface (I C) | outline/toc=3.17 Universal synchronous/asynchronous receiver/transmitter (USART)
2026-07-26 21:39:57 | stm32f078cb | table_11 | page=29 | Y=6 Reserved | outline/toc=4 Memory mapping
2026-07-26 21:39:57 | stm32f078cb | table_24 | page=54 | Y=6.3.2 Operating conditions at power-up / power-down | outline/toc=6.3.4 Supply current characteristics
2026-07-26 21:39:57 | stm32f078cb | table_25 | page=54 | Y=6.3.3 Embedded reference voltage | outline/toc=6.3.4 Supply current characteristics
2026-07-26 21:39:57 | stm32f078cb | table_33 | page=63 | Y=6.3.5 Wakeup time from low-power mode | outline/toc=6.3.6 External clock source characteristics
2026-07-26 21:39:57 | stm32f078cb | table_41 | page=71 | Y=6.3.7 Internal clock source characteristics | outline/toc=6.3.9 Memory characteristics
2026-07-26 21:39:57 | stm32f078cb | table_42 | page=71 | Y=6.3.8 PLL characteristics | outline/toc=6.3.9 Memory characteristics
2026-07-26 21:39:57 | stm32f078cb | table_44 | page=72 | Y=6.3.9 Memory characteristics | outline/toc=6.3.10 EMC characteristics
2026-07-26 21:39:57 | stm32f078cb | table_46 | page=73 | Y=6.3.10 EMC characteristics | outline/toc=6.3.11 Electrical sensitivity characteristics
2026-07-26 21:39:57 | stm32f078cb | table_47 | page=74 | Y=6.3.11 Electrical sensitivity characteristics | outline/toc=6.3.12 I/O current injection characteristics
2026-07-26 21:39:57 | stm32f078cb | table_48 | page=74 | Y=6.3.11 Electrical sensitivity characteristics | outline/toc=6.3.12 I/O current injection characteristics
2026-07-26 21:39:57 | stm32f078cb | table_49 | page=75 | Y=6.3.12 I/O current injection characteristics | outline/toc=6.3.13 I/O port characteristics
2026-07-26 21:39:57 | stm32f078cb | table_60 | page=90 | Y=6.3.18 Temperature sensor characteristics | outline/toc=6.3.20 Timer characteristics
2026-07-26 21:39:57 | stm32f078cb | table_61 | page=90 | Y=6.3.19 V monitoring characteristics | outline/toc=6.3.20 Timer characteristics
2026-07-26 21:39:57 | stm32f078cb | table_63 | page=91 | Y=6.3.20 Timer characteristics | outline/toc=6.3.21 Communication interfaces
2026-07-26 21:39:57 | stm32f078cb | table_64 | page=91 | Y=6.3.20 Timer characteristics | outline/toc=6.3.21 Communication interfaces
2026-07-26 21:39:57 | stm32f078cb | table_69 | page=98 | Y=7 Package information | outline/toc=7.1 UFBGA100 package information
2026-07-26 21:39:57 | stm32f078cb | table_70 | page=99 | Y=7 Package information | outline/toc=7.1 UFBGA100 package information
2026-07-26 21:39:57 | stm32f078cb | table_71 | page=101 | Y=7 Package information | outline/toc=7.2 LQFP100 package information
2026-07-26 21:39:57 | stm32f078cb | table_72 | page=104 | Y=7 Package information | outline/toc=7.3 UFBGA64 package information
2026-07-26 21:39:57 | stm32f078cb | table_73 | page=105 | Y=7 Package information | outline/toc=7.3 UFBGA64 package information
2026-07-26 21:39:57 | stm32f078cb | table_74 | page=107 | Y=7 Package information | outline/toc=7.4 LQFP64 package information
2026-07-26 21:39:57 | stm32f078cb | table_75 | page=111 | Y=7 Package information | outline/toc=7.5 WLCSP49 package information
2026-07-26 21:39:57 | stm32f078cb | table_76 | page=114 | Y=7 Package information | outline/toc=7.6 LQFP48 package information
2026-07-26 21:39:57 | stm32f078cb | table_77 | page=117 | Y=7 Package information | outline/toc=7.7 UFQFPN48 package information
2026-07-26 21:39:57 | stm32f078cb | table_78 | page=119 | Y=7.8 Thermal characteristics | outline/toc=7.8.2 Selecting the product temperature range
2026-07-26 21:39:59 | stm32f101c8 | table_6 | page=33 | Y=5.2 Absolute maximum ratings | outline/toc=5.3.1 General operating conditions
2026-07-26 21:39:59 | stm32f101c8 | table_7 | page=33 | Y=5.2 Absolute maximum ratings | outline/toc=5.3.1 General operating conditions
2026-07-26 21:39:59 | stm32f101c8 | table_9 | page=34 | Y=5.3.2 Operating conditions at power-up / power-down | outline/toc=5.3.3 Embedded reset and power control block characteristics
2026-07-26 21:39:59 | stm32f101c8 | table_11 | page=36 | Y=5.3.4 Embedded reference voltage | outline/toc=5.3.5 Supply current characteristics
2026-07-26 21:39:59 | stm32f101c8 | table_16 | page=42 | Y=3.3 V and | outline/toc=5.3.5 Supply current characteristics
2026-07-26 21:39:59 | stm32f101c8 | table_17 | page=43 | Y=3.3 V and | outline/toc=5.3.5 Supply current characteristics
2026-07-26 21:39:59 | stm32f101c8 | table_18 | page=44 | Y=3.3 V and | outline/toc=5.3.6 External clock source characteristics
2026-07-26 21:39:59 | stm32f101c8 | table_24 | page=50 | Y=5.3.7 Internal clock source characteristics | outline/toc=5.3.8 PLL characteristics
2026-07-26 21:39:59 | stm32f101c8 | table_25 | page=50 | Y=5.3.7 Internal clock source characteristics | outline/toc=5.3.8 PLL characteristics
2026-07-26 21:39:59 | stm32f101c8 | table_27 | page=51 | Y=5.3.9 Memory characteristics | outline/toc=5.3.10 EMC characteristics
2026-07-26 21:40:00 | stm32f101c8 | table_30 | page=53 | Y=5.3.11 Absolute maximum ratings (electrical sensitivity) | outline/toc=5.3.12 I/O current injection characteristics
2026-07-26 21:40:00 | stm32f101c8 | table_31 | page=53 | Y=5.3.11 Absolute maximum ratings (electrical sensitivity) | outline/toc=5.3.12 I/O current injection characteristics
2026-07-26 21:40:00 | stm32f101c8 | table_37 | page=62 | Y=5.3.15 TIM timer characteristics | outline/toc=5.3.16 Communications interfaces
2026-07-26 21:40:00 | stm32f101c8 | table_46 | page=74 | Y=6.1 Package mechanical data | outline/toc=6.2 UFQFPN48 package information
2026-07-26 21:40:00 | stm32f101c8 | table_47 | page=77 | Y=6.1 Package mechanical data | outline/toc=6.3 VFQFPN36 package information
2026-07-26 21:40:00 | stm32f101c8 | table_48 | page=80 | Y=6.1 Package mechanical data | outline/toc=6.4 LQFP100 package information
2026-07-26 21:40:00 | stm32f101c8 | table_49 | page=83 | Y=6.1 Package mechanical data | outline/toc=6.5 LQFP64 package information
2026-07-26 21:40:00 | stm32f101c8 | table_50 | page=87 | Y=6.1 Package mechanical data | outline/toc=6.6 LQFP48 package information
2026-07-26 21:40:00 | stm32f101c8 | table_51 | page=90 | Y=6.7 Thermal characteristics | outline/toc=6.7.1 Reference document
2026-07-26 21:40:00 | stm32f101c8 | table_53 | page=94 | Y=7 Ordering information scheme | outline/toc=8 Revision history
2026-07-26 21:40:02 | stm32f098cc | table_2 | page=18 | Y=3.10.1 Temperature sensor | outline/toc=3.10.2 Internal voltage reference (V )
2026-07-26 21:40:02 | stm32f098cc | table_6 | page=21 | Y=3.14 Timers and watchdogs | outline/toc=3.14.1 Advanced-control timer (TIM1)
2026-07-26 21:40:02 | stm32f098cc | table_7 | page=24 | Y=3.16 Inter-integrated circuit interface (I C) | outline/toc=3.16 Inter-integrated circuit interface (I2C)
2026-07-26 21:40:02 | stm32f098cc | table_8 | page=25 | Y=3.16 Inter-integrated circuit interface (I C) | outline/toc=3.17 Universal synchronous/asynchronous receiver/transmitter (USART)
2026-07-26 21:40:02 | stm32f098cc | table_19 | page=47 | Y=6 Reserved | outline/toc=5 Memory mapping
2026-07-26 21:40:02 | stm32f098cc | table_23 | page=55 | Y=6.3.1 General operating conditions | outline/toc=6.3.2 Operating conditions at power-up / power-down
2026-07-26 21:40:02 | stm32f098cc | table_24 | page=56 | Y=6.3.2 Operating conditions at power-up / power-down | outline/toc=6.3.4 Supply current characteristics
2026-07-26 21:40:02 | stm32f098cc | table_25 | page=56 | Y=6.3.3 Embedded reference voltage | outline/toc=6.3.4 Supply current characteristics
2026-07-26 21:40:02 | stm32f098cc | table_33 | page=66 | Y=6.3.5 Wakeup time from low-power mode | outline/toc=6.3.6 External clock source characteristics
2026-07-26 21:40:02 | stm32f098cc | table_41 | page=74 | Y=6.3.7 Internal clock source characteristics | outline/toc=6.3.9 Memory characteristics
2026-07-26 21:40:02 | stm32f098cc | table_42 | page=74 | Y=6.3.8 PLL characteristics | outline/toc=6.3.9 Memory characteristics
2026-07-26 21:40:02 | stm32f098cc | table_44 | page=75 | Y=6.3.9 Memory characteristics | outline/toc=6.3.10 EMC characteristics
2026-07-26 21:40:02 | stm32f098cc | table_46 | page=76 | Y=6.3.10 EMC characteristics | outline/toc=6.3.11 Electrical sensitivity characteristics
2026-07-26 21:40:03 | stm32f098cc | table_47 | page=77 | Y=6.3.11 Electrical sensitivity characteristics | outline/toc=6.3.12 I/O current injection characteristics
2026-07-26 21:40:03 | stm32f098cc | table_48 | page=77 | Y=6.3.11 Electrical sensitivity characteristics | outline/toc=6.3.12 I/O current injection characteristics
2026-07-26 21:40:03 | stm32f098cc | table_49 | page=78 | Y=6.3.12 I/O current injection characteristics | outline/toc=6.3.13 I/O port characteristics
2026-07-26 21:40:03 | stm32f098cc | table_60 | page=93 | Y=6.3.18 Temperature sensor characteristics | outline/toc=6.3.20 Timer characteristics
2026-07-26 21:40:03 | stm32f098cc | table_61 | page=93 | Y=6.3.19 V monitoring characteristics | outline/toc=6.3.20 Timer characteristics
2026-07-26 21:40:03 | stm32f098cc | table_63 | page=94 | Y=6.3.20 Timer characteristics | outline/toc=6.3.21 Communication interfaces
2026-07-26 21:40:03 | stm32f098cc | table_64 | page=94 | Y=6.3.20 Timer characteristics | outline/toc=6.3.21 Communication interfaces
2026-07-26 21:40:03 | stm32f098cc | table_68 | page=100 | Y=7 Package information | outline/toc=7.1 UFBGA100 package information
2026-07-26 21:40:03 | stm32f098cc | table_69 | page=101 | Y=7 Package information | outline/toc=7.1 UFBGA100 package information
2026-07-26 21:40:03 | stm32f098cc | table_70 | page=103 | Y=7 Package information | outline/toc=7.2 LQFP100 package information
2026-07-26 21:40:03 | stm32f098cc | table_71 | page=106 | Y=7 Package information | outline/toc=7.3 UFBGA64 package information
2026-07-26 21:40:03 | stm32f098cc | table_72 | page=107 | Y=7 Package information | outline/toc=7.3 UFBGA64 package information
2026-07-26 21:40:03 | stm32f098cc | table_73 | page=109 | Y=7 Package information | outline/toc=7.4 WLCSP64 package information
2026-07-26 21:40:03 | stm32f098cc | table_74 | page=110 | Y=7 Package information | outline/toc=7.4 WLCSP64 package information
2026-07-26 21:40:03 | stm32f098cc | table_75 | page=112 | Y=7 Package information | outline/toc=7.5 LQFP64 package information
2026-07-26 21:40:03 | stm32f098cc | table_76 | page=116 | Y=7 Package information | outline/toc=7.6 LQFP48 package information
2026-07-26 21:40:03 | stm32f098cc | table_77 | page=119 | Y=7 Package information | outline/toc=7.7 UFQFPN48 package information
2026-07-26 21:40:03 | stm32f098cc | table_78 | page=121 | Y=7.8 Thermal characteristics | outline/toc=7.8.2 Selecting the product temperature range
2026-07-26 21:40:03 | stm32f098cc | table_79 | page=124 | Y=7.8.2 Selecting the product temperature range | outline/toc=8 Ordering information
2026-07-26 21:40:03 | stm32f100rc | table_7 | page=38 | Y=5.2 Absolute maximum ratings | outline/toc=5.3.1 General operating conditions
2026-07-26 21:40:03 | stm32f100rc | table_8 | page=38 | Y=5.2 Absolute maximum ratings | outline/toc=5.3.1 General operating conditions
2026-07-26 21:40:03 | stm32f100rc | table_12 | page=41 | Y=5.3.4 Embedded reference voltage | outline/toc=5.3.5 Supply current characteristics
2026-07-26 21:40:03 | stm32f100rc | table_26 | page=55 | Y=5.3.7 Internal clock source characteristics | outline/toc=5.3.9 Memory characteristics
2026-07-26 21:40:03 | stm32f100rc | table_27 | page=55 | Y=5.3.8 PLL characteristics | outline/toc=5.3.9 Memory characteristics
2026-07-26 21:40:03 | stm32f100rc | table_28 | page=56 | Y=5.3.9 Memory characteristics | outline/toc=5.3.10 FSMC characteristics
2026-07-26 21:40:03 | stm32f100rc | table_29 | page=56 | Y=5.3.9 Memory characteristics | outline/toc=5.3.10 FSMC characteristics
2026-07-26 21:40:03 | stm32f100rc | table_39 | page=69 | Y=5.3.11 EMC characteristics | outline/toc=5.3.12 Absolute maximum ratings (electrical sensitivity)
2026-07-26 21:40:03 | stm32f100rc | table_47 | page=78 | Y=5.3.16 TIMx characteristics | outline/toc=5.3.17 Communications interfaces
2026-07-26 21:40:03 | stm32f100rc | table_57 | page=92 | Y=6 Package information | outline/toc=6.1 LQFP144 package information
2026-07-26 21:40:03 | stm32f100rc | table_58 | page=95 | Y=6 Package information | outline/toc=6.2 LQFP100 package information
2026-07-26 21:40:03 | stm32f100rc | table_59 | page=98 | Y=6 Package information | outline/toc=6.3 LQFP64 package information
2026-07-26 21:40:03 | stm32f100rc | table_60 | page=101 | Y=6.4 Thermal characteristics | outline/toc=6.4.1 Reference document
2026-07-26 21:40:04 | stm32f102c8 | table_3 | page=13 | Y=2.2 Full compatibility throughout the family | outline/toc=2.3 Overview
2026-07-26 21:40:04 | stm32f102c8 | table_8 | page=29 | Y=5.3.1 General operating conditions | outline/toc=5.3.2 Operating conditions at power-up / power-down
2026-07-26 21:40:04 | stm32f102c8 | table_10 | page=30 | Y=5.3.3 Embedded reset and power control block characteristics | outline/toc=5.3.4 Embedded reference voltage
2026-07-26 21:40:04 | stm32f102c8 | table_11 | page=31 | Y=5.3.4 Embedded reference voltage | outline/toc=5.3.5 Supply current characteristics
2026-07-26 21:40:04 | stm32f102c8 | table_24 | page=46 | Y=5.3.7 Internal clock source characteristics | outline/toc=5.3.8 PLL characteristics
2026-07-26 21:40:04 | stm32f102c8 | table_25 | page=46 | Y=5.3.7 Internal clock source characteristics | outline/toc=5.3.8 PLL characteristics
2026-07-26 21:40:04 | stm32f102c8 | table_26 | page=47 | Y=5.3.8 PLL characteristics | outline/toc=5.3.9 Memory characteristics
2026-07-26 21:40:04 | stm32f102c8 | table_30 | page=49 | Y=5.3.10 EMC characteristics | outline/toc=5.3.11 Absolute maximum ratings (electrical sensitivity)
2026-07-26 21:40:04 | stm32f102c8 | table_33 | page=50 | Y=5.3.12 I/O current injection characteristics | outline/toc=5.3.13 I/O port characteristics
2026-07-26 21:40:04 | stm32f102c8 | table_38 | page=58 | Y=5.3.15 TIM timer characteristics | outline/toc=5.3.16 Communications interfaces
2026-07-26 21:40:04 | stm32f102c8 | table_50 | page=70 | Y=6 Package characteristics | outline/toc=6.1 LQFP48 package information
2026-07-26 21:40:04 | stm32f102c8 | table_51 | page=72 | Y=6 Package characteristics | outline/toc=6.2 LQFP64 package information
2026-07-26 21:40:04 | stm32f102c8 | table_52 | page=75 | Y=6.3 Thermal characteristics | outline/toc=6.4 Reference document
2026-07-26 21:40:04 | stm32f102c8 | table_53 | page=78 | Y=7 Ordering information scheme | outline/toc=8 Revision history
2026-07-26 21:40:04 | stm32f091cb | table_3 | page=18 | Y=3.10.1 Temperature sensor | outline/toc=3.10.2 Internal voltage reference (V )
2026-07-26 21:40:04 | stm32f091cb | table_4 | page=19 | Y=3.10.2 Internal voltage reference (V ) | outline/toc=3.12 Comparators (COMP)
2026-07-26 21:40:04 | stm32f091cb | table_6 | page=21 | Y=3.13 Touch sensing controller (TSC) | outline/toc=3.14 Timers and watchdogs
2026-07-26 21:40:04 | stm32f091cb | table_8 | page=24 | Y=3.16 Inter-integrated circuit interface (I C) | outline/toc=3.16 Inter-integrated circuit interface (I2C)
2026-07-26 21:40:04 | stm32f091cb | table_9 | page=25 | Y=3.16 Inter-integrated circuit interface (I C) | outline/toc=3.17 Universal synchronous/asynchronous receiver/transmitter (USART)
2026-07-26 21:40:05 | stm32f091cb | table_24 | page=54 | Y=6.3.1 General operating conditions | outline/toc=6.3.2 Operating conditions at power-up / power-down
2026-07-26 21:40:05 | stm32f091cb | table_25 | page=55 | Y=6.3.2 Operating conditions at power-up / power-down | outline/toc=6.3.3 Embedded reset and power control block characteristics
2026-07-26 21:40:05 | stm32f091cb | table_28 | page=56 | Y=6.3.4 Embedded reference voltage | outline/toc=6.3.5 Supply current characteristics
2026-07-26 21:40:05 | stm32f091cb | table_36 | page=67 | Y=6.3.6 Wakeup time from low-power mode | outline/toc=6.3.7 External clock source characteristics
2026-07-26 21:40:05 | stm32f091cb | table_44 | page=75 | Y=6.3.8 Internal clock source characteristics | outline/toc=6.3.10 Memory characteristics
2026-07-26 21:40:05 | stm32f091cb | table_45 | page=75 | Y=6.3.9 PLL characteristics | outline/toc=6.3.10 Memory characteristics
2026-07-26 21:40:05 | stm32f091cb | table_47 | page=76 | Y=6.3.10 Memory characteristics | outline/toc=6.3.11 EMC characteristics
2026-07-26 21:40:05 | stm32f091cb | table_49 | page=77 | Y=6.3.11 EMC characteristics | outline/toc=6.3.12 Electrical sensitivity characteristics
2026-07-26 21:40:05 | stm32f091cb | table_50 | page=78 | Y=6.3.12 Electrical sensitivity characteristics | outline/toc=6.3.13 I/O current injection characteristics
2026-07-26 21:40:05 | stm32f091cb | table_51 | page=78 | Y=6.3.12 Electrical sensitivity characteristics | outline/toc=6.3.13 I/O current injection characteristics
2026-07-26 21:40:05 | stm32f091cb | table_52 | page=79 | Y=6.3.13 I/O current injection characteristics | outline/toc=6.3.14 I/O port characteristics
2026-07-26 21:40:05 | stm32f091cb | table_62 | page=93 | Y=6.3.19 Temperature sensor characteristics | outline/toc=6.3.21 Timer characteristics
2026-07-26 21:40:05 | stm32f091cb | table_63 | page=93 | Y=6.3.20 V monitoring characteristics | outline/toc=6.3.21 Timer characteristics
2026-07-26 21:40:05 | stm32f091cb | table_65 | page=94 | Y=6.3.21 Timer characteristics | outline/toc=6.3.22 Communication interfaces
2026-07-26 21:40:05 | stm32f091cb | table_66 | page=94 | Y=6.3.21 Timer characteristics | outline/toc=6.3.22 Communication interfaces
2026-07-26 21:40:05 | stm32f091cb | table_70 | page=100 | Y=7 Package information | outline/toc=7.1 UFBGA100 package information
2026-07-26 21:40:05 | stm32f091cb | table_71 | page=101 | Y=7 Package information | outline/toc=7.1 UFBGA100 package information
2026-07-26 21:40:05 | stm32f091cb | table_72 | page=103 | Y=7 Package information | outline/toc=7.2 LQFP100 package information
2026-07-26 21:40:05 | stm32f091cb | table_73 | page=106 | Y=7 Package information | outline/toc=7.3 UFBGA64 package information
2026-07-26 21:40:05 | stm32f091cb | table_74 | page=107 | Y=7 Package information | outline/toc=7.3 UFBGA64 package information
2026-07-26 21:40:05 | stm32f091cb | table_75 | page=109 | Y=7 Package information | outline/toc=7.4 WLCSP64 package information
2026-07-26 21:40:05 | stm32f091cb | table_76 | page=110 | Y=7 Package information | outline/toc=7.4 WLCSP64 package information
2026-07-26 21:40:05 | stm32f091cb | table_77 | page=112 | Y=7 Package information | outline/toc=7.5 LQFP64 package information
2026-07-26 21:40:05 | stm32f091cb | table_78 | page=116 | Y=7 Package information | outline/toc=7.6 LQFP48 package information
2026-07-26 21:40:05 | stm32f091cb | table_79 | page=119 | Y=7 Package information | outline/toc=7.7 UFQFPN48 package information
2026-07-26 21:40:05 | stm32f091cb | table_80 | page=121 | Y=7.8 Thermal characteristics | outline/toc=7.8.2 Selecting the product temperature range
2026-07-26 21:40:11 | stm32f101rf | table_10 | page=39 | Y=5.3.1 General operating conditions | outline/toc=5.3.2 Operating conditions at power-up / power-down
2026-07-26 21:40:11 | stm32f101rf | table_13 | page=41 | Y=5.3.4 Embedded reference voltage | outline/toc=5.3.5 Supply current characteristics
2026-07-26 21:40:11 | stm32f101rf | table_16 | page=44 | Y=8 MHz | outline/toc=5.3.5 Supply current characteristics
2026-07-26 21:40:11 | stm32f101rf | table_17 | page=44 | Y=8 MHz | outline/toc=5.3.5 Supply current characteristics
2026-07-26 21:40:11 | stm32f101rf | table_18 | page=46 | Y=8 MHz | outline/toc=5.3.5 Supply current characteristics
2026-07-26 21:40:11 | stm32f101rf | table_19 | page=47 | Y=8 MHz | outline/toc=5.3.5 Supply current characteristics
2026-07-26 21:40:11 | stm32f101rf | table_20 | page=48 | Y=8 MHz | outline/toc=5.3.5 Supply current characteristics
2026-07-26 21:40:11 | stm32f101rf | table_28 | page=56 | Y=5.3.8 PLL characteristics | outline/toc=5.3.9 Memory characteristics
2026-07-26 21:40:11 | stm32f101rf | table_30 | page=57 | Y=5.3.9 Memory characteristics | outline/toc=5.3.10 FSMC characteristics
2026-07-26 21:40:11 | stm32f101rf | table_41 | page=76 | Y=5.3.10 FSMC characteristics | outline/toc=5.3.11 EMC characteristics
2026-07-26 21:40:11 | stm32f101rf | table_44 | page=78 | Y=5.3.12 Absolute maximum ratings (electrical sensitivity) | outline/toc=5.3.13 I/O current injection characteristics
2026-07-26 21:40:11 | stm32f101rf | table_45 | page=78 | Y=5.3.12 Absolute maximum ratings (electrical sensitivity) | outline/toc=5.3.13 I/O current injection characteristics
2026-07-26 21:40:11 | stm32f101rf | table_62 | page=102 | Y=6 Package information | outline/toc=6.1 LQFP144 package information
2026-07-26 21:40:11 | stm32f101rf | table_63 | page=105 | Y=6 Package information | outline/toc=6.2 LQFP100 package information
2026-07-26 21:40:11 | stm32f101rf | table_64 | page=108 | Y=6 Package information | outline/toc=6.3 LQFP64 information
2026-07-26 21:40:11 | stm32f101rf | table_65 | page=111 | Y=6.4 Thermal characteristics | outline/toc=6.4.1 Reference document
2026-07-26 21:40:11 | stm32f101rf | table_67 | page=114 | Y=7 Part numbering | outline/toc=8 Revision history
2026-07-26 21:40:12 | stm32f101rc | table_3 | page=14 | Y=2.2 Full compatibility throughout the family | outline/toc=2.3 Overview
2026-07-26 21:40:12 | stm32f101rc | table_10 | page=40 | Y=5.3.1 General operating conditions | outline/toc=5.3.2 Operating conditions at power-up / power-down
2026-07-26 21:40:12 | stm32f101rc | table_13 | page=42 | Y=5.3.4 Embedded reference voltage | outline/toc=5.3.5 Supply current characteristics
2026-07-26 21:40:12 | stm32f101rc | table_16 | page=45 | Y=8 MHz | outline/toc=5.3.5 Supply current characteristics
2026-07-26 21:40:12 | stm32f101rc | table_17 | page=45 | Y=8 MHz | outline/toc=5.3.5 Supply current characteristics
2026-07-26 21:40:12 | stm32f101rc | table_18 | page=48 | Y=8 MHz | outline/toc=5.3.5 Supply current characteristics
2026-07-26 21:40:12 | stm32f101rc | table_19 | page=49 | Y=8 MHz | outline/toc=5.3.5 Supply current characteristics
2026-07-26 21:40:12 | stm32f101rc | table_20 | page=50 | Y=8 MHz | outline/toc=5.3.5 Supply current characteristics
2026-07-26 21:40:12 | stm32f101rc | table_28 | page=58 | Y=5.3.8 PLL characteristics | outline/toc=5.3.9 Memory characteristics
2026-07-26 21:40:12 | stm32f101rc | table_30 | page=59 | Y=5.3.9 Memory characteristics | outline/toc=5.3.10 FSMC characteristics
2026-07-26 21:40:12 | stm32f101rc | table_40 | page=78 | Y=5.3.10 FSMC characteristics | outline/toc=5.3.11 EMC characteristics
2026-07-26 21:40:12 | stm32f101rc | table_42 | page=80 | Y=5.3.11 EMC characteristics | outline/toc=5.3.12 Absolute maximum ratings (electrical sensitivity)
2026-07-26 21:40:12 | stm32f103c4 | table_7 | page=33 | Y=5.2 Absolute maximum ratings | outline/toc=5.3.1 General operating conditions
2026-07-26 21:40:12 | stm32f103c4 | table_8 | page=33 | Y=5.2 Absolute maximum ratings | outline/toc=5.3.1 General operating conditions
2026-07-26 21:40:12 | stm32f101rc | table_50 | page=89 | Y=5.3.16 TIM timer characteristics | outline/toc=5.3.17 Communications interfaces
2026-07-26 21:40:12 | stm32f103c4 | table_10 | page=34 | Y=5.3.2 Operating conditions at power-up / power-down | outline/toc=5.3.3 Embedded reset and power control block characteristics
2026-07-26 21:40:12 | stm32f103c4 | table_12 | page=36 | Y=5.3.4 Embedded reference voltage | outline/toc=5.3.5 Supply current characteristics
2026-07-26 21:40:12 | stm32f101rc | table_61 | page=104 | Y=6 Package information | outline/toc=6.1 LQFP144 package information
2026-07-26 21:40:12 | stm32f101rc | table_62 | page=107 | Y=6 Package information | outline/toc=6.2 LQFP100 package information
2026-07-26 21:40:12 | stm32f101rc | table_63 | page=110 | Y=6 Package information | outline/toc=6.3 LQFP64 information
2026-07-26 21:40:12 | stm32f101rc | table_64 | page=113 | Y=6.4 Thermal characteristics | outline/toc=6.4.1 Reference document
2026-07-26 21:40:12 | stm32f101rc | table_66 | page=117 | Y=7 Part numbering | outline/toc=8 Revision history
2026-07-26 21:40:12 | stm32f103c4 | table_23 | page=49 | Y=8 MHz | outline/toc=5.3.6 External clock source characteristics
2026-07-26 21:40:12 | stm32f103c4 | table_26 | page=52 | Y=5.3.7 Internal clock source characteristics | outline/toc=5.3.9 Memory characteristics
2026-07-26 21:40:12 | stm32f103c4 | table_27 | page=52 | Y=5.3.8 PLL characteristics | outline/toc=5.3.9 Memory characteristics
2026-07-26 21:40:12 | stm32f103c4 | table_29 | page=53 | Y=5.3.9 Memory characteristics | outline/toc=5.3.10 EMC characteristics
2026-07-26 21:40:12 | stm32f103c4 | table_44 | page=69 | Y=5.3.16 Communications interfaces | outline/toc=5.3.17 CAN (controller area network) interface
2026-07-26 21:40:12 | stm32f103c4 | table_45 | page=69 | Y=5.3.16 Communications interfaces | outline/toc=5.3.17 CAN (controller area network) interface
2026-07-26 21:40:12 | stm32f103c4 | table_51 | page=76 | Y=6 Package information | outline/toc=6.1 VFQFPN36 Package
2026-07-26 21:40:12 | stm32f103c4 | table_52 | page=80 | Y=6 Package information | outline/toc=6.2 UFQFPN48 package information
2026-07-26 21:40:12 | stm32f103c4 | table_53 | page=82 | Y=6 Package information | outline/toc=6.3 LQFP64 package information
2026-07-26 21:40:12 | stm32f103c4 | table_54 | page=85 | Y=6 Package information | outline/toc=6.4 TFBGA64 package information
2026-07-26 21:40:12 | stm32f103c4 | table_55 | page=86 | Y=6 Package information | outline/toc=6.4 TFBGA64 package information
2026-07-26 21:40:12 | stm32f103c4 | table_56 | page=89 | Y=6 Package information | outline/toc=6.5 LQFP48 package information
2026-07-26 21:40:12 | stm32f103c4 | table_57 | page=92 | Y=6.6 Thermal characteristics | outline/toc=6.6.1 Reference document
2026-07-26 21:40:12 | stm32f103c4 | table_59 | page=96 | Y=7 Ordering information scheme | outline/toc=8 Revision history
2026-07-26 21:40:29 | stm32f103c8 | table_1 | page=1 | Y=4 IC/OC/PWM or pulse counter and | outline/toc=
2026-07-26 21:40:29 | stm32f103c8 | table_10 | page=39 | Y=5.3.2 Operating conditions at power-up / power-down | outline/toc=5.3.3 Embedded reset and power control block characteristics
2026-07-26 21:40:29 | stm32f103c8 | table_12 | page=40 | Y=5.3.4 Embedded reference voltage | outline/toc=5.3.5 Supply current characteristics
2026-07-26 21:40:29 | stm32f103c8 | table_15 | page=43 | Y=16 MHz | outline/toc=5.3.5 Supply current characteristics
2026-07-26 21:40:29 | stm32f103c8 | table_16 | page=44 | Y=16 MHz | outline/toc=5.3.5 Supply current characteristics
2026-07-26 21:40:29 | stm32f103c8 | table_17 | page=47 | Y=16 MHz | outline/toc=5.3.5 Supply current characteristics
2026-07-26 21:40:29 | stm32f103c8 | table_18 | page=48 | Y=16 MHz | outline/toc=5.3.5 Supply current characteristics
2026-07-26 21:40:29 | stm32f103c8 | table_19 | page=49 | Y=16 MHz | outline/toc=5.3.5 Supply current characteristics
2026-07-26 21:40:29 | stm32f103c8 | table_26 | page=56 | Y=5.3.7 Internal clock source characteristics | outline/toc=5.3.9 Memory characteristics
2026-07-26 21:40:29 | stm32f103c8 | table_27 | page=56 | Y=5.3.8 PLL characteristics | outline/toc=5.3.9 Memory characteristics
2026-07-26 21:40:29 | stm32f103c8 | table_29 | page=57 | Y=5.3.9 Memory characteristics | outline/toc=5.3.10 EMC characteristics
2026-07-26 21:40:29 | stm32f103c8 | table_32 | page=59 | Y=5.3.10 EMC characteristics | outline/toc=5.3.11 Absolute maximum ratings (electrical sensitivity)
2026-07-26 21:40:29 | stm32f103c8 | table_37 | page=64 | Y=1.3 Tested in p roduction | outline/toc=5.3.13 I/O port characteristics
2026-07-26 21:40:29 | stm32f103c8 | table_38 | page=65 | Y=1.3 Tested in p roduction | outline/toc=5.3.13 I/O port characteristics
2026-07-26 21:40:29 | stm32f103c8 | table_45 | page=73 | Y=5.3.16 Communications interfaces | outline/toc=5.3.17 CAN (controller area network) interface
2026-07-26 21:40:29 | stm32f103c8 | table_46 | page=73 | Y=5.3.16 Communications interfaces | outline/toc=5.3.17 CAN (controller area network) interface
2026-07-26 21:40:29 | stm32f103c8 | table_47 | page=74 | Y=5.3.17 CAN (controller area network) interface | outline/toc=5.3.18 12-bit ADC characteristics
2026-07-26 21:40:29 | stm32f103c8 | table_48 | page=75 | Y=5.3.17 CAN (controller area network) interface | outline/toc=5.3.18 12-bit ADC characteristics
2026-07-26 21:40:29 | stm32f103c8 | table_49 | page=75 | Y=5.3.17 CAN (controller area network) interface | outline/toc=5.3.18 12-bit ADC characteristics
2026-07-26 21:40:29 | stm32f103c8 | table_50 | page=76 | Y=5.3.17 CAN (controller area network) interface | outline/toc=5.3.18 12-bit ADC characteristics
2026-07-26 21:40:29 | stm32f103c8 | table_52 | page=81 | Y=6.1 Device marking | outline/toc=6.2 VFQFPN36 package information (ZR)
2026-07-26 21:40:29 | stm32f103c8 | table_53 | page=84 | Y=6.1 Device marking | outline/toc=6.3 UFQFPN48 package information (A0B9)
2026-07-26 21:40:29 | stm32f103c8 | table_54 | page=85 | Y=6.1 Device marking | outline/toc=6.4 LFBGA100 package information (H0)
2026-07-26 21:40:29 | stm32f103c8 | table_55 | page=86 | Y=6.1 Device marking | outline/toc=6.4 LFBGA100 package information (H0)
2026-07-26 21:40:29 | stm32f103c8 | table_56 | page=88 | Y=6.1 Device marking | outline/toc=6.5 LQFP100 package information (1L)
2026-07-26 21:40:29 | stm32f103c8 | table_57 | page=91 | Y=6.1 Device marking | outline/toc=6.6 UFBGA100 package information (A0C2)
2026-07-26 21:40:29 | stm32f103c8 | table_58 | page=92 | Y=6.1 Device marking | outline/toc=6.6 UFBGA100 package information (A0C2)
2026-07-26 21:40:29 | stm32f103c8 | table_59 | page=94 | Y=6.1 Device marking | outline/toc=6.7 LQFP64 package information (5W)
2026-07-26 21:40:29 | stm32f103c8 | table_60 | page=96 | Y=6.1 Device marking | outline/toc=6.8 TFBGA64 package information (R8)
2026-07-26 21:40:29 | stm32f103c8 | table_61 | page=97 | Y=6.1 Device marking | outline/toc=6.8 TFBGA64 package information (R8)
2026-07-26 21:40:29 | stm32f103c8 | table_62 | page=99 | Y=6.1 Device marking | outline/toc=6.9 LQFP48 package information (5B)
2026-07-26 21:40:29 | stm32f103c8 | table_63 | page=101 | Y=6.10 Thermal characteristics | outline/toc=6.10.1 Reference document
2026-07-26 21:40:46 | stm32f105r8 | table_8 | page=37 | Y=5.2 Absolute maximum ratings | outline/toc=5.3.1 General operating conditions
2026-07-26 21:40:46 | stm32f105r8 | table_10 | page=38 | Y=5.3.2 Operating conditions at power-up / power-down | outline/toc=5.3.3 Embedded reset and power control block characteristics
2026-07-26 21:40:46 | stm32f105r8 | table_12 | page=39 | Y=5.3.4 Embedded reference voltage | outline/toc=5.3.5 Supply current characteristics
2026-07-26 21:40:46 | stm32f105r8 | table_26 | page=53 | Y=5.3.7 Internal clock source characteristics | outline/toc=5.3.8 PLL, PLL2 and PLL3 characteristics
2026-07-26 21:40:46 | stm32f105r8 | table_27 | page=53 | Y=5.3.7 Internal clock source characteristics | outline/toc=5.3.8 PLL, PLL2 and PLL3 characteristics
2026-07-26 21:40:46 | stm32f105r8 | table_28 | page=53 | Y=5.3.7 Internal clock source characteristics | outline/toc=5.3.8 PLL, PLL2 and PLL3 characteristics
2026-07-26 21:40:46 | stm32f105r8 | table_29 | page=54 | Y=5.3.9 Memory characteristics | outline/toc=5.3.10 EMC characteristics
2026-07-26 21:40:46 | stm32f105r8 | table_30 | page=54 | Y=5.3.9 Memory characteristics | outline/toc=5.3.10 EMC characteristics
2026-07-26 21:40:46 | stm32f105r8 | table_32 | page=56 | Y=5.3.10 EMC characteristics | outline/toc=5.3.12 I/O current injection characteristics
2026-07-26 21:40:46 | stm32f105r8 | table_33 | page=56 | Y=5.3.11 Absolute maximum ratings (electrical sensitivity) | outline/toc=5.3.12 I/O current injection characteristics
2026-07-26 21:40:46 | stm32f105r8 | table_34 | page=56 | Y=5.3.11 Absolute maximum ratings (electrical sensitivity) | outline/toc=5.3.12 I/O current injection characteristics
2026-07-26 21:40:46 | stm32f105r8 | table_35 | page=57 | Y=5.3.12 I/O current injection characteristics | outline/toc=5.3.13 I/O port characteristics
2026-07-26 21:40:46 | stm32f105r8 | table_58 | page=83 | Y=6 Package information | outline/toc=6.1 LFBGA100 package information
2026-07-26 21:40:46 | stm32f105r8 | table_59 | page=85 | Y=6 Package information | outline/toc=6.2 LQFP100 package information
2026-07-26 21:40:46 | stm32f105r8 | table_60 | page=88 | Y=6 Package information | outline/toc=6.3 LQFP64 package information
2026-07-26 21:40:46 | stm32f105r8 | table_61 | page=91 | Y=6.4 Thermal characteristics | outline/toc=6.4.1 Reference document
2026-07-26 21:40:50 | stm32f103rf | table_9 | page=44 | Y=5.2 Absolute maximum ratings | outline/toc=5.3.1 General operating conditions
2026-07-26 21:40:50 | stm32f103rf | table_11 | page=45 | Y=5.3.2 Operating conditions at power-up / power-down | outline/toc=5.3.3 Embedded reset and power control block characteristics
2026-07-26 21:40:50 | stm32f103rf | table_13 | page=46 | Y=5.3.4 Embedded reference voltage | outline/toc=5.3.5 Supply current characteristics
2026-07-26 21:40:50 | stm32f103rf | table_28 | page=65 | Y=5.3.8 PLL characteristics | outline/toc=5.3.9 Memory characteristics
2026-07-26 21:40:50 | stm32f103rf | table_45 | page=89 | Y=5.3.11 EMC characteristics | outline/toc=5.3.12 Absolute maximum ratings (electrical sensitivity)
2026-07-26 21:40:50 | stm32f103rf | table_47 | page=90 | Y=5.3.12 Absolute maximum ratings (electrical sensitivity) | outline/toc=5.3.13 I/O current injection characteristics
2026-07-26 21:40:50 | stm32f103rf | table_68 | page=117 | Y=6 Package information | outline/toc=6.1 LFBGA144 package information
2026-07-26 21:40:50 | stm32f103rf | table_69 | page=120 | Y=6 Package information | outline/toc=6.2 LQFP144 package information
2026-07-26 21:40:50 | stm32f103rf | table_70 | page=123 | Y=6 Package information | outline/toc=6.3 LQFP100 package information
2026-07-26 21:40:50 | stm32f103rf | table_71 | page=126 | Y=6 Package information | outline/toc=6.4 LQFP64 package information
2026-07-26 21:40:50 | stm32f103rf | table_72 | page=129 | Y=6.5 Thermal characteristics | outline/toc=6.5.1 Reference document
2026-07-26 21:40:56 | stm32f103rc | table_9 | page=44 | Y=5.2 Absolute maximum ratings | outline/toc=5.3.1 General operating conditions
2026-07-26 21:40:56 | stm32f103rc | table_11 | page=45 | Y=5.3.2 Operating conditions at power-up / power-down | outline/toc=5.3.3 Embedded reset and power control block characteristics
2026-07-26 21:40:56 | stm32f103rc | table_13 | page=46 | Y=5.3.4 Embedded reference voltage | outline/toc=5.3.5 Supply current characteristics
2026-07-26 21:40:56 | stm32f103rc | table_28 | page=64 | Y=5.3.8 PLL characteristics | outline/toc=5.3.9 Memory characteristics
2026-07-26 21:40:56 | stm32f103rc | table_42 | page=87 | Y=5.3.11 EMC characteristics | outline/toc=5.3.12 Absolute maximum ratings (electrical sensitivity)
2026-07-26 21:40:56 | stm32f103rc | table_44 | page=88 | Y=5.3.12 Absolute maximum ratings (electrical sensitivity) | outline/toc=5.3.13 I/O current injection characteristics
2026-07-26 21:40:56 | stm32f103rc | table_65 | page=114 | Y=6 Package information | outline/toc=6.1 LFBGA144 package information
2026-07-26 21:40:56 | stm32f103rc | table_66 | page=115 | Y=6 Package information | outline/toc=6.1 LFBGA144 package information
2026-07-26 21:40:56 | stm32f103rc | table_67 | page=117 | Y=6 Package information | outline/toc=6.2 LFBGA100 package information
2026-07-26 21:40:56 | stm32f103rc | table_68 | page=118 | Y=6 Package information | outline/toc=6.2 LFBGA100 package information
2026-07-26 21:40:56 | stm32f103rc | table_69 | page=120 | Y=6 Package information | outline/toc=6.3 WLCSP64 package information
2026-07-26 21:40:56 | stm32f103rc | table_70 | page=121 | Y=6 Package information | outline/toc=6.3 WLCSP64 package information
2026-07-26 21:40:56 | stm32f103rc | table_71 | page=123 | Y=6 Package information | outline/toc=6.4 LQFP144 package information
2026-07-26 21:40:56 | stm32f103rc | table_72 | page=126 | Y=6 Package information | outline/toc=6.5 LQFP100 package information
2026-07-26 21:40:56 | stm32f103rc | table_73 | page=129 | Y=6 Package information | outline/toc=6.6 LQFP64 package information
2026-07-26 21:40:56 | stm32f103rc | table_74 | page=132 | Y=6.7 Thermal characteristics | outline/toc=6.7.1 Reference document
2026-07-26 21:41:09 | stm32f301c6 | table_1 | page=1 | Y=3.6 V conversion range, single | outline/toc=
2026-07-26 21:41:09 | stm32f301c6 | table_3 | page=14 | Y=3.5.1 Power supply schemes | outline/toc=3.5.2 Power supply supervisor
2026-07-26 21:41:09 | stm32f301c6 | table_4 | page=16 | Y=3.5.4 Low-power modes | outline/toc=3.6 Interconnect matrix
2026-07-26 21:41:09 | stm32f301c6 | table_6 | page=26 | Y=3.17 Inter-integrated circuit interfaces (I C) | outline/toc=3.17 Inter-integrated circuit interfaces (I2C)
2026-07-26 21:41:09 | stm32f301c6 | table_7 | page=26 | Y=3.17 Inter-integrated circuit interfaces (I C) | outline/toc=3.17 Inter-integrated circuit interfaces (I2C)
2026-07-26 21:41:09 | stm32f301c6 | table_9 | page=28 | Y=3.18 Universal synchronous/asynchronous receiver transmitter | outline/toc=3.20 Touch sensing controller (TSC)
2026-07-26 21:41:09 | stm32f301c6 | table_12 | page=36 | Y=3.22.1 Serial wire JTAG debug port (SWJ-DP) | outline/toc=4 Pinouts and pin description
2026-07-26 21:41:09 | stm32f301c6 | table_13 | page=37 | Y=3.22.1 Serial wire JTAG debug port (SWJ-DP) | outline/toc=4 Pinouts and pin description
2026-07-26 21:41:09 | stm32f301c6 | table_14 | page=44 | Y=3.22.1 Serial wire JTAG debug port (SWJ-DP) | outline/toc=4 Pinouts and pin description
2026-07-26 21:41:09 | stm32f301c6 | table_15 | page=46 | Y=3.22.1 Serial wire JTAG debug port (SWJ-DP) | outline/toc=4 Pinouts and pin description
2026-07-26 21:41:09 | stm32f301c6 | table_16 | page=48 | Y=3.22.1 Serial wire JTAG debug port (SWJ-DP) | outline/toc=4 Pinouts and pin description
2026-07-26 21:41:09 | stm32f301c6 | table_17 | page=49 | Y=3.22.1 Serial wire JTAG debug port (SWJ-DP) | outline/toc=4 Pinouts and pin description
2026-07-26 21:41:09 | stm32f301c6 | table_18 | page=49 | Y=3.22.1 Serial wire JTAG debug port (SWJ-DP) | outline/toc=4 Pinouts and pin description
2026-07-26 21:41:09 | stm32f301c6 | table_24 | page=59 | Y=6.3.2 Operating conditions at power-up / power-down | outline/toc=6.3.3 Embedded reset and power control block characteristics
2026-07-26 21:41:09 | stm32f301c6 | table_27 | page=61 | Y=6.3.4 Embedded reference voltage | outline/toc=6.3.5 Supply current characteristics
2026-07-26 21:41:09 | stm32f301c6 | table_28 | page=61 | Y=6.3.4 Embedded reference voltage | outline/toc=6.3.5 Supply current characteristics
2026-07-26 21:41:09 | stm32f301c6 | table_44 | page=81 | Y=6.3.8 Internal clock source characteristics | outline/toc=6.3.9 PLL characteristics
2026-07-26 21:41:09 | stm32f301c6 | table_49 | page=84 | Y=6.3.11 EMC characteristics | outline/toc=6.3.12 Electrical sensitivity characteristics
2026-07-26 21:41:09 | stm32f301c6 | table_51 | page=85 | Y=6.3.12 Electrical sensitivity characteristics | outline/toc=6.3.13 I/O current injection characteristics
2026-07-26 21:41:09 | stm32f301c6 | table_71 | page=115 | Y=6.3.22 Temperature sensor characteristics | outline/toc=6.3.23 V monitoring characteristics
2026-07-26 21:41:09 | stm32f301c6 | table_72 | page=115 | Y=6.3.22 Temperature sensor characteristics | outline/toc=6.3.23 V monitoring characteristics
2026-07-26 21:41:09 | stm32f301c6 | table_74 | page=118 | Y=7 Package information | outline/toc=7.1 WLCSP49 package information
2026-07-26 21:41:09 | stm32f301c6 | table_75 | page=119 | Y=7 Package information | outline/toc=7.1 WLCSP49 package information
2026-07-26 21:41:09 | stm32f301c6 | table_76 | page=120 | Y=7 Package information | outline/toc=7.2 LQFP64 package information
2026-07-26 21:41:10 | stm32f301c6 | table_77 | page=124 | Y=7 Package information | outline/toc=7.3 LQFP48 package information
2026-07-26 21:41:10 | stm32f301c6 | table_78 | page=128 | Y=7 Package information | outline/toc=7.4 UFQFPN32 package information
2026-07-26 21:41:10 | stm32f301c6 | table_79 | page=131 | Y=7 Package information | outline/toc=7.5 LQFP32 package information
2026-07-26 21:41:10 | stm32f301c6 | table_80 | page=134 | Y=7.6 Thermal characteristics | outline/toc=7.6.1 Reference document
2026-07-26 21:41:10 | stm32f301c6 | table_81 | page=137 | Y=7.6.2 Selecting the product temperature range | outline/toc=8 Ordering information
2026-07-26 21:41:12 | stm32f302c6 | table_3 | page=13 | Y=3.5.1 Power supply schemes | outline/toc=3.5.2 Power supply supervisor
2026-07-26 21:41:12 | stm32f302c6 | table_6 | page=25 | Y=3.17 Inter-integrated circuit interfaces (I C) | outline/toc=3.17 Inter-integrated circuit interfaces (I2C)
2026-07-26 21:41:12 | stm32f302c6 | table_7 | page=25 | Y=3.17 Inter-integrated circuit interfaces (I C) | outline/toc=3.17 Inter-integrated circuit interfaces (I2C)
2026-07-26 21:41:12 | stm32f302c6 | table_9 | page=27 | Y=3.18 Universal synchronous/asynchronous receiver transmitter | outline/toc=3.22 Touch sensing controller (TSC)
2026-07-26 21:41:12 | stm32f302c6 | table_12 | page=34 | Y=3.24.1 Serial wire JTAG debug port (SWJ-DP) | outline/toc=4 Pinouts and pin description
2026-07-26 21:41:12 | stm32f302c6 | table_13 | page=35 | Y=3.24.1 Serial wire JTAG debug port (SWJ-DP) | outline/toc=4 Pinouts and pin description
2026-07-26 21:41:12 | stm32f302c6 | table_14 | page=42 | Y=3.24.1 Serial wire JTAG debug port (SWJ-DP) | outline/toc=4 Pinouts and pin description
2026-07-26 21:41:12 | stm32f302c6 | table_15 | page=44 | Y=3.24.1 Serial wire JTAG debug port (SWJ-DP) | outline/toc=4 Pinouts and pin description
2026-07-26 21:41:12 | stm32f302c6 | table_16 | page=46 | Y=3.24.1 Serial wire JTAG debug port (SWJ-DP) | outline/toc=4 Pinouts and pin description
2026-07-26 21:41:12 | stm32f302c6 | table_17 | page=47 | Y=3.24.1 Serial wire JTAG debug port (SWJ-DP) | outline/toc=4 Pinouts and pin description
2026-07-26 21:41:12 | stm32f302c6 | table_18 | page=47 | Y=3.24.1 Serial wire JTAG debug port (SWJ-DP) | outline/toc=4 Pinouts and pin description
2026-07-26 21:41:12 | stm32f302c6 | table_24 | page=58 | Y=6.3.2 Operating conditions at power-up / power-down | outline/toc=6.3.3 Embedded reset and power control block characteristics
2026-07-26 21:41:13 | stm32f302c6 | table_27 | page=60 | Y=6.3.4 Embedded reference voltage | outline/toc=6.3.5 Supply current characteristics
2026-07-26 21:41:13 | stm32f302c6 | table_28 | page=60 | Y=6.3.4 Embedded reference voltage | outline/toc=6.3.5 Supply current characteristics
2026-07-26 21:41:13 | stm32f302c6 | table_42 | page=77 | Y=8 MHz controlled | outline/toc=6.3.7 External clock source characteristics
2026-07-26 21:41:13 | stm32f302c6 | table_44 | page=80 | Y=6.3.8 Internal clock source characteristics | outline/toc=6.3.9 PLL characteristics
2026-07-26 21:41:13 | stm32f302c6 | table_49 | page=84 | Y=6.3.11 EMC characteristics | outline/toc=6.3.12 Electrical sensitivity characteristics
2026-07-26 21:41:13 | stm32f302c6 | table_51 | page=85 | Y=6.3.12 Electrical sensitivity characteristics | outline/toc=6.3.13 I/O current injection characteristics
2026-07-26 21:41:13 | stm32f302c6 | table_74 | page=117 | Y=6.3.22 Temperature sensor characteristics | outline/toc=6.3.23 V monitoring characteristics
2026-07-26 21:41:13 | stm32f302c6 | table_75 | page=117 | Y=6.3.22 Temperature sensor characteristics | outline/toc=6.3.23 V monitoring characteristics
2026-07-26 21:41:13 | stm32f302c6 | table_77 | page=120 | Y=7 Package information | outline/toc=7.1 WLCSP49 package information
2026-07-26 21:41:13 | stm32f302c6 | table_78 | page=121 | Y=7 Package information | outline/toc=7.1 WLCSP49 package information
2026-07-26 21:41:13 | stm32f302c6 | table_79 | page=122 | Y=7 Package information | outline/toc=7.2 LQFP64 package information
2026-07-26 21:41:13 | stm32f302c6 | table_80 | page=126 | Y=7 Package information | outline/toc=7.3 LQFP48 package information
2026-07-26 21:41:13 | stm32f302c6 | table_81 | page=130 | Y=7 Package information | outline/toc=7.4 UFQFPN32 package information
2026-07-26 21:41:13 | stm32f302c6 | table_82 | page=132 | Y=7.5 Thermal characteristics | outline/toc=7.5.1 Reference document
2026-07-26 21:41:13 | stm32f302c6 | table_83 | page=135 | Y=7.5.2 Selecting the product temperature range | outline/toc=8 Ordering information
2026-07-26 21:41:16 | stm32f328c8 | table_2 | page=13 | Y=3.4.1 Power supply schemes | outline/toc=3.4.2 Power supply supervision
2026-07-26 21:41:16 | stm32f328c8 | table_5 | page=23 | Y=3.16 Communication interfaces | outline/toc=3.16.1 Inter-integrated circuit interface (I2C)
2026-07-26 21:41:16 | stm32f328c8 | table_6 | page=24 | Y=3.16 Communication interfaces | outline/toc=3.16.2 Universal synchronous/asynchronous receiver transmitters (USARTs)
2026-07-26 21:41:16 | stm32f328c8 | table_8 | page=25 | Y=3.16.3 Serial peripheral interface (SPI) | outline/toc=3.17 Infrared transmitter
2026-07-26 21:41:16 | stm32f328c8 | table_10 | page=27 | Y=3.18 Touch sensing controller (TSC) | outline/toc=3.19.1 Serial wire JTAG debug port (SWJ-DP)
2026-07-26 21:41:16 | stm32f328c8 | table_13 | page=36 | Y=8 VSSA/VREF- S - | outline/toc=4 Pinouts and pin description
2026-07-26 21:41:16 | stm32f328c8 | table_20 | page=50 | Y=6.3.3 Embedded reference voltage | outline/toc=6.3.4 Supply current characteristics
2026-07-26 21:41:16 | stm32f328c8 | table_21 | page=50 | Y=6.3.3 Embedded reference voltage | outline/toc=6.3.4 Supply current characteristics
2026-07-26 21:41:16 | stm32f328c8 | table_23 | page=54 | Y=1.8 V A A A | outline/toc=6.3.4 Supply current characteristics
2026-07-26 21:41:16 | stm32f328c8 | table_25 | page=54 | Y=1.8 V A A A | outline/toc=6.3.4 Supply current characteristics
2026-07-26 21:41:16 | stm32f328c8 | table_26 | page=55 | Y=1.8 V A A A | outline/toc=6.3.4 Supply current characteristics
2026-07-26 21:41:16 | stm32f328c8 | table_27 | page=57 | Y=1.8 V A A A | outline/toc=6.3.4 Supply current characteristics
2026-07-26 21:41:16 | stm32f328c8 | table_28 | page=58 | Y=1.8 V A A A | outline/toc=6.3.4 Supply current characteristics
2026-07-26 21:41:16 | stm32f328c8 | table_29 | page=60 | Y=1.8 V A A A | outline/toc=6.3.4 Supply current characteristics
2026-07-26 21:41:16 | stm32f328c8 | table_30 | page=61 | Y=1.8 V A A A | outline/toc=6.3.4 Supply current characteristics
2026-07-26 21:41:16 | stm32f328c8 | table_31 | page=63 | Y=6.3.5 Wakeup time from low-power mode | outline/toc=6.3.6 External clock source characteristics
2026-07-26 21:41:16 | stm32f328c8 | table_37 | page=69 | Y=6.3.7 Internal clock source characteristics | outline/toc=6.3.8 PLL characteristics
2026-07-26 21:41:16 | stm32f328c8 | table_42 | page=72 | Y=6.3.10 EMC characteristics | outline/toc=6.3.11 Electrical sensitivity characteristics
2026-07-26 21:41:16 | stm32f328c8 | table_44 | page=73 | Y=6.3.11 Electrical sensitivity characteristics | outline/toc=6.3.12 I/O current injection characteristics
2026-07-26 21:41:16 | stm32f328c8 | table_67 | page=105 | Y=7.2 Thermal characteristics | outline/toc=7.2.1 Reference document
2026-07-26 21:41:16 | stm32f328c8 | table_68 | page=107 | Y=7.2.2 Selecting the product temperature range | outline/toc=8 Part numbering
2026-07-26 21:41:19 | stm32f318c8 | table_2 | page=13 | Y=3.5.1 Power supply schemes | outline/toc=3.5.2 Power supply supervisor
2026-07-26 21:41:19 | stm32f318c8 | table_3 | page=13 | Y=3.5.1 Power supply schemes | outline/toc=3.5.2 Power supply supervisor
2026-07-26 21:41:19 | stm32f318c8 | table_4 | page=14 | Y=3.5.3 Low-power modes | outline/toc=3.6 Interconnect matrix
2026-07-26 21:41:19 | stm32f318c8 | table_6 | page=23 | Y=3.17 Inter-integrated circuit interfaces (I C) | outline/toc=3.17 Inter-integrated circuit interfaces (I2C)
2026-07-26 21:41:19 | stm32f318c8 | table_7 | page=23 | Y=3.17 Inter-integrated circuit interfaces (I C) | outline/toc=3.17 Inter-integrated circuit interfaces (I2C)
2026-07-26 21:41:19 | stm32f318c8 | table_9 | page=25 | Y=3.18 Universal synchronous/asynchronous receiver transmitter | outline/toc=3.20 Touch sensing controller (TSC)
2026-07-26 21:41:19 | stm32f318c8 | table_23 | page=51 | Y=6.3.3 Embedded reference voltage | outline/toc=6.3.4 Supply current characteristics
2026-07-26 21:41:19 | stm32f318c8 | table_24 | page=51 | Y=6.3.3 Embedded reference voltage | outline/toc=6.3.4 Supply current characteristics
2026-07-26 21:41:19 | stm32f318c8 | table_40 | page=70 | Y=6.3.7 Internal clock source characteristics | outline/toc=6.3.8 PLL characteristics
2026-07-26 21:41:19 | stm32f318c8 | table_45 | page=73 | Y=6.3.10 EMC characteristics | outline/toc=6.3.11 Electrical sensitivity characteristics
2026-07-26 21:41:19 | stm32f318c8 | table_47 | page=74 | Y=6.3.11 Electrical sensitivity characteristics | outline/toc=6.3.12 I/O current injection characteristics
2026-07-26 21:41:19 | stm32f318c8 | table_50 | page=77 | Y=1.3 Tested in production | outline/toc=6.3.13 I/O port characteristics
2026-07-26 21:41:19 | stm32f318c8 | table_51 | page=78 | Y=1.3 Tested in production | outline/toc=6.3.13 I/O port characteristics
2026-07-26 21:41:19 | stm32f318c8 | table_68 | page=104 | Y=6.3.22 Temperature sensor characteristics | outline/toc=6.3.23 V monitoring characteristics
2026-07-26 21:41:19 | stm32f318c8 | table_69 | page=104 | Y=6.3.22 Temperature sensor characteristics | outline/toc=6.3.23 V monitoring characteristics
2026-07-26 21:41:19 | stm32f318c8 | table_71 | page=107 | Y=7 Package information | outline/toc=7.1 WLCSP49 package information
2026-07-26 21:41:19 | stm32f318c8 | table_72 | page=108 | Y=7 Package information | outline/toc=7.1 WLCSP49 package information
2026-07-26 21:41:19 | stm32f318c8 | table_73 | page=110 | Y=7 Package information | outline/toc=7.2 LQFP48 package information
2026-07-26 21:41:19 | stm32f318c8 | table_74 | page=114 | Y=7 Package information | outline/toc=7.3 UFQFPN32 package information
2026-07-26 21:41:19 | stm32f318c8 | table_75 | page=116 | Y=7.4 Thermal characteristics | outline/toc=7.4.2 Selecting the product temperature range
2026-07-26 21:41:19 | stm32f318c8 | table_76 | page=118 | Y=7.4.2 Selecting the product temperature range | outline/toc=8 Ordering information
2026-07-26 21:41:25 | stm32f303c6 | table_1 | page=2 | Y=3.6 V conversion range, single-ended / | outline/toc=
2026-07-26 21:41:25 | stm32f303c6 | table_3 | page=15 | Y=3.4.1 Power supply schemes | outline/toc=3.4.2 Power supply supervisor
2026-07-26 21:41:25 | stm32f303c6 | table_4 | page=17 | Y=3.5 Interconnect matrix | outline/toc=3.6 Clocks and startup
2026-07-26 21:41:25 | stm32f303c6 | table_6 | page=26 | Y=3.16 Communication interfaces | outline/toc=3.16.1 Inter-integrated circuit interface (I2C)
2026-07-26 21:41:25 | stm32f303c6 | table_7 | page=26 | Y=3.16 Communication interfaces | outline/toc=3.16.1 Inter-integrated circuit interface (I2C)
2026-07-26 21:41:25 | stm32f303c6 | table_8 | page=27 | Y=3.16 Communication interfaces | outline/toc=3.16.1 Inter-integrated circuit interface (I2C)
2026-07-26 21:41:25 | stm32f303c6 | table_9 | page=28 | Y=3.16.3 Serial peripheral interface (SPI) | outline/toc=3.17 Infrared transmitter
2026-07-26 21:41:25 | stm32f303c6 | table_11 | page=30 | Y=3.18 Touch sensing controller (TSC) | outline/toc=3.19.1 Serial-wire JTAG debug port (SWJ-DP)
2026-07-26 21:41:25 | stm32f303c6 | table_12 | page=35 | Y=3.19.1 Serial-wire JTAG debug port (SWJ-DP) | outline/toc=4 Pinout and pin descriptions
2026-07-26 21:41:25 | stm32f303c6 | table_13 | page=35 | Y=3.19.1 Serial-wire JTAG debug port (SWJ-DP) | outline/toc=4 Pinout and pin descriptions
2026-07-26 21:41:25 | stm32f303c6 | table_14 | page=41 | Y=3.19.1 Serial-wire JTAG debug port (SWJ-DP) | outline/toc=4 Pinout and pin descriptions
2026-07-26 21:41:25 | stm32f303c6 | table_20 | page=52 | Y=6.3.2 Operating conditions at power-up / power-down | outline/toc=6.3.3 Characteristics of the embedded reset and power-control block
2026-07-26 21:41:25 | stm32f303c6 | table_22 | page=53 | Y=6.3.3 Characteristics of the embedded reset and power-control block | outline/toc=6.3.4 Embedded reference voltage
2026-07-26 21:41:25 | stm32f303c6 | table_24 | page=54 | Y=6.3.4 Embedded reference voltage | outline/toc=6.3.5 Supply current characteristics
2026-07-26 21:41:25 | stm32f303c6 | table_35 | page=66 | Y=6.3.6 Wakeup time from low-power mode | outline/toc=6.3.7 External clock source characteristics
2026-07-26 21:41:25 | stm32f303c6 | table_36 | page=66 | Y=6.3.6 Wakeup time from low-power mode | outline/toc=6.3.7 External clock source characteristics
2026-07-26 21:41:25 | stm32f303c6 | table_42 | page=72 | Y=6.3.8 Internal clock source characteristics | outline/toc=6.3.9 PLL characteristics
2026-07-26 21:41:25 | stm32f303c6 | table_44 | page=73 | Y=6.3.10 Memory characteristics | outline/toc=6.3.11 EMC characteristics
2026-07-26 21:41:25 | stm32f303c6 | table_45 | page=73 | Y=6.3.10 Memory characteristics | outline/toc=6.3.11 EMC characteristics
2026-07-26 21:41:25 | stm32f303c6 | table_47 | page=75 | Y=6.3.11 EMC characteristics | outline/toc=6.3.12 Electrical sensitivity characteristics
2026-07-26 21:41:25 | stm32f303c6 | table_49 | page=76 | Y=6.3.12 Electrical sensitivity characteristics | outline/toc=6.3.13 I/O current injection characteristics
2026-07-26 21:41:25 | stm32f303c6 | table_56 | page=85 | Y=6.3.16 Timer characteristics | outline/toc=6.3.17 Communication interfaces
2026-07-26 21:41:25 | stm32f303c6 | table_57 | page=85 | Y=6.3.16 Timer characteristics | outline/toc=6.3.17 Communication interfaces
2026-07-26 21:41:25 | stm32f303c6 | table_68 | page=102 | Y=6.3.22 Temperature sensor (TS) characteristics | outline/toc=6.3.23 V monitoring characteristics
2026-07-26 21:41:25 | stm32f303c6 | table_69 | page=102 | Y=6.3.22 Temperature sensor (TS) characteristics | outline/toc=6.3.23 V monitoring characteristics
2026-07-26 21:41:25 | stm32f303c6 | table_71 | page=104 | Y=7.1 Package mechanical data | outline/toc=7.2 LQFP32 package information
2026-07-26 21:41:25 | stm32f303c6 | table_72 | page=107 | Y=7.1 Package mechanical data | outline/toc=7.3 LQFP48 package information
2026-07-26 21:41:25 | stm32f303c6 | table_73 | page=110 | Y=7.1 Package mechanical data | outline/toc=7.4 LQFP64 package information
2026-07-26 21:41:25 | stm32f303c6 | table_74 | page=114 | Y=7.1 Package mechanical data | outline/toc=7.5 WLCSP49 package information
2026-07-26 21:41:25 | stm32f303c6 | table_75 | page=115 | Y=7.1 Package mechanical data | outline/toc=7.5 WLCSP49 package information
2026-07-26 21:41:25 | stm32f303c6 | table_76 | page=117 | Y=7.1 Package mechanical data | outline/toc=7.6 UFQFPN32 package information
2026-07-26 21:41:25 | stm32f303c6 | table_77 | page=119 | Y=7.7 Thermal characteristics | outline/toc=7.7.2 Selecting the product temperature range
2026-07-26 21:41:25 | stm32f303c6 | table_78 | page=121 | Y=7.7.2 Selecting the product temperature range | outline/toc=8 Ordering information
2026-07-26 21:41:28 | stm32f302cb | table_3 | page=16 | Y=3.7.1 Power supply schemes | outline/toc=3.7.3 Voltage regulator
2026-07-26 21:41:28 | stm32f302cb | table_6 | page=26 | Y=3.19 Inter-integrated circuit interface (I C) | outline/toc=3.19 Inter-integrated circuit interface (I2C)
2026-07-26 21:41:28 | stm32f302cb | table_7 | page=26 | Y=3.19 Inter-integrated circuit interface (I C) | outline/toc=3.19 Inter-integrated circuit interface (I2C)
2026-07-26 21:41:28 | stm32f302cb | table_9 | page=28 | Y=3.22 Serial peripheral interface (SPI)/Inter-integrated sound | outline/toc=3.24 Universal serial bus (USB)
2026-07-26 21:41:28 | stm32f302cb | table_12 | page=36 | Y=3.27.1 Serial wire JTAG debug port (SWJ-DP) | outline/toc=4 Pinouts and pin description
2026-07-26 21:41:28 | stm32f302cb | table_13 | page=36 | Y=3.27.1 Serial wire JTAG debug port (SWJ-DP) | outline/toc=4 Pinouts and pin description
2026-07-26 21:41:28 | stm32f302cb | table_14 | page=44 | Y=3.27.1 Serial wire JTAG debug port (SWJ-DP) | outline/toc=4 Pinouts and pin description
2026-07-26 21:41:28 | stm32f302cb | table_15 | page=46 | Y=3.27.1 Serial wire JTAG debug port (SWJ-DP) | outline/toc=4 Pinouts and pin description
2026-07-26 21:41:28 | stm32f302cb | table_16 | page=48 | Y=3.27.1 Serial wire JTAG debug port (SWJ-DP) | outline/toc=4 Pinouts and pin description
2026-07-26 21:41:28 | stm32f302cb | table_17 | page=49 | Y=3.27.1 Serial wire JTAG debug port (SWJ-DP) | outline/toc=4 Pinouts and pin description
2026-07-26 21:41:28 | stm32f302cb | table_18 | page=50 | Y=3.27.1 Serial wire JTAG debug port (SWJ-DP) | outline/toc=4 Pinouts and pin description
2026-07-26 21:41:28 | stm32f302cb | table_19 | page=51 | Y=3.27.1 Serial wire JTAG debug port (SWJ-DP) | outline/toc=4 Pinouts and pin description
2026-07-26 21:41:28 | stm32f302cb | table_25 | page=60 | Y=6.3.2 Operating conditions at power-up / power-down | outline/toc=6.3.3 Embedded reset and power control block characteristics
2026-07-26 21:41:28 | stm32f302cb | table_28 | page=62 | Y=6.3.4 Embedded reference voltage | outline/toc=6.3.5 Supply current characteristics
2026-07-26 21:41:28 | stm32f302cb | table_29 | page=62 | Y=6.3.4 Embedded reference voltage | outline/toc=6.3.5 Supply current characteristics
2026-07-26 21:41:28 | stm32f302cb | table_43 | page=78 | Y=8 MHz controlled | outline/toc=6.3.7 External clock source characteristics
2026-07-26 21:41:28 | stm32f302cb | table_46 | page=81 | Y=6.3.9 PLL characteristics | outline/toc=6.3.10 Memory characteristics
2026-07-26 21:41:28 | stm32f302cb | table_50 | page=83 | Y=6.3.11 EMC characteristics | outline/toc=6.3.12 Electrical sensitivity characteristics
2026-07-26 21:41:28 | stm32f302cb | table_52 | page=84 | Y=6.3.12 Electrical sensitivity characteristics | outline/toc=6.3.13 I/O current injection characteristics
2026-07-26 21:41:29 | stm32f302cb | table_86 | page=138 | Y=7.5 Thermal characteristics | outline/toc=7.5.1 Reference document
2026-07-26 21:41:29 | stm32f302cb | table_87 | page=141 | Y=7.5.2 Selecting the product temperature range | outline/toc=8 Ordering information
2026-07-26 21:41:30 | stm32f215re | table_5 | page=34 | Y=3.20.6 SysTick timer | outline/toc=3.25 SDIO
2026-07-26 21:41:30 | stm32f215re | table_11 | page=71 | Y=6.2 Absolute maximum ratings | outline/toc=6.3.1 General operating conditions
2026-07-26 21:41:30 | stm32f215re | table_12 | page=71 | Y=6.2 Absolute maximum ratings | outline/toc=6.3.1 General operating conditions
2026-07-26 21:41:30 | stm32f215re | table_15 | page=74 | Y=2.4 V memory wait | outline/toc=6.3.2 VCAP1/VCAP2 external capacitor
2026-07-26 21:41:30 | stm32f215re | table_16 | page=75 | Y=6.3.3 Operating conditions at power-up / power-down (regulator ON) | outline/toc=6.3.4 Operating conditions at power-up / power-down (regulator OFF)
2026-07-26 21:41:30 | stm32f215re | table_30 | page=92 | Y=6.3.8 External clock source characteristics | outline/toc=6.3.9 Internal clock source characteristics
2026-07-26 21:41:30 | stm32f215re | table_38 | page=100 | Y=6.3.12 Memory characteristics | outline/toc=6.3.13 EMC characteristics
2026-07-26 21:41:30 | stm32f215re | table_39 | page=100 | Y=6.3.12 Memory characteristics | outline/toc=6.3.13 EMC characteristics
2026-07-26 21:41:30 | stm32f215re | table_41 | page=102 | Y=6.3.13 EMC characteristics | outline/toc=6.3.14 Absolute maximum ratings (electrical sensitivity)
2026-07-26 21:41:30 | stm32f215re | table_43 | page=103 | Y=6.3.14 Absolute maximum ratings (electrical sensitivity) | outline/toc=6.3.15 I/O current injection characteristics
2026-07-26 21:41:30 | stm32f215re | table_50 | page=111 | Y=6.3.18 TIM timer characteristics | outline/toc=6.3.19 Communications interfaces
2026-07-26 21:41:30 | stm32f215re | table_69 | page=131 | Y=6.3.23 V monitoring characteristics | outline/toc=6.3.25 FSMC characteristics
2026-07-26 21:41:30 | stm32f215re | table_70 | page=131 | Y=6.3.24 Embedded reference voltage | outline/toc=6.3.25 FSMC characteristics
2026-07-26 21:41:30 | stm32f215re | table_82 | page=149 | Y=6.3.25 FSMC characteristics | outline/toc=6.3.27 SD/SDIO MMC card host interface (SDIO) characteristics
2026-07-26 21:41:30 | stm32f215re | table_83 | page=149 | Y=6.3.26 Camera interface (DCMI) timing specifications | outline/toc=6.3.27 SD/SDIO MMC card host interface (SDIO) characteristics
2026-07-26 21:41:30 | stm32f215re | table_84 | page=150 | Y=6.3.27 SD/SDIO MMC card host interface (SDIO) characteristics | outline/toc=6.3.28 RTC characteristics
2026-07-26 21:41:30 | stm32f215re | table_86 | page=151 | Y=7 Package information | outline/toc=7.1 LQFP64 package information
2026-07-26 21:41:30 | stm32f215re | table_87 | page=153 | Y=7 Package information | outline/toc=7.2 LQFP100 package information
2026-07-26 21:41:30 | stm32f215re | table_88 | page=157 | Y=7 Package information | outline/toc=7.3 LQFP144 package information
2026-07-26 21:41:30 | stm32f215re | table_89 | page=160 | Y=7 Package information | outline/toc=7.4 LQFP176 package information
2026-07-26 21:41:30 | stm32f215re | table_90 | page=163 | Y=7 Package information | outline/toc=7.4 LQFP176 package information
2026-07-26 21:41:30 | stm32f215re | table_91 | page=164 | Y=7 Package information | outline/toc=7.4 LQFP176 package information
2026-07-26 21:41:33 | stm32f303cb | table_1 | page=2 | Y=3.6 V conversion range, single | outline/toc=
2026-07-26 21:41:33 | stm32f303cb | table_3 | page=16 | Y=3.7.1 Power supply schemes | outline/toc=3.7.3 Voltage regulator
2026-07-26 21:41:33 | stm32f303cb | table_6 | page=26 | Y=3.19 Inter-integrated circuit interface (I C) | outline/toc=3.19 Inter-integrated circuit interface (I2C)
2026-07-26 21:41:33 | stm32f303cb | table_7 | page=26 | Y=3.19 Inter-integrated circuit interface (I C) | outline/toc=3.19 Inter-integrated circuit interface (I2C)
2026-07-26 21:41:33 | stm32f303cb | table_9 | page=28 | Y=3.22 Serial peripheral interface (SPI)/Inter-integrated sound | outline/toc=3.24 Universal serial bus (USB)
2026-07-26 21:41:34 | stm32f303cb | table_12 | page=36 | Y=3.27.1 Serial wire JTAG debug port (SWJ-DP) | outline/toc=4 Pinouts and pin description
2026-07-26 21:41:34 | stm32f303cb | table_13 | page=36 | Y=3.27.1 Serial wire JTAG debug port (SWJ-DP) | outline/toc=4 Pinouts and pin description
2026-07-26 21:41:34 | stm32f303cb | table_14 | page=45 | Y=3.27.1 Serial wire JTAG debug port (SWJ-DP) | outline/toc=4 Pinouts and pin description
2026-07-26 21:41:34 | stm32f303cb | table_15 | page=47 | Y=3.27.1 Serial wire JTAG debug port (SWJ-DP) | outline/toc=4 Pinouts and pin description
2026-07-26 21:41:34 | stm32f303cb | table_16 | page=49 | Y=3.27.1 Serial wire JTAG debug port (SWJ-DP) | outline/toc=4 Pinouts and pin description
2026-07-26 21:41:34 | stm32f303cb | table_17 | page=50 | Y=3.27.1 Serial wire JTAG debug port (SWJ-DP) | outline/toc=4 Pinouts and pin description
2026-07-26 21:41:34 | stm32f303cb | table_18 | page=51 | Y=3.27.1 Serial wire JTAG debug port (SWJ-DP) | outline/toc=4 Pinouts and pin description
2026-07-26 21:41:34 | stm32f303cb | table_19 | page=52 | Y=3.27.1 Serial wire JTAG debug port (SWJ-DP) | outline/toc=4 Pinouts and pin description
2026-07-26 21:41:34 | stm32f303cb | table_25 | page=61 | Y=6.3.2 Operating conditions at power-up / power-down | outline/toc=6.3.3 Embedded reset and power control block characteristics
2026-07-26 21:41:34 | stm32f303cb | table_28 | page=63 | Y=6.3.4 Embedded reference voltage | outline/toc=6.3.5 Supply current characteristics
2026-07-26 21:41:34 | stm32f303cb | table_29 | page=63 | Y=6.3.4 Embedded reference voltage | outline/toc=6.3.5 Supply current characteristics
2026-07-26 21:41:34 | stm32f303cb | table_43 | page=79 | Y=8 MHz controlled | outline/toc=6.3.7 External clock source characteristics
2026-07-26 21:41:34 | stm32f303cb | table_46 | page=82 | Y=6.3.9 PLL characteristics | outline/toc=6.3.10 Memory characteristics
2026-07-26 21:41:34 | stm32f303cb | table_50 | page=84 | Y=6.3.11 EMC characteristics | outline/toc=6.3.12 Electrical sensitivity characteristics
2026-07-26 21:41:34 | stm32f303cb | table_52 | page=85 | Y=6.3.12 Electrical sensitivity characteristics | outline/toc=6.3.13 I/O current injection characteristics
2026-07-26 21:41:34 | stm32f303cb | table_86 | page=139 | Y=7.5 Thermal characteristics | outline/toc=7.5.1 Reference document
2026-07-26 21:41:34 | stm32f303cb | table_87 | page=142 | Y=7.5.2 Selecting the product temperature range | outline/toc=8 Ordering information
2026-07-26 21:41:34 | stm32f205rb | table_6 | page=35 | Y=3.20.6 SysTick timer | outline/toc=3.25 SDIO
2026-07-26 21:41:34 | stm32f205rb | table_7 | page=45 | Y=3.37 Serial wire JTAG debug port (SWJ-DP) | outline/toc=4 Pinouts and pin description
2026-07-26 21:41:34 | stm32f205rb | table_8 | page=46 | Y=3.37 Serial wire JTAG debug port (SWJ-DP) | outline/toc=4 Pinouts and pin description
2026-07-26 21:41:34 | stm32f205rb | table_9 | page=57 | Y=3.37 Serial wire JTAG debug port (SWJ-DP) | outline/toc=4 Pinouts and pin description
2026-07-26 21:41:34 | stm32f205rb | table_10 | page=59 | Y=3.37 Serial wire JTAG debug port (SWJ-DP) | outline/toc=4 Pinouts and pin description
2026-07-26 21:41:34 | stm32f205rb | table_12 | page=70 | Y=6.2 Absolute maximum ratings | outline/toc=6.3.1 General operating conditions
2026-07-26 21:41:34 | stm32f205rb | table_13 | page=70 | Y=6.2 Absolute maximum ratings | outline/toc=6.3.1 General operating conditions
2026-07-26 21:41:34 | stm32f205rb | table_16 | page=73 | Y=2.4 V memory wait | outline/toc=6.3.2 VCAP1/VCAP2 external capacitor
2026-07-26 21:41:34 | stm32f205rb | table_17 | page=74 | Y=6.3.3 Operating conditions at power-up / power-down (regulator ON) | outline/toc=6.3.4 Operating conditions at power-up / power-down (regulator OFF)
2026-07-26 21:41:34 | stm32f205rb | table_31 | page=91 | Y=8 MHz | outline/toc=6.3.9 Internal clock source characteristics
2026-07-26 21:41:34 | stm32f205rb | table_42 | page=100 | Y=6.3.13 EMC characteristics | outline/toc=6.3.14 Absolute maximum ratings (electrical sensitivity)
2026-07-26 21:41:34 | stm32f205rb | table_44 | page=101 | Y=6.3.14 Absolute maximum ratings (electrical sensitivity) | outline/toc=6.3.15 I/O current injection characteristics
2026-07-26 21:41:34 | stm32f205rb | table_47 | page=104 | Y=2.00 MOS | outline/toc=6.3.16 I/O port characteristics
2026-07-26 21:41:34 | stm32f205rb | table_48 | page=105 | Y=2.00 MOS | outline/toc=6.3.16 I/O port characteristics
2026-07-26 21:41:34 | stm32f205rb | table_70 | page=128 | Y=6.3.23 V monitoring characteristics | outline/toc=6.3.25 FSMC characteristics
2026-07-26 21:41:34 | stm32f205rb | table_71 | page=128 | Y=6.3.24 Embedded reference voltage | outline/toc=6.3.25 FSMC characteristics
2026-07-26 21:41:35 | stm32f205rb | table_83 | page=146 | Y=6.3.25 FSMC characteristics | outline/toc=6.3.27 SD/SDIO MMC card host interface (SDIO) characteristics
2026-07-26 21:41:35 | stm32f205rb | table_84 | page=146 | Y=6.3.26 Camera interface (DCMI) timing specifications | outline/toc=6.3.27 SD/SDIO MMC card host interface (SDIO) characteristics
2026-07-26 21:41:35 | stm32f205rb | table_85 | page=147 | Y=6.3.27 SD/SDIO MMC card host interface (SDIO) characteristics | outline/toc=6.3.28 RTC characteristics
2026-07-26 21:41:35 | stm32f205rb | table_87 | page=148 | Y=7 Package information | outline/toc=7.1 LQFP64 package information
2026-07-26 21:41:35 | stm32f205rb | table_88 | page=151 | Y=7 Package information | outline/toc=7.1 LQFP64 package information
2026-07-26 21:41:35 | stm32f205rb | table_89 | page=152 | Y=7 Package information | outline/toc=7.1 LQFP64 package information
2026-07-26 21:41:35 | stm32f205rb | table_90 | page=153 | Y=7 Package information | outline/toc=7.3 LQFP100 package information
2026-07-26 21:41:35 | stm32f205rb | table_91 | page=157 | Y=7 Package information | outline/toc=7.4 LQFP144 package information
2026-07-26 21:41:35 | stm32f205rb | table_92 | page=160 | Y=7 Package information | outline/toc=7.5 LQFP176 package information
2026-07-26 21:41:35 | stm32f205rb | table_93 | page=163 | Y=7 Package information | outline/toc=7.5 LQFP176 package information
2026-07-26 21:41:35 | stm32f205rb | table_94 | page=164 | Y=7 Package information | outline/toc=7.5 LQFP176 package information
2026-07-26 21:41:46 | stm32f302rd | table_1 | page=2 | Y=3.6 V conversion range, separate analog from Stop/Standby | outline/toc=
2026-07-26 21:41:46 | stm32f302rd | table_3 | page=17 | Y=3.7.1 Power supply schemes | outline/toc=3.7.3 Voltage regulator
2026-07-26 21:41:46 | stm32f302rd | table_6 | page=28 | Y=3.20 Inter-integrated circuit interface (I C) | outline/toc=3.21 Universal synchronous/asynchronous receiver transmitter (USART)
2026-07-26 21:41:46 | stm32f302rd | table_7 | page=28 | Y=3.20 Inter-integrated circuit interface (I C) | outline/toc=3.21 Universal synchronous/asynchronous receiver transmitter (USART)
2026-07-26 21:41:46 | stm32f302rd | table_8 | page=29 | Y=3.22 Universal asynchronous receiver transmitter (UART) | outline/toc=3.23 Serial peripheral interface (SPI)/Inter-integrated sound interfaces (I2S)
2026-07-26 21:41:46 | stm32f302rd | table_9 | page=30 | Y=3.23 Serial peripheral interface (SPI)/Inter-integrated sound | outline/toc=3.26 Infrared transmitter
2026-07-26 21:41:46 | stm32f302rd | table_11 | page=32 | Y=3.27 Touch sensing controller (TSC) | outline/toc=3.28.2 Embedded Trace Macrocell
2026-07-26 21:41:46 | stm32f302rd | table_20 | page=69 | Y=6.3.2 Operating conditions at power-up / power-down | outline/toc=6.3.3 Embedded reset and power control block characteristics
2026-07-26 21:41:46 | stm32f302rd | table_23 | page=70 | Y=6.3.4 Embedded reference voltage | outline/toc=6.3.5 Supply current characteristics
2026-07-26 21:41:46 | stm32f302rd | table_24 | page=70 | Y=6.3.4 Embedded reference voltage | outline/toc=6.3.5 Supply current characteristics
2026-07-26 21:41:46 | stm32f302rd | table_41 | page=88 | Y=6.3.8 Internal clock source characteristics | outline/toc=6.3.9 PLL characteristics
2026-07-26 21:41:46 | stm32f302rd | table_43 | page=89 | Y=6.3.10 Memory characteristics | outline/toc=6.3.11 FSMC characteristics
2026-07-26 21:41:46 | stm32f302rd | table_44 | page=89 | Y=6.3.10 Memory characteristics | outline/toc=6.3.11 FSMC characteristics
2026-07-26 21:41:46 | stm32f302rd | table_62 | page=111 | Y=6.3.12 EMC characteristics | outline/toc=6.3.13 Electrical sensitivity characteristics
2026-07-26 21:41:46 | stm32f302rd | table_64 | page=112 | Y=6.3.13 Electrical sensitivity characteristics | outline/toc=6.3.14 I/O current injection characteristics
2026-07-26 21:41:46 | stm32f302rd | table_71 | page=120 | Y=6.3.17 Timer characteristics | outline/toc=6.3.18 Communications interfaces
2026-07-26 21:41:46 | stm32f302rd | table_72 | page=120 | Y=6.3.17 Timer characteristics | outline/toc=6.3.18 Communications interfaces
2026-07-26 21:41:46 | stm32f302rd | table_92 | page=148 | Y=7.1 Package mechanical data | outline/toc=7.2 LQFP144 package information
2026-07-26 21:41:46 | stm32f302rd | table_93 | page=151 | Y=7.1 Package mechanical data | outline/toc=7.3 UFBGA100 package information
2026-07-26 21:41:46 | stm32f302rd | table_94 | page=152 | Y=7.1 Package mechanical data | outline/toc=7.3 UFBGA100 package information
2026-07-26 21:41:46 | stm32f302rd | table_95 | page=154 | Y=7.1 Package mechanical data | outline/toc=7.4 LQFP100 package information
2026-07-26 21:41:46 | stm32f302rd | table_96 | page=158 | Y=7.1 Package mechanical data | outline/toc=7.5 WLCSP100 package information
2026-07-26 21:41:46 | stm32f302rd | table_97 | page=159 | Y=7.1 Package mechanical data | outline/toc=7.5 WLCSP100 package information
2026-07-26 21:41:46 | stm32f302rd | table_98 | page=160 | Y=7.1 Package mechanical data | outline/toc=7.6 LQFP64 package information
2026-07-26 21:41:46 | stm32f302rd | table_99 | page=163 | Y=7.7 Thermal characteristics | outline/toc=7.7.2 Selecting the product temperature range
2026-07-26 21:41:51 | stm32f334c4 | table_3 | page=15 | Y=3.4.1 Power supply schemes | outline/toc=3.4.2 Power supply supervisor
2026-07-26 21:41:52 | stm32f334c4 | table_6 | page=27 | Y=3.16 Communication interfaces | outline/toc=3.16.1 Inter-integrated circuit interface (I2C)
2026-07-26 21:41:52 | stm32f334c4 | table_7 | page=27 | Y=3.16 Communication interfaces | outline/toc=3.16.1 Inter-integrated circuit interface (I2C)
2026-07-26 21:41:52 | stm32f334c4 | table_8 | page=28 | Y=3.16 Communication interfaces | outline/toc=3.16.3 Serial peripheral interface (SPI)
2026-07-26 21:41:52 | stm32f334c4 | table_12 | page=36 | Y=3.19.1 Serial-wire JTAG debug port (SWJ-DP) | outline/toc=4 Pinout and pin descriptions
2026-07-26 21:41:52 | stm32f334c4 | table_13 | page=36 | Y=3.19.1 Serial-wire JTAG debug port (SWJ-DP) | outline/toc=4 Pinout and pin descriptions
2026-07-26 21:41:52 | stm32f334c4 | table_14 | page=42 | Y=3.19.1 Serial-wire JTAG debug port (SWJ-DP) | outline/toc=4 Pinout and pin descriptions
2026-07-26 21:41:52 | stm32f334c4 | table_20 | page=53 | Y=6.3.2 Operating conditions at power-up / power-down | outline/toc=6.3.3 Characteristics of the embedded reset and power-control block
2026-07-26 21:41:52 | stm32f334c4 | table_22 | page=54 | Y=6.3.3 Characteristics of the embedded reset and power-control block | outline/toc=6.3.4 Embedded reference voltage
2026-07-26 21:41:52 | stm32f334c4 | table_24 | page=55 | Y=6.3.4 Embedded reference voltage | outline/toc=6.3.5 Supply current characteristics
2026-07-26 21:41:52 | stm32f334c4 | table_34 | page=66 | Y=6.3.6 Wakeup time from low-power mode | outline/toc=6.3.7 External clock source characteristics
2026-07-26 21:41:52 | stm32f334c4 | table_35 | page=66 | Y=6.3.6 Wakeup time from low-power mode | outline/toc=6.3.7 External clock source characteristics
2026-07-26 21:41:52 | stm32f334c4 | table_47 | page=75 | Y=6.3.12 Electrical sensitivity characteristics | outline/toc=6.3.13 I/O current injection characteristics
2026-07-26 21:41:52 | stm32f334c4 | table_48 | page=75 | Y=6.3.12 Electrical sensitivity characteristics | outline/toc=6.3.13 I/O current injection characteristics
2026-07-26 21:41:52 | stm32f334c4 | table_49 | page=76 | Y=6.3.13 I/O current injection characteristics | outline/toc=6.3.14 I/O port characteristics
2026-07-26 21:41:52 | stm32f334c4 | table_60 | page=86 | Y=6.3.17 Timer characteristics | outline/toc=6.3.18 Communication interfaces
2026-07-26 21:41:52 | stm32f334c4 | table_61 | page=86 | Y=6.3.17 Timer characteristics | outline/toc=6.3.18 Communication interfaces
2026-07-26 21:41:52 | stm32f334c4 | table_72 | page=103 | Y=6.3.23 Temperature sensor (TS) characteristics | outline/toc=6.3.24 V monitoring characteristics
2026-07-26 21:41:52 | stm32f334c4 | table_73 | page=103 | Y=6.3.23 Temperature sensor (TS) characteristics | outline/toc=6.3.24 V monitoring characteristics
2026-07-26 21:41:52 | stm32f334c4 | table_75 | page=105 | Y=7.1 Package mechanical data | outline/toc=7.2 LQFP32 package information
2026-07-26 21:41:52 | stm32f334c4 | table_76 | page=108 | Y=7.1 Package mechanical data | outline/toc=7.3 LQFP48 package information
2026-07-26 21:41:52 | stm32f334c4 | table_77 | page=111 | Y=7.1 Package mechanical data | outline/toc=7.4 LQFP64 package information
2026-07-26 21:41:52 | stm32f334c4 | table_78 | page=115 | Y=7.1 Package mechanical data | outline/toc=7.5 WLCSP49 package information
2026-07-26 21:41:52 | stm32f334c4 | table_79 | page=116 | Y=7.1 Package mechanical data | outline/toc=7.5 WLCSP49 package information
2026-07-26 21:41:52 | stm32f334c4 | table_80 | page=118 | Y=7.1 Package mechanical data | outline/toc=7.6 UFQFPN32 package information
2026-07-26 21:41:52 | stm32f334c4 | table_81 | page=120 | Y=7.7 Thermal characteristics | outline/toc=7.7.2 Selecting the product temperature range
2026-07-26 21:41:52 | stm32f334c4 | table_82 | page=122 | Y=7.7.2 Selecting the product temperature range | outline/toc=8 Ordering information
2026-07-26 21:41:53 | stm32f303rd | table_1 | page=2 | Y=3.6 V conversion range, separate analog | outline/toc=
2026-07-26 21:41:53 | stm32f303rd | table_3 | page=18 | Y=3.7.1 Power supply schemes | outline/toc=3.7.3 Voltage regulator
2026-07-26 21:41:53 | stm32f303rd | table_5 | page=26 | Y=3.18 Timers and watchdogs | outline/toc=3.18.2 General-purpose timers (TIM2, TIM3, TIM4, TIM15, TIM16, TIM17)
2026-07-26 21:41:53 | stm32f303rd | table_6 | page=29 | Y=3.20 Inter-integrated circuit interface (I C) | outline/toc=3.21 Universal synchronous/asynchronous receiver transmitter (USART)
2026-07-26 21:41:53 | stm32f303rd | table_7 | page=29 | Y=3.20 Inter-integrated circuit interface (I C) | outline/toc=3.21 Universal synchronous/asynchronous receiver transmitter (USART)
2026-07-26 21:41:53 | stm32f303rd | table_8 | page=30 | Y=3.22 Universal asynchronous receiver transmitter (UART) | outline/toc=3.23 Serial peripheral interface (SPI)/Inter-integrated sound interfaces (I2S)
2026-07-26 21:41:53 | stm32f303rd | table_9 | page=31 | Y=3.23 Serial peripheral interface (SPI)/Inter-integrated sound | outline/toc=3.26 Infrared transmitter
2026-07-26 21:41:53 | stm32f303rd | table_11 | page=33 | Y=3.27 Touch sensing controller (TSC) | outline/toc=3.28.2 Embedded Trace Macrocell
2026-07-26 21:41:53 | stm32f303rd | table_20 | page=73 | Y=6.3.2 Operating conditions at power-up / power-down | outline/toc=6.3.3 Embedded reset and power control block characteristics
2026-07-26 21:41:53 | stm32f303rd | table_23 | page=74 | Y=6.3.4 Embedded reference voltage | outline/toc=6.3.5 Supply current characteristics
2026-07-26 21:41:53 | stm32f303rd | table_24 | page=74 | Y=6.3.4 Embedded reference voltage | outline/toc=6.3.5 Supply current characteristics
2026-07-26 21:41:53 | stm32f303rd | table_41 | page=93 | Y=6.3.8 Internal clock source characteristics | outline/toc=6.3.9 PLL characteristics
2026-07-26 21:41:53 | stm32f303rd | table_43 | page=94 | Y=6.3.10 Memory characteristics | outline/toc=6.3.11 FSMC characteristics
2026-07-26 21:41:53 | stm32f303rd | table_44 | page=94 | Y=6.3.10 Memory characteristics | outline/toc=6.3.11 FSMC characteristics
2026-07-26 21:41:53 | stm32f303rd | table_62 | page=116 | Y=6.3.12 EMC characteristics | outline/toc=6.3.13 Electrical sensitivity characteristics
2026-07-26 21:41:53 | stm32f303rd | table_64 | page=117 | Y=6.3.13 Electrical sensitivity characteristics | outline/toc=6.3.14 I/O current injection characteristics
2026-07-26 21:41:53 | stm32f303rd | table_71 | page=125 | Y=6.3.17 Timer characteristics | outline/toc=6.3.18 Communications interfaces
2026-07-26 21:41:53 | stm32f303rd | table_72 | page=125 | Y=6.3.17 Timer characteristics | outline/toc=6.3.18 Communications interfaces
2026-07-26 21:41:53 | stm32f303rd | table_92 | page=153 | Y=7.1 Package mechanical data | outline/toc=7.2 LQFP144 package information
2026-07-26 21:41:53 | stm32f303rd | table_93 | page=156 | Y=7.1 Package mechanical data | outline/toc=7.3 UFBGA100 package information
2026-07-26 21:41:53 | stm32f303rd | table_94 | page=157 | Y=7.1 Package mechanical data | outline/toc=7.3 UFBGA100 package information
2026-07-26 21:41:53 | stm32f303rd | table_95 | page=159 | Y=7.1 Package mechanical data | outline/toc=7.4 LQFP100 package information
2026-07-26 21:41:53 | stm32f303rd | table_96 | page=163 | Y=7.1 Package mechanical data | outline/toc=7.5 WLCSP100 package information
2026-07-26 21:41:53 | stm32f303rd | table_97 | page=164 | Y=7.1 Package mechanical data | outline/toc=7.5 WLCSP100 package information
2026-07-26 21:41:53 | stm32f303rd | table_98 | page=165 | Y=7.1 Package mechanical data | outline/toc=7.6 LQFP64 package information
2026-07-26 21:41:53 | stm32f303rd | table_99 | page=168 | Y=7.7 Thermal characteristics | outline/toc=7.7.2 Selecting the product temperature range
2026-07-26 21:42:02 | stm32f358cc | table_3 | page=14 | Y=3.7.1 Power supply schemes | outline/toc=3.7.3 Low-power modes
2026-07-26 21:42:02 | stm32f358cc | table_6 | page=24 | Y=3.19 Inter-integrated circuit interface (I C) | outline/toc=3.19 Inter-integrated circuit interface (I2C)
2026-07-26 21:42:02 | stm32f358cc | table_7 | page=24 | Y=3.19 Inter-integrated circuit interface (I C) | outline/toc=3.19 Inter-integrated circuit interface (I2C)
2026-07-26 21:42:02 | stm32f358cc | table_8 | page=25 | Y=3.21 Universal asynchronous receiver transmitter (UART) | outline/toc=3.22 Serial peripheral interface (SPI)/Inter-integrated sound interfaces (I2S)
2026-07-26 21:42:02 | stm32f358cc | table_9 | page=26 | Y=3.22 Serial peripheral interface (SPI)/Inter-integrated sound | outline/toc=3.24 Infrared Transmitter
2026-07-26 21:42:02 | stm32f358cc | table_25 | page=57 | Y=6.3.2 Operating conditions at power-up / power-down | outline/toc=6.3.3 Embedded reference voltage
2026-07-26 21:42:02 | stm32f358cc | table_43 | page=77 | Y=6.3.7 Internal clock source characteristics | outline/toc=6.3.8 PLL characteristics
2026-07-26 21:42:02 | stm32f358cc | table_48 | page=80 | Y=6.3.10 EMC characteristics | outline/toc=6.3.11 Electrical sensitivity characteristics
2026-07-26 21:42:02 | stm32f358cc | table_50 | page=81 | Y=6.3.11 Electrical sensitivity characteristics | outline/toc=6.3.12 I/O current injection characteristics
2026-07-26 21:42:02 | stm32f358cc | table_56 | page=88 | Y=6.3.15 NPOR pin characteristics | outline/toc=6.3.16 Timer characteristics
2026-07-26 21:42:03 | stm32f358cc | table_74 | page=118 | Y=6.3.22 Temperature sensor characteristics | outline/toc=6.3.23 V monitoring characteristics
2026-07-26 21:42:03 | stm32f358cc | table_75 | page=118 | Y=6.3.22 Temperature sensor characteristics | outline/toc=6.3.23 V monitoring characteristics
2026-07-26 21:42:03 | stm32f358cc | table_80 | page=128 | Y=7.4 Thermal characteristics | outline/toc=7.4.1 Reference document
2026-07-26 21:42:05 | stm32f373c8 | table_6 | page=25 | Y=3.19 Inter-integrated circuit interface (I C) | outline/toc=3.19 Inter-integrated circuit interface (I2C)
2026-07-26 21:42:05 | stm32f373c8 | table_7 | page=25 | Y=3.19 Inter-integrated circuit interface (I C) | outline/toc=3.19 Inter-integrated circuit interface (I2C)
2026-07-26 21:42:05 | stm32f373c8 | table_9 | page=27 | Y=3.21 Serial peripheral interface (SPI)/Inter-integrated sound | outline/toc=3.23 Controller area network (CAN)
2026-07-26 21:42:05 | stm32f373c8 | table_34 | page=5 | Y=3.22 High-definition multimedia interface (HDMI) - consumer | outline/toc=
2026-07-26 21:42:05 | stm32f373c8 | table_37 | page=72 | Y=6.3.6 Wakeup time from low-power mode | outline/toc=6.3.7 External clock source characteristics
2026-07-26 21:42:05 | stm32f373c8 | table_43 | page=78 | Y=6.3.8 Internal clock source characteristics | outline/toc=6.3.9 PLL characteristics
2026-07-26 21:42:05 | stm32f373c8 | table_48 | page=81 | Y=6.3.11 EMC characteristics | outline/toc=6.3.12 Electrical sensitivity characteristics
2026-07-26 21:42:05 | stm32f373c8 | table_50 | page=82 | Y=6.3.12 Electrical sensitivity characteristics | outline/toc=6.3.13 I/O current injection characteristics
2026-07-26 21:42:05 | stm32f373c8 | table_65 | page=105 | Y=6.3.20 Temperature sensor characteristics | outline/toc=6.3.22 Timer characteristics
2026-07-26 21:42:05 | stm32f373c8 | table_66 | page=105 | Y=6.3.20 Temperature sensor characteristics | outline/toc=6.3.22 Timer characteristics
2026-07-26 21:42:05 | stm32f373c8 | table_67 | page=105 | Y=6.3.21 V monitoring characteristics | outline/toc=6.3.22 Timer characteristics
2026-07-26 21:42:05 | stm32f373c8 | table_73 | page=108 | Y=6.3.23 USB characteristics | outline/toc=6.3.25 SDADC characteristics
2026-07-26 21:42:05 | stm32f373c8 | table_76 | page=115 | Y=7 Package information | outline/toc=7.1 UFBGA100 package information
2026-07-26 21:42:05 | stm32f373c8 | table_77 | page=116 | Y=7 Package information | outline/toc=7.1 UFBGA100 package information
2026-07-26 21:42:05 | stm32f373c8 | table_78 | page=119 | Y=7 Package information | outline/toc=7.2 LQFP100 package information
2026-07-26 21:42:05 | stm32f373c8 | table_79 | page=122 | Y=7 Package information | outline/toc=7.3 LQFP64 package information
2026-07-26 21:42:05 | stm32f373c8 | table_80 | page=125 | Y=7 Package information | outline/toc=7.4 LQFP48 package information
2026-07-26 21:42:05 | stm32f373c8 | table_81 | page=127 | Y=7.5 Thermal characteristics | outline/toc=7.5.1 Reference document
2026-07-26 21:42:07 | stm32f378cc | table_6 | page=24 | Y=3.19 Inter-integrated circuit interface (I C) | outline/toc=3.19 Inter-integrated circuit interface (I2C)
2026-07-26 21:42:07 | stm32f378cc | table_7 | page=24 | Y=3.19 Inter-integrated circuit interface (I C) | outline/toc=3.19 Inter-integrated circuit interface (I2C)
2026-07-26 21:42:07 | stm32f378cc | table_9 | page=26 | Y=3.21 Serial peripheral interface (SPI)/Inter-integrated sound | outline/toc=3.23 Controller area network (CAN)
2026-07-26 21:42:07 | stm32f378cc | table_32 | page=5 | Y=3.22 High-definition multimedia interface (HDMI) - consumer | outline/toc=
2026-07-26 21:42:07 | stm32f378cc | table_35 | page=71 | Y=6.3.5 Wakeup time from low-power mode | outline/toc=6.3.6 External clock source characteristics
2026-07-26 21:42:07 | stm32f378cc | table_41 | page=77 | Y=6.3.7 Internal clock source characteristics | outline/toc=6.3.8 PLL characteristics
2026-07-26 21:42:07 | stm32f378cc | table_46 | page=80 | Y=6.3.10 EMC characteristics | outline/toc=6.3.11 Electrical sensitivity characteristics
2026-07-26 21:42:07 | stm32f378cc | table_48 | page=81 | Y=6.3.11 Electrical sensitivity characteristics | outline/toc=6.3.12 I/O current injection characteristics
2026-07-26 21:42:07 | stm32f378cc | table_64 | page=103 | Y=6.3.19 Temperature sensor characteristics | outline/toc=6.3.21 Timer characteristics
2026-07-26 21:42:07 | stm32f378cc | table_65 | page=103 | Y=6.3.19 Temperature sensor characteristics | outline/toc=6.3.21 Timer characteristics
2026-07-26 21:42:07 | stm32f378cc | table_66 | page=103 | Y=6.3.20 V monitoring characteristics | outline/toc=6.3.21 Timer characteristics
2026-07-26 21:42:07 | stm32f378cc | table_72 | page=111 | Y=7 Package information | outline/toc=7.1 UFBGA100 package information
2026-07-26 21:42:07 | stm32f378cc | table_73 | page=112 | Y=7 Package information | outline/toc=7.1 UFBGA100 package information
2026-07-26 21:42:07 | stm32f378cc | table_74 | page=114 | Y=7 Package information | outline/toc=7.2 WLCSP66 package information
2026-07-26 21:42:07 | stm32f378cc | table_75 | page=117 | Y=7 Package information | outline/toc=7.3 LQFP100 package information
2026-07-26 21:42:07 | stm32f378cc | table_76 | page=120 | Y=7 Package information | outline/toc=7.4 LQFP64 package information
2026-07-26 21:42:07 | stm32f378cc | table_77 | page=123 | Y=7 Package information | outline/toc=7.5 LQFP48 package information
2026-07-26 21:42:07 | stm32f378cc | table_78 | page=125 | Y=7.6 Thermal characteristics | outline/toc=7.6.1 Reference document
2026-07-26 21:42:27 | stm32f398ve | table_2 | page=15 | Y=3.7.1 Power supply schemes | outline/toc=3.7.3 Low-power modes
2026-07-26 21:42:27 | stm32f398ve | table_3 | page=16 | Y=3.8 Interconnect matrix | outline/toc=3.9 Clocks and startup
2026-07-26 21:42:27 | stm32f398ve | table_5 | page=25 | Y=3.19 Real-time clock (RTC) and backup registers | outline/toc=3.20 Inter-integrated circuit interface (I2C)
2026-07-26 21:42:27 | stm32f398ve | table_6 | page=26 | Y=3.19 Real-time clock (RTC) and backup registers | outline/toc=3.21 Universal synchronous/asynchronous receiver transmitter (USART)
2026-07-26 21:42:27 | stm32f398ve | table_8 | page=28 | Y=3.23 Serial peripheral interface (SPI)/Inter-integrated sound | outline/toc=3.24 Controller area network (CAN)
2026-07-26 21:42:27 | stm32f398ve | table_13 | page=41 | Y=6 VBAT S - - - - | outline/toc=4 Pinouts and pin description
2026-07-26 21:42:27 | stm32f398ve | table_20 | page=63 | Y=6.3.3 Embedded reference voltage | outline/toc=6.3.4 Supply current characteristics
2026-07-26 21:42:27 | stm32f398ve | table_21 | page=63 | Y=6.3.3 Embedded reference voltage | outline/toc=6.3.4 Supply current characteristics
2026-07-26 21:42:27 | stm32f398ve | table_25 | page=67 | Y=1.8 V A A A | outline/toc=6.3.4 Supply current characteristics
2026-07-26 21:42:27 | stm32f398ve | table_26 | page=67 | Y=1.8 V A A A | outline/toc=6.3.4 Supply current characteristics
2026-07-26 21:42:27 | stm32f398ve | table_27 | page=69 | Y=1.8 V A A A | outline/toc=6.3.4 Supply current characteristics
2026-07-26 21:42:27 | stm32f398ve | table_28 | page=70 | Y=1.8 V A A A | outline/toc=6.3.4 Supply current characteristics
2026-07-26 21:42:27 | stm32f398ve | table_29 | page=72 | Y=1.8 V A A A | outline/toc=6.3.4 Supply current characteristics
2026-07-26 21:42:27 | stm32f398ve | table_30 | page=74 | Y=1.8 V A A A | outline/toc=6.3.4 Supply current characteristics
2026-07-26 21:42:27 | stm32f398ve | table_37 | page=84 | Y=6.3.7 Internal clock source characteristics | outline/toc=6.3.8 PLL characteristics
2026-07-26 21:42:27 | stm32f398ve | table_39 | page=85 | Y=6.3.9 Memory characteristics | outline/toc=6.3.10 FSMC characteristics
2026-07-26 21:42:27 | stm32f398ve | table_40 | page=85 | Y=6.3.9 Memory characteristics | outline/toc=6.3.10 FSMC characteristics
2026-07-26 21:42:27 | stm32f398ve | table_58 | page=110 | Y=6.3.11 EMC characteristics | outline/toc=6.3.12 Electrical sensitivity characteristics
2026-07-26 21:42:27 | stm32f398ve | table_60 | page=111 | Y=6.3.12 Electrical sensitivity characteristics | outline/toc=6.3.13 I/O current injection characteristics
2026-07-26 21:42:27 | stm32f398ve | table_81 | page=142 | Y=6.3.23 Temperature sensor characteristics | outline/toc=6.3.24 V monitoring characteristics
2026-07-26 21:42:27 | stm32f398ve | table_82 | page=142 | Y=6.3.23 Temperature sensor characteristics | outline/toc=6.3.24 V monitoring characteristics
2026-07-26 21:42:27 | stm32f398ve | table_84 | page=144 | Y=7 Package information | outline/toc=7.1 LQFP100 package information
2026-07-26 21:42:27 | stm32f398ve | table_85 | page=146 | Y=7.2 Thermal characteristics | outline/toc=7.2.2 Selecting the product temperature range
2026-07-26 21:42:29 | stm32f401cb | table_4 | page=26 | Y=3.19 Timers and watchdogs | outline/toc=3.19.1 Advanced-control timers (TIM1)
2026-07-26 21:42:29 | stm32f401cb | table_5 | page=28 | Y=3.20 Inter-integrated circuit interface (I C) | outline/toc=3.21 Universal synchronous/asynchronous receiver transmitters (USART)
2026-07-26 21:42:29 | stm32f401cb | table_16 | page=61 | Y=6.3.1 General operating conditions | outline/toc=6.3.3 Operating conditions at power-up / power-down (regulator ON)
2026-07-26 21:42:29 | stm32f401cb | table_18 | page=62 | Y=6.3.4 Operating conditions at power-up / power-down (regulator OFF) | outline/toc=6.3.5 Embedded reset and power control block characteristics
2026-07-26 21:42:29 | stm32f401cb | table_47 | page=86 | Y=6.3.12 Memory characteristics | outline/toc=6.3.13 EMC characteristics
2026-07-26 21:42:29 | stm32f401cb | table_49 | page=88 | Y=6.3.13 EMC characteristics | outline/toc=6.3.14 Absolute maximum ratings (electrical sensitivity)
2026-07-26 21:42:29 | stm32f401cb | table_50 | page=88 | Y=6.3.13 EMC characteristics | outline/toc=6.3.14 Absolute maximum ratings (electrical sensitivity)
2026-07-26 21:42:29 | stm32f401cb | table_52 | page=89 | Y=6.3.14 Absolute maximum ratings (electrical sensitivity) | outline/toc=6.3.15 I/O current injection characteristics
2026-07-26 21:42:30 | stm32f401cb | table_74 | page=111 | Y=6.3.22 V monitoring characteristics | outline/toc=6.3.24 SD/SDIO MMC card host interface (SDIO) characteristics
2026-07-26 21:42:30 | stm32f401cb | table_75 | page=111 | Y=6.3.23 Embedded reference voltage | outline/toc=6.3.24 SD/SDIO MMC card host interface (SDIO) characteristics
2026-07-26 21:42:30 | stm32f401cb | table_76 | page=111 | Y=6.3.23 Embedded reference voltage | outline/toc=6.3.24 SD/SDIO MMC card host interface (SDIO) characteristics
2026-07-26 21:42:30 | stm32f401cb | table_79 | page=115 | Y=7 Package information | outline/toc=7.1 WLCSP49 package information
2026-07-26 21:42:30 | stm32f401cb | table_80 | page=116 | Y=7 Package information | outline/toc=7.1 WLCSP49 package information
2026-07-26 21:42:30 | stm32f401cb | table_81 | page=117 | Y=7 Package information | outline/toc=7.2 UFQFPN48 package information
2026-07-26 21:42:30 | stm32f401cb | table_82 | page=120 | Y=7 Package information | outline/toc=7.3 LQFP64 package information
2026-07-26 21:42:30 | stm32f401cb | table_84 | page=128 | Y=7 Package information | outline/toc=7.5 UFBGA100 package information
2026-07-26 21:42:30 | stm32f401cb | table_85 | page=129 | Y=7 Package information | outline/toc=7.5 UFBGA100 package information
2026-07-26 21:42:30 | stm32f401cb | table_86 | page=131 | Y=7.6 Thermal characteristics | outline/toc=7.6.1 Reference document
2026-07-26 21:42:30 | stm32f401cd | table_4 | page=27 | Y=3.19 Timers and watchdogs | outline/toc=3.19.1 Advanced-control timers (TIM1)
2026-07-26 21:42:30 | stm32f401cd | table_5 | page=29 | Y=3.20 Inter-integrated circuit interface (I C) | outline/toc=3.21 Universal synchronous/asynchronous receiver transmitters (USART)
2026-07-26 21:42:30 | stm32f401cd | table_16 | page=62 | Y=6.3.1 General operating conditions | outline/toc=6.3.4 Operating conditions at power-up / power-down (regulator OFF)
2026-07-26 21:42:30 | stm32f401cd | table_17 | page=62 | Y=6.3.3 Operating conditions at power-up / power-down (regulator ON) | outline/toc=6.3.4 Operating conditions at power-up / power-down (regulator OFF)
2026-07-26 21:42:30 | stm32f401cd | table_18 | page=63 | Y=6.3.4 Operating conditions at power-up / power-down (regulator OFF) | outline/toc=6.3.5 Embedded reset and power control block characteristics
2026-07-26 21:42:30 | stm32f401cd | table_32 | page=73 | Y=2.4 V BAT | outline/toc=6.3.6 Supply current characteristics
2026-07-26 21:42:30 | stm32f401cd | table_33 | page=74 | Y=2.4 V BAT | outline/toc=6.3.6 Supply current characteristics
2026-07-26 21:42:30 | stm32f401cd | table_40 | page=81 | Y=6.3.9 Internal clock source characteristics | outline/toc=6.3.10 PLL characteristics
2026-07-26 21:42:30 | stm32f401cd | table_47 | page=87 | Y=6.3.12 Memory characteristics | outline/toc=6.3.13 EMC characteristics
2026-07-26 21:42:31 | stm32f401cd | table_49 | page=89 | Y=6.3.13 EMC characteristics | outline/toc=6.3.14 Absolute maximum ratings (electrical sensitivity)
2026-07-26 21:42:31 | stm32f401cd | table_50 | page=89 | Y=6.3.13 EMC characteristics | outline/toc=6.3.14 Absolute maximum ratings (electrical sensitivity)
2026-07-26 21:42:31 | stm32f401cd | table_52 | page=90 | Y=6.3.14 Absolute maximum ratings (electrical sensitivity) | outline/toc=6.3.15 I/O current injection characteristics
2026-07-26 21:42:31 | stm32f401cd | table_53 | page=91 | Y=6.3.15 I/O current injection characteristics | outline/toc=6.3.16 I/O port characteristics
2026-07-26 21:42:31 | stm32f401cd | table_55 | page=94 | Y=2.00 MOS | outline/toc=6.3.16 I/O port characteristics
2026-07-26 21:42:31 | stm32f401cd | table_56 | page=94 | Y=2.00 MOS | outline/toc=6.3.16 I/O port characteristics
2026-07-26 21:42:31 | stm32f401cd | table_74 | page=113 | Y=6.3.22 V monitoring characteristics | outline/toc=6.3.24 SD/SDIO MMC card host interface (SDIO) characteristics
2026-07-26 21:42:31 | stm32f401cd | table_75 | page=113 | Y=6.3.23 Embedded reference voltage | outline/toc=6.3.24 SD/SDIO MMC card host interface (SDIO) characteristics
2026-07-26 21:42:31 | stm32f401cd | table_76 | page=113 | Y=6.3.23 Embedded reference voltage | outline/toc=6.3.24 SD/SDIO MMC card host interface (SDIO) characteristics
2026-07-26 21:42:31 | stm32f401cd | table_79 | page=118 | Y=7.1 Device marking | outline/toc=7.2 WLCSP49 package information (A0ZV)
2026-07-26 21:42:31 | stm32f401cd | table_80 | page=119 | Y=7.1 Device marking | outline/toc=7.2 WLCSP49 package information (A0ZV)
2026-07-26 21:42:31 | stm32f401cd | table_81 | page=121 | Y=7.1 Device marking | outline/toc=7.3 UFQFPN48 package information (A0B9)
2026-07-26 21:42:31 | stm32f401cd | table_82 | page=123 | Y=7.1 Device marking | outline/toc=7.4 LQFP64 package information (5W)
2026-07-26 21:42:31 | stm32f401cd | table_83 | page=126 | Y=7.1 Device marking | outline/toc=7.5 LQFP100 package information (1L)
2026-07-26 21:42:31 | stm32f401cd | table_84 | page=129 | Y=7.1 Device marking | outline/toc=7.6 UFBGA100 package information (A0C2)
2026-07-26 21:42:31 | stm32f401cd | table_85 | page=130 | Y=7.1 Device marking | outline/toc=7.6 UFBGA100 package information (A0C2)
2026-07-26 21:42:31 | stm32f401cd | table_86 | page=131 | Y=7.7 Thermal characteristics | outline/toc=7.7.1 Reference document
2026-07-26 21:42:31 | stm32f401cd | table_87 | page=132 | Y=7.7.1 Reference document | outline/toc=8 Ordering information
2026-07-26 21:42:31 | stm32f401cd | table_88 | page=133 | Y=7.7.1 Reference document | outline/toc=8 Ordering information
2026-07-26 21:42:49 | stm32f411cc | table_4 | page=28 | Y=3.20 Timers and watchdogs | outline/toc=3.20.1 Advanced-control timers (TIM1)
2026-07-26 21:42:49 | stm32f411cc | table_5 | page=30 | Y=3.21 Inter-integrated circuit interface (I C) | outline/toc=3.22 Universal synchronous/asynchronous receiver transmitters (USART)
2026-07-26 21:42:49 | stm32f411cc | table_6 | page=31 | Y=3.22 Universal synchronous/asynchronous receiver transmitters | outline/toc=3.25 Audio PLL (PLLI2S)
2026-07-26 21:42:49 | stm32f411cc | table_16 | page=66 | Y=2.7 V wait states | outline/toc=6.3.4 Operating conditions at power-up / power-down (regulator OFF)
2026-07-26 21:42:49 | stm32f411cc | table_17 | page=66 | Y=6.3.3 Operating conditions at power-up/power-down (regulator ON) | outline/toc=6.3.4 Operating conditions at power-up / power-down (regulator OFF)
2026-07-26 21:42:49 | stm32f411cc | table_34 | page=83 | Y=6.3.7 Wakeup time from low-power modes | outline/toc=6.3.8 External clock source characteristics
2026-07-26 21:42:49 | stm32f411cc | table_47 | page=94 | Y=6.3.12 Memory characteristics | outline/toc=6.3.13 EMC characteristics
2026-07-26 21:42:49 | stm32f411cc | table_49 | page=96 | Y=6.3.13 EMC characteristics | outline/toc=6.3.14 Absolute maximum ratings (electrical sensitivity)
2026-07-26 21:42:49 | stm32f411cc | table_51 | page=97 | Y=6.3.14 Absolute maximum ratings (electrical sensitivity) | outline/toc=6.3.15 I/O current injection characteristics
2026-07-26 21:42:49 | stm32f411cc | table_57 | page=105 | Y=6.3.18 TIM timer characteristics | outline/toc=6.3.19 Communications interfaces
2026-07-26 21:42:49 | stm32f411cc | table_73 | page=121 | Y=6.3.22 V monitoring characteristics | outline/toc=6.3.23 Embedded reference voltage
2026-07-26 21:42:49 | stm32f411cc | table_79 | page=127 | Y=7.1 Device marking | outline/toc=7.2 WLCSP49 package information (A0ZV)
2026-07-26 21:42:49 | stm32f411cc | table_80 | page=128 | Y=7.1 Device marking | outline/toc=7.2 WLCSP49 package information (A0ZV)
2026-07-26 21:42:49 | stm32f411cc | table_81 | page=130 | Y=7.1 Device marking | outline/toc=7.3 UFQFPN48 package information (A0B9)
2026-07-26 21:42:49 | stm32f411cc | table_82 | page=132 | Y=7.1 Device marking | outline/toc=7.4 LQFP64 package information (5W)
2026-07-26 21:42:49 | stm32f411cc | table_83 | page=135 | Y=7.1 Device marking | outline/toc=7.5 LQFP100 package information (1L)
2026-07-26 21:42:49 | stm32f411cc | table_84 | page=138 | Y=7.1 Device marking | outline/toc=7.6 UFBGA100 package information (A0C2)
2026-07-26 21:42:49 | stm32f411cc | table_85 | page=139 | Y=7.1 Device marking | outline/toc=7.6 UFBGA100 package information (A0C2)
2026-07-26 21:42:49 | stm32f411cc | table_86 | page=140 | Y=7.7 Thermal characteristics | outline/toc=7.7.1 Reference document
2026-07-26 21:42:49 | stm32f411cc | table_87 | page=141 | Y=7.7.1 Reference document | outline/toc=8 Ordering information
2026-07-26 21:42:49 | stm32f411cc | table_88 | page=142 | Y=7.7.1 Reference document | outline/toc=8 Ordering information
2026-07-26 21:42:51 | stm32f410c8 | table_3 | page=19 | Y=3.13 Boot modes | outline/toc=3.14 Power supply schemes
2026-07-26 21:42:52 | stm32f410c8 | table_6 | page=27 | Y=3.21 Inter-integrated circuit interface (I C) | outline/toc=3.22 Universal synchronous/asynchronous receiver transmitters (USART)
2026-07-26 21:42:52 | stm32f410c8 | table_7 | page=28 | Y=3.22 Universal synchronous/asynchronous receiver transmitters | outline/toc=3.25 True random number generator (RNG)
2026-07-26 21:42:52 | stm32f410c8 | table_17 | page=55 | Y=2.7 V wait states | outline/toc=6.3.4 Operating conditions at power-up / power-down (regulator OFF)
2026-07-26 21:42:52 | stm32f410c8 | table_18 | page=55 | Y=6.3.3 Operating conditions at power-up/power-down (regulator ON) | outline/toc=6.3.4 Operating conditions at power-up / power-down (regulator OFF)
2026-07-26 21:42:52 | stm32f410c8 | table_37 | page=77 | Y=6.3.7 Wakeup time from low-power modes | outline/toc=6.3.8 External clock source characteristics
2026-07-26 21:42:52 | stm32f410c8 | table_48 | page=87 | Y=6.3.12 Memory characteristics | outline/toc=6.3.13 EMC characteristics
2026-07-26 21:42:52 | stm32f410c8 | table_49 | page=87 | Y=6.3.12 Memory characteristics | outline/toc=6.3.13 EMC characteristics
2026-07-26 21:42:52 | stm32f410c8 | table_51 | page=89 | Y=6.3.13 EMC characteristics | outline/toc=6.3.14 Absolute maximum ratings (electrical sensitivity)
2026-07-26 21:42:52 | stm32f410c8 | table_53 | page=90 | Y=6.3.14 Absolute maximum ratings (electrical sensitivity) | outline/toc=6.3.15 I/O current injection characteristics
2026-07-26 21:42:52 | stm32f410c8 | table_74 | page=113 | Y=6.3.22 V monitoring characteristics | outline/toc=6.3.23 Embedded reference voltage
2026-07-26 21:42:52 | stm32f410c8 | table_79 | page=119 | Y=7.1 Device marking | outline/toc=7.2 UFQFPN48 package information (A0B9)
2026-07-26 21:42:52 | stm32f410c8 | table_80 | page=121 | Y=7.1 Device marking | outline/toc=7.3 LQFP48 package information (5B)
2026-07-26 21:42:52 | stm32f410c8 | table_81 | page=124 | Y=7.1 Device marking | outline/toc=7.4 LQFP64 package information (5W)
2026-07-26 21:42:52 | stm32f410c8 | table_82 | page=127 | Y=7.1 Device marking | outline/toc=7.5 UFBGA64 package information (A019)
2026-07-26 21:42:52 | stm32f410c8 | table_83 | page=128 | Y=7.1 Device marking | outline/toc=7.5 UFBGA64 package information (A019)
2026-07-26 21:42:52 | stm32f410c8 | table_84 | page=130 | Y=7.1 Device marking | outline/toc=7.6 WLCSP36 package information
2026-07-26 21:42:52 | stm32f410c8 | table_85 | page=130 | Y=7.1 Device marking | outline/toc=7.6 WLCSP36 package information
2026-07-26 21:42:52 | stm32f410c8 | table_86 | page=132 | Y=7.7 Thermal characteristics | outline/toc=7.7.1 Reference document
2026-07-26 21:42:52 | stm32f410c8 | table_87 | page=133 | Y=7.7.1 Reference document | outline/toc=8 Part numbering
2026-07-26 21:42:52 | stm32f410c8 | table_88 | page=134 | Y=7.7.1 Reference document | outline/toc=8 Part numbering
2026-07-26 21:42:59 | stm32f405oe | table_3 | page=31 | Y=3.17 Regulator ON/OFF and internal reset ON/OFF availability | outline/toc=3.18 Real-time clock (RTC), backup SRAM and backup registers
2026-07-26 21:42:59 | stm32f405oe | table_5 | page=37 | Y=3.23 Universal synchronous/asynchronous receiver transmitters | outline/toc=3.25 Inter-integrated sound (I2S)
2026-07-26 21:42:59 | stm32f405oe | table_6 | page=48 | Y=3.38 Serial wire JTAG debug port (SWJ-DP) | outline/toc=4 Pinouts and pin description
2026-07-26 21:42:59 | stm32f405oe | table_7 | page=49 | Y=3.38 Serial wire JTAG debug port (SWJ-DP) | outline/toc=4 Pinouts and pin description
2026-07-26 21:42:59 | stm32f405oe | table_8 | page=61 | Y=3.38 Serial wire JTAG debug port (SWJ-DP) | outline/toc=4 Pinouts and pin description
2026-07-26 21:42:59 | stm32f405oe | table_9 | page=64 | Y=3.38 Serial wire JTAG debug port (SWJ-DP) | outline/toc=4 Pinouts and pin description
2026-07-26 21:42:59 | stm32f405oe | table_12 | page=81 | Y=6.2 Absolute maximum ratings | outline/toc=6.3.1 General operating conditions
2026-07-26 21:42:59 | stm32f405oe | table_13 | page=81 | Y=6.2 Absolute maximum ratings | outline/toc=6.3.1 General operating conditions
2026-07-26 21:42:59 | stm32f405oe | table_15 | page=83 | Y=1.2 V internal voltage on | outline/toc=6.3.1 General operating conditions
2026-07-26 21:42:59 | stm32f405oe | table_17 | page=84 | Y=6.3.3 Operating conditions at power-up / power-down (regulator ON) | outline/toc=6.3.4 Operating conditions at power-up / power-down (regulator OFF)
2026-07-26 21:42:59 | stm32f405oe | table_29 | page=101 | Y=6.3.7 Wakeup time from low-power mode | outline/toc=6.3.8 External clock source characteristics
2026-07-26 21:42:59 | stm32f405oe | table_41 | page=112 | Y=6.3.12 Memory characteristics | outline/toc=6.3.13 EMC characteristics
2026-07-26 21:42:59 | stm32f405oe | table_42 | page=112 | Y=6.3.12 Memory characteristics | outline/toc=6.3.13 EMC characteristics
2026-07-26 21:42:59 | stm32f405oe | table_44 | page=114 | Y=6.3.13 EMC characteristics | outline/toc=6.3.14 Absolute maximum ratings (electrical sensitivity)
2026-07-26 21:42:59 | stm32f405oe | table_46 | page=115 | Y=6.3.14 Absolute maximum ratings (electrical sensitivity) | outline/toc=6.3.15 I/O current injection characteristics
2026-07-26 21:42:59 | stm32f405oe | table_47 | page=116 | Y=6.3.15 I/O current injection characteristics | outline/toc=6.3.16 I/O port characteristics
2026-07-26 21:42:59 | stm32f405oe | table_51 | page=121 | Y=6.3.17 NRST pin characteristics | outline/toc=6.3.18 TIM timer characteristics
2026-07-26 21:43:00 | stm32f405oe | table_53 | page=123 | Y=6.3.18 TIM timer characteristics | outline/toc=6.3.19 Communications interfaces
2026-07-26 21:43:00 | stm32f405oe | table_66 | page=135 | Y=6.3.19 Communications interfaces | outline/toc=6.3.20 CAN (controller area network) interface
2026-07-26 21:43:00 | stm32f405oe | table_71 | page=141 | Y=6.3.23 V monitoring characteristics | outline/toc=6.3.25 DAC electrical characteristics
2026-07-26 21:43:00 | stm32f405oe | table_72 | page=141 | Y=6.3.24 Embedded reference voltage | outline/toc=6.3.25 DAC electrical characteristics
2026-07-26 21:43:00 | stm32f405oe | table_73 | page=141 | Y=6.3.24 Embedded reference voltage | outline/toc=6.3.25 DAC electrical characteristics
2026-07-26 21:43:00 | stm32f405oe | table_86 | page=162 | Y=6.3.26 FSMC characteristics | outline/toc=6.3.27 Camera interface (DCMI) timing specifications
2026-07-26 21:43:00 | stm32f405oe | table_88 | page=164 | Y=6.3.28 SD/SDIO MMC card host interface (SDIO) characteristics | outline/toc=6.3.29 RTC characteristics
2026-07-26 21:43:00 | stm32f405oe | table_90 | page=167 | Y=7.1 Device marking | outline/toc=7.2 WLCSP90 package information
2026-07-26 21:43:00 | stm32f405oe | table_91 | page=168 | Y=7.1 Device marking | outline/toc=7.2 WLCSP90 package information
2026-07-26 21:43:00 | stm32f405oe | table_92 | page=170 | Y=7.1 Device marking | outline/toc=7.3 LQFP64 package information (5W)
2026-07-26 21:43:00 | stm32f405oe | table_93 | page=173 | Y=7.1 Device marking | outline/toc=7.4 LQFP100 package information (1L)
2026-07-26 21:43:00 | stm32f405oe | table_94 | page=176 | Y=7.1 Device marking | outline/toc=7.5 LQFP144 package information (1A)
2026-07-26 21:43:00 | stm32f405oe | table_95 | page=179 | Y=7.1 Device marking | outline/toc=7.5 LQFP144 package information (1A)
2026-07-26 21:43:00 | stm32f405oe | table_96 | page=180 | Y=7.1 Device marking | outline/toc=7.5 LQFP144 package information (1A)
2026-07-26 21:43:00 | stm32f405oe | table_97 | page=182 | Y=7.1 Device marking | outline/toc=7.7 LQFP176 package information (1T)
2026-07-26 21:43:18 | stm32f415og | table_3 | page=31 | Y=2.2.17 Regulator ON/OFF and internal reset ON/OFF availability | outline/toc=2.2.18 Real-time clock (RTC), backup SRAM and backup registers
2026-07-26 21:43:18 | stm32f415og | table_5 | page=37 | Y=2.2.23 Universal synchronous/asynchronous receiver transmitters (USART) | outline/toc=2.2.25 Inter-integrated sound (I2S)
2026-07-26 21:43:18 | stm32f415og | table_10 | page=75 | Y=3 Pinouts and pin description | outline/toc=4 Memory mapping
2026-07-26 21:43:18 | stm32f415og | table_12 | page=82 | Y=5.2 Absolute maximum ratings | outline/toc=5.3.1 General operating conditions
2026-07-26 21:43:18 | stm32f415og | table_13 | page=82 | Y=5.2 Absolute maximum ratings | outline/toc=5.3.1 General operating conditions
2026-07-26 21:43:18 | stm32f415og | table_15 | page=84 | Y=1.2 V internal voltage on | outline/toc=5.3.1 General operating conditions
2026-07-26 21:43:18 | stm32f415og | table_17 | page=85 | Y=5.3.3 Operating conditions at power-up / power-down (regulator ON) | outline/toc=5.3.4 Operating conditions at power-up / power-down (regulator OFF)
2026-07-26 21:43:18 | stm32f415og | table_29 | page=103 | Y=5.3.7 Wakeup time from low-power mode | outline/toc=5.3.8 External clock source characteristics
2026-07-26 21:43:18 | stm32f415og | table_41 | page=114 | Y=5.3.12 Memory characteristics | outline/toc=5.3.13 EMC characteristics
2026-07-26 21:43:18 | stm32f415og | table_42 | page=114 | Y=5.3.12 Memory characteristics | outline/toc=5.3.13 EMC characteristics
2026-07-26 21:43:18 | stm32f415og | table_44 | page=116 | Y=5.3.13 EMC characteristics | outline/toc=5.3.14 Absolute maximum ratings (electrical sensitivity)
2026-07-26 21:43:18 | stm32f415og | table_46 | page=117 | Y=5.3.14 Absolute maximum ratings (electrical sensitivity) | outline/toc=5.3.15 I/O current injection characteristics
2026-07-26 21:43:18 | stm32f415og | table_47 | page=118 | Y=5.3.15 I/O current injection characteristics | outline/toc=5.3.16 I/O port characteristics
2026-07-26 21:43:18 | stm32f415og | table_53 | page=125 | Y=5.3.18 TIM timer characteristics | outline/toc=5.3.19 Communications interfaces
2026-07-26 21:43:18 | stm32f415og | table_66 | page=137 | Y=5.3.19 Communications interfaces | outline/toc=5.3.20 CAN (controller area network) interface
2026-07-26 21:43:18 | stm32f415og | table_71 | page=143 | Y=5.3.23 V monitoring characteristics | outline/toc=5.3.25 DAC electrical characteristics
2026-07-26 21:43:18 | stm32f415og | table_72 | page=143 | Y=5.3.24 Embedded reference voltage | outline/toc=5.3.25 DAC electrical characteristics
2026-07-26 21:43:18 | stm32f415og | table_73 | page=143 | Y=5.3.24 Embedded reference voltage | outline/toc=5.3.25 DAC electrical characteristics
2026-07-26 21:43:18 | stm32f415og | table_86 | page=165 | Y=5.3.26 FSMC characteristics | outline/toc=5.3.27 Camera interface (DCMI) timing specifications
2026-07-26 21:43:18 | stm32f415og | table_88 | page=167 | Y=5.3.28 SD/SDIO MMC card host interface (SDIO) characteristics | outline/toc=5.3.29 RTC characteristics
2026-07-26 21:43:18 | stm32f415og | table_90 | page=169 | Y=6 Package information | outline/toc=6.1 WLCSP90 package information
2026-07-26 21:43:18 | stm32f415og | table_91 | page=170 | Y=6 Package information | outline/toc=6.1 WLCSP90 package information
2026-07-26 21:43:18 | stm32f415og | table_92 | page=171 | Y=6 Package information | outline/toc=6.2 LQFP64 package information
2026-07-26 21:43:18 | stm32f415og | table_93 | page=174 | Y=6 Package information | outline/toc=6.3 LQFP100 package information
2026-07-26 21:43:18 | stm32f415og | table_94 | page=178 | Y=6 Package information | outline/toc=6.4 LQFP144 package information
2026-07-26 21:43:18 | stm32f415og | table_95 | page=181 | Y=6 Package information | outline/toc=6.4 LQFP144 package information
2026-07-26 21:43:18 | stm32f415og | table_96 | page=182 | Y=6 Package information | outline/toc=6.4 LQFP144 package information
2026-07-26 21:43:18 | stm32f415og | table_99 | page=195 | Y=7 Ordering information | outline/toc=8 Revision history
2026-07-26 21:43:26 | stm32f412ce | table_3 | page=23 | Y=3.16 Boot modes | outline/toc=3.17 Power supply schemes
2026-07-26 21:43:26 | stm32f412ce | table_6 | page=35 | Y=3.24 Inter-integrated circuit interface (I C) | outline/toc=3.24 Inter-integrated circuit interface (I2C)
2026-07-26 21:43:26 | stm32f412ce | table_7 | page=36 | Y=3.25 Universal synchronous/asynchronous receiver transmitters | outline/toc=3.26 Serial peripheral interface (SPI)
2026-07-26 21:43:26 | stm32f412ce | table_18 | page=84 | Y=2.7 V wait states | outline/toc=6.3.3 Operating conditions at power-up/power-down (regulator ON)
2026-07-26 21:43:26 | stm32f412ce | table_20 | page=85 | Y=6.3.4 Operating conditions at power-up / power-down (regulator OFF) | outline/toc=6.3.5 Embedded reset and power control block characteristics
2026-07-26 21:43:26 | stm32f412ce | table_80 | page=147 | Y=6.3.22 V monitoring characteristics | outline/toc=6.3.23 Embedded reference voltage
2026-07-26 21:43:26 | stm32f412ce | table_95 | page=163 | Y=6.3.25 FSMC characteristics | outline/toc=6.3.26 SD/SDIO MMC/eMMC card host interface (SDIO) characteristics
2026-07-26 21:43:26 | stm32f412ce | table_99 | page=167 | Y=7.1 Device marking | outline/toc=7.2 WLCSP64 package information (A04F)
2026-07-26 21:43:26 | stm32f412ce | table_100 | page=168 | Y=7.1 Device marking | outline/toc=7.2 WLCSP64 package information (A04F)
2026-07-26 21:43:26 | stm32f412ce | table_101 | page=171 | Y=7.1 Device marking | outline/toc=7.3 UFQFPN48 package information (A0B9)
2026-07-26 21:43:26 | stm32f412ce | table_102 | page=173 | Y=7.1 Device marking | outline/toc=7.4 LQFP64 package information (5W)
2026-07-26 21:43:26 | stm32f412ce | table_103 | page=176 | Y=7.1 Device marking | outline/toc=7.5 LQFP100 package information (1L)
2026-07-26 21:43:26 | stm32f412ce | table_104 | page=179 | Y=7.1 Device marking | outline/toc=7.6 LQFP144 package information (1A)
2026-07-26 21:43:26 | stm32f412ce | table_105 | page=183 | Y=7.1 Device marking | outline/toc=7.7 UFBGA100 package information (A0C2)
2026-07-26 21:43:26 | stm32f412ce | table_106 | page=184 | Y=7.1 Device marking | outline/toc=7.7 UFBGA100 package information (A0C2)
2026-07-26 21:43:26 | stm32f412ce | table_107 | page=186 | Y=7.1 Device marking | outline/toc=7.8 UFBGA144 package information (A0Y2)
2026-07-26 21:43:26 | stm32f412ce | table_108 | page=187 | Y=7.1 Device marking | outline/toc=7.8 UFBGA144 package information (A0Y2)
2026-07-26 21:43:26 | stm32f412ce | table_110 | page=189 | Y=7.10 Thermal characteristics | outline/toc=7.10.1 Reference document
2026-07-26 21:43:26 | stm32f412ce | table_111 | page=190 | Y=7.10.1 Reference document | outline/toc=8 Ordering information
2026-07-26 21:43:37 | stm32f413cg | table_6 | page=35 | Y=3.23 Inter-integrated circuit interface (I C) | outline/toc=3.24 Universal synchronous/asynchronous receiver transmitters (USART)
2026-07-26 21:43:37 | stm32f413cg | table_8 | page=38 | Y=3.29 Digital filter for sigma-delta modulators (DFSDM) | outline/toc=3.30 Dynamic tuning of PDM delays for sound source localization
2026-07-26 21:43:37 | stm32f413cg | table_19 | page=84 | Y=2.7 V wait states | outline/toc=6.3.3 Operating conditions at power-up/power-down (regulator ON)
2026-07-26 21:43:38 | stm32f413cg | table_21 | page=85 | Y=6.3.4 Operating conditions at power-up / power-down (regulator OFF) | outline/toc=6.3.5 Embedded reset and power control block characteristics
2026-07-26 21:43:38 | stm32f413cg | table_40 | page=106 | Y=6.3.7 Wakeup time from low-power modes | outline/toc=6.3.8 External clock source characteristics
2026-07-26 21:43:38 | stm32f413cg | table_55 | page=120 | Y=6.3.13 EMC characteristics | outline/toc=6.3.14 Absolute maximum ratings (electrical sensitivity)
2026-07-26 21:43:38 | stm32f413cg | table_56 | page=121 | Y=6.3.14 Absolute maximum ratings (electrical sensitivity) | outline/toc=6.3.15 I/O current injection characteristics
2026-07-26 21:43:38 | stm32f413cg | table_57 | page=121 | Y=6.3.14 Absolute maximum ratings (electrical sensitivity) | outline/toc=6.3.15 I/O current injection characteristics
2026-07-26 21:43:38 | stm32f413cg | table_58 | page=122 | Y=6.3.15 I/O current injection characteristics | outline/toc=6.3.16 I/O port characteristics
2026-07-26 21:43:38 | stm32f413cg | table_83 | page=150 | Y=6.3.22 V monitoring characteristics | outline/toc=6.3.23 Embedded reference voltage
2026-07-26 21:43:38 | stm32f413cg | table_103 | page=176 | Y=7.1 Device marking | outline/toc=7.2 WLCSP81 package information
2026-07-26 21:43:38 | stm32f413cg | table_104 | page=177 | Y=7.1 Device marking | outline/toc=7.2 WLCSP81 package information
2026-07-26 21:43:38 | stm32f413cg | table_105 | page=180 | Y=7.1 Device marking | outline/toc=7.3 UFQFPN48 package information
2026-07-26 21:43:38 | stm32f413cg | table_106 | page=182 | Y=7.1 Device marking | outline/toc=7.4 LQFP64 package information
2026-07-26 21:43:38 | stm32f413cg | table_107 | page=184 | Y=7.1 Device marking | outline/toc=7.5 LQFP100 package information
2026-07-26 21:43:38 | stm32f413cg | table_108 | page=187 | Y=7.1 Device marking | outline/toc=7.6 LQFP144 package information
2026-07-26 21:43:38 | stm32f413cg | table_109 | page=189 | Y=7.1 Device marking | outline/toc=7.7 UFBGA100 package information
2026-07-26 21:43:38 | stm32f413cg | table_110 | page=190 | Y=7.1 Device marking | outline/toc=7.7 UFBGA100 package information
2026-07-26 21:43:38 | stm32f413cg | table_111 | page=191 | Y=7.1 Device marking | outline/toc=7.8 UFBGA144 package information
2026-07-26 21:43:38 | stm32f413cg | table_112 | page=192 | Y=7.1 Device marking | outline/toc=7.8 UFBGA144 package information
2026-07-26 21:43:38 | stm32f413cg | table_113 | page=193 | Y=7.9 Thermal characteristics | outline/toc=7.9.1 Reference document
2026-07-26 21:43:38 | stm32f413cg | table_114 | page=194 | Y=7.9.1 Reference document | outline/toc=8 Ordering information
2026-07-26 21:43:38 | stm32f413cg | table_115 | page=201 | Y=7.9.1 Reference document | outline/toc=8 Ordering information
2026-07-26 21:43:50 | stm32f446mc | table_3 | page=26 | Y=3.17.1 Regulator ON | outline/toc=3.17.2 Regulator OFF
2026-07-26 21:43:50 | stm32f446mc | table_5 | page=30 | Y=3.19 Low-power modes | outline/toc=3.20 V operation
2026-07-26 21:43:50 | stm32f446mc | table_7 | page=33 | Y=3.22 Inter-integrated circuit interface (I C) | outline/toc=3.23 Universal synchronous/asynchronous receiver transmitters (USART)
2026-07-26 21:43:50 | stm32f446mc | table_8 | page=34 | Y=3.23 Universal synchronous/asynchronous receiver transmitters | outline/toc=3.24 Serial peripheral interface (SPI)
2026-07-26 21:43:50 | stm32f446mc | table_9 | page=45 | Y=3.40 Serial wire JTAG debug port (SWJ-DP) | outline/toc=4 Pinout and pin description
2026-07-26 21:43:50 | stm32f446mc | table_10 | page=45 | Y=3.40 Serial wire JTAG debug port (SWJ-DP) | outline/toc=4 Pinout and pin description
2026-07-26 21:43:50 | stm32f446mc | table_11 | page=58 | Y=3.40 Serial wire JTAG debug port (SWJ-DP) | outline/toc=4 Pinout and pin description
2026-07-26 21:43:50 | stm32f446mc | table_18 | page=78 | Y=6.3.1 General operating conditions | outline/toc=6.3.4 Operating conditions at power-up / power-down (regulator OFF)
2026-07-26 21:43:50 | stm32f446mc | table_19 | page=78 | Y=6.3.3 Operating conditions at power-up / power-down (regulator ON) | outline/toc=6.3.4 Operating conditions at power-up / power-down (regulator OFF)
2026-07-26 21:43:50 | stm32f446mc | table_22 | page=80 | Y=6.3.6 Over-drive switching characteristics | outline/toc=6.3.7 Supply current characteristics
2026-07-26 21:43:50 | stm32f446mc | table_36 | page=101 | Y=6.3.8 Wakeup time from low-power modes | outline/toc=6.3.9 External clock source characteristics
2026-07-26 21:43:51 | stm32f446mc | table_45 | page=109 | Y=6.3.11 PLL characteristics | outline/toc=6.3.12 PLL spread spectrum clock generation (SSCG) characteristics
2026-07-26 21:43:51 | stm32f446mc | table_50 | page=113 | Y=6.3.13 Memory characteristics | outline/toc=6.3.14 EMC characteristics
2026-07-26 21:43:51 | stm32f446mc | table_52 | page=115 | Y=6.3.14 EMC characteristics | outline/toc=6.3.15 Absolute maximum ratings (electrical sensitivity)
2026-07-26 21:43:51 | stm32f446mc | table_54 | page=116 | Y=6.3.15 Absolute maximum ratings (electrical sensitivity) | outline/toc=6.3.16 I/O current injection characteristics
2026-07-26 21:43:51 | stm32f446mc | table_57 | page=120 | Y=2.00 MOS | outline/toc=6.3.17 I/O port characteristics
2026-07-26 21:43:51 | stm32f446mc | table_58 | page=120 | Y=2.00 MOS | outline/toc=6.3.17 I/O port characteristics
2026-07-26 21:43:51 | stm32f446mc | table_60 | page=123 | Y=6.3.19 TIM timer characteristics | outline/toc=6.3.20 Communications interfaces
2026-07-26 21:43:51 | stm32f446mc | table_82 | page=146 | Y=6.3.23 V monitoring characteristics | outline/toc=6.3.25 DAC electrical characteristics
2026-07-26 21:43:51 | stm32f446mc | table_83 | page=146 | Y=6.3.24 Reference voltage | outline/toc=6.3.25 DAC electrical characteristics
2026-07-26 21:43:51 | stm32f446mc | table_84 | page=146 | Y=6.3.24 Reference voltage | outline/toc=6.3.25 DAC electrical characteristics
2026-07-26 21:43:51 | stm32f446mc | table_103 | page=169 | Y=6.3.26 FMC characteristics | outline/toc=6.3.27 Camera interface (DCMI) timing specifications
2026-07-26 21:43:51 | stm32f446mc | table_106 | page=172 | Y=6.3.28 SD/SDIO MMC card host interface (SDIO) characteristics | outline/toc=6.3.29 RTC characteristics
2026-07-26 21:43:51 | stm32f446mc | table_108 | page=174 | Y=7.1 Device marking | outline/toc=7.2 LQFP64 package information
2026-07-26 21:43:51 | stm32f446mc | table_109 | page=176 | Y=7.1 Device marking | outline/toc=7.3 LQFP100 package information
2026-07-26 21:43:51 | stm32f446mc | table_110 | page=179 | Y=7.1 Device marking | outline/toc=7.4 LQFP144 package information
2026-07-26 21:43:51 | stm32f446mc | table_111 | page=181 | Y=7.1 Device marking | outline/toc=7.5 UFBGA144 7 x 7 mm package information
2026-07-26 21:43:51 | stm32f446mc | table_112 | page=182 | Y=7.1 Device marking | outline/toc=7.5 UFBGA144 7 x 7 mm package information
2026-07-26 21:43:51 | stm32f446mc | table_113 | page=183 | Y=7.1 Device marking | outline/toc=7.6 UFBGA144 10 x 10 mm package information
2026-07-26 21:43:51 | stm32f446mc | table_114 | page=184 | Y=7.1 Device marking | outline/toc=7.6 UFBGA144 10 x 10 mm package information
2026-07-26 21:43:51 | stm32f446mc | table_115 | page=185 | Y=7.1 Device marking | outline/toc=7.7 WLCSP81 package information
2026-07-26 21:43:51 | stm32f446mc | table_116 | page=186 | Y=7.1 Device marking | outline/toc=7.7 WLCSP81 package information
2026-07-26 21:43:51 | stm32f446mc | table_118 | page=194 | Y=7.8 Thermal characteristics | outline/toc=8 Ordering information
2026-07-26 21:43:52 | stm32f423ch | table_6 | page=36 | Y=3.23 Inter-integrated circuit interface (I C) | outline/toc=3.24 Universal synchronous/asynchronous receiver transmitters (USART)
2026-07-26 21:43:52 | stm32f423ch | table_8 | page=39 | Y=3.29 Digital filter for sigma-delta modulators (DFSDM) | outline/toc=3.30 Dynamic tuning of PDM delays for sound source localization
2026-07-26 21:43:52 | stm32f423ch | table_19 | page=86 | Y=2.7 V wait states | outline/toc=6.3.3 Operating conditions at power-up/power-down (regulator ON)
2026-07-26 21:43:52 | stm32f423ch | table_21 | page=87 | Y=6.3.4 Operating conditions at power-up / power-down (regulator OFF) | outline/toc=6.3.5 Embedded reset and power control block characteristics
2026-07-26 21:43:53 | stm32f423ch | table_40 | page=108 | Y=6.3.7 Wakeup time from low-power modes | outline/toc=6.3.8 External clock source characteristics
2026-07-26 21:43:53 | stm32f423ch | table_55 | page=122 | Y=6.3.13 EMC characteristics | outline/toc=6.3.14 Absolute maximum ratings (electrical sensitivity)
2026-07-26 21:43:53 | stm32f423ch | table_56 | page=123 | Y=6.3.14 Absolute maximum ratings (electrical sensitivity) | outline/toc=6.3.15 I/O current injection characteristics
2026-07-26 21:43:53 | stm32f423ch | table_57 | page=123 | Y=6.3.14 Absolute maximum ratings (electrical sensitivity) | outline/toc=6.3.15 I/O current injection characteristics
2026-07-26 21:43:53 | stm32f423ch | table_58 | page=124 | Y=6.3.15 I/O current injection characteristics | outline/toc=6.3.16 I/O port characteristics
2026-07-26 21:43:53 | stm32f423ch | table_83 | page=152 | Y=6.3.22 V monitoring characteristics | outline/toc=6.3.23 Embedded reference voltage
2026-07-26 21:43:53 | stm32f423ch | table_103 | page=177 | Y=7 Package information | outline/toc=7.1 WLCSP81 package information
2026-07-26 21:43:53 | stm32f423ch | table_104 | page=178 | Y=7 Package information | outline/toc=7.1 WLCSP81 package information
2026-07-26 21:43:53 | stm32f423ch | table_105 | page=181 | Y=7 Package information | outline/toc=7.2 UFQFPN48 package information
2026-07-26 21:43:53 | stm32f423ch | table_106 | page=184 | Y=7 Package information | outline/toc=7.3 LQFP64 package information
2026-07-26 21:43:53 | stm32f423ch | table_107 | page=187 | Y=7 Package information | outline/toc=7.4 LQFP100 package information
2026-07-26 21:43:53 | stm32f423ch | table_108 | page=191 | Y=7 Package information | outline/toc=7.5 LQFP144 package information
2026-07-26 21:43:53 | stm32f423ch | table_109 | page=194 | Y=7 Package information | outline/toc=7.6 UFBGA100 package information
2026-07-26 21:43:53 | stm32f423ch | table_110 | page=195 | Y=7 Package information | outline/toc=7.6 UFBGA100 package information
2026-07-26 21:43:53 | stm32f423ch | table_111 | page=197 | Y=7 Package information | outline/toc=7.7 UFBGA144 package information
2026-07-26 21:43:53 | stm32f423ch | table_112 | page=198 | Y=7 Package information | outline/toc=7.7 UFBGA144 package information
2026-07-26 21:43:53 | stm32f423ch | table_113 | page=200 | Y=7.8 Thermal characteristics | outline/toc=7.8.1 Reference document
2026-07-26 21:43:53 | stm32f423ch | table_114 | page=201 | Y=7.8.1 Reference document | outline/toc=8 Ordering information
2026-07-26 21:43:53 | stm32f423ch | table_115 | page=208 | Y=7.8.1 Reference document | outline/toc=8 Ordering information
2026-07-26 21:44:01 | stm32f437ai | table_3 | page=29 | Y=3.18.1 Regulator ON | outline/toc=3.18.2 Regulator OFF
2026-07-26 21:44:01 | stm32f437ai | table_4 | page=32 | Y=3.18.3 Regulator ON/OFF and internal reset ON/OFF availability | outline/toc=3.19 Real-time clock (RTC), backup SRAM, and backup registers
2026-07-26 21:44:01 | stm32f437ai | table_7 | page=37 | Y=3.23 Inter-integrated circuit interface (I C) | outline/toc=3.24 Universal synchronous/asynchronous receiver transmitters (USART)
2026-07-26 21:44:01 | stm32f427ag | table_3 | page=29 | Y=3.18.1 Regulator ON | outline/toc=3.18.2 Regulator OFF
2026-07-26 21:44:01 | stm32f437ai | table_8 | page=38 | Y=3.24 Universal synchronous/asynchronous receiver transmitters | outline/toc=3.25 Serial peripheral interface (SPI)
2026-07-26 21:44:01 | stm32f437ai | table_9 | page=53 | Y=3.42 Serial wire JTAG debug port (SWJ-DP) | outline/toc=4 Pinouts and pin description
2026-07-26 21:44:01 | stm32f427ag | table_4 | page=32 | Y=3.18.3 Regulator ON/OFF and internal reset ON/OFF availability | outline/toc=3.19 Real-time clock (RTC), backup SRAM, and backup registers
2026-07-26 21:44:01 | stm32f437ai | table_10 | page=53 | Y=3.42 Serial wire JTAG debug port (SWJ-DP) | outline/toc=4 Pinouts and pin description
2026-07-26 21:44:01 | stm32f437ai | table_11 | page=72 | Y=3.42 Serial wire JTAG debug port (SWJ-DP) | outline/toc=4 Pinouts and pin description
2026-07-26 21:44:01 | stm32f437ai | table_12 | page=75 | Y=3.42 Serial wire JTAG debug port (SWJ-DP) | outline/toc=4 Pinouts and pin description
2026-07-26 21:44:01 | stm32f427ag | table_7 | page=37 | Y=3.23 Inter-integrated circuit interface ( I C) | outline/toc=3.24 Universal synchronous/asynchronous receiver transmitters (USART)
2026-07-26 21:44:01 | stm32f437ai | table_18 | page=97 | Y=6.3.1 General operating conditions | outline/toc=6.3.2 VCAP1/VCAP2 external capacitor
2026-07-26 21:44:01 | stm32f427ag | table_8 | page=38 | Y=3.24 Universal synchronous/asynchronous receiver transmitters | outline/toc=3.25 Serial peripheral interface (SPI)
2026-07-26 21:44:01 | stm32f437ai | table_19 | page=97 | Y=6.3.1 General operating conditions | outline/toc=6.3.2 VCAP1/VCAP2 external capacitor
2026-07-26 21:44:01 | stm32f437ai | table_20 | page=98 | Y=6.3.3 Operating conditions at power-up / power-down (regulator ON) | outline/toc=6.3.4 Operating conditions at power-up / power-down (regulator OFF)
2026-07-26 21:44:01 | stm32f427ag | table_9 | page=53 | Y=3.41 Serial wire JTAG debug port (SWJ-DP) | outline/toc=4 Pinouts and pin description
2026-07-26 21:44:01 | stm32f427ag | table_10 | page=53 | Y=3.41 Serial wire JTAG debug port (SWJ-DP) | outline/toc=4 Pinouts and pin description
2026-07-26 21:44:01 | stm32f427ag | table_11 | page=72 | Y=3.41 Serial wire JTAG debug port (SWJ-DP) | outline/toc=4 Pinouts and pin description
2026-07-26 21:44:01 | stm32f427ag | table_12 | page=75 | Y=3.41 Serial wire JTAG debug port (SWJ-DP) | outline/toc=4 Pinouts and pin description
2026-07-26 21:44:02 | stm32f427ag | table_18 | page=97 | Y=6.3.1 General operating conditions | outline/toc=6.3.2 VCAP1/VCAP2 external capacitor
2026-07-26 21:44:02 | stm32f427ag | table_19 | page=97 | Y=6.3.1 General operating conditions | outline/toc=6.3.2 VCAP1/VCAP2 external capacitor
2026-07-26 21:44:02 | stm32f427ag | table_20 | page=98 | Y=6.3.3 Operating conditions at power-up / power-down (regulator ON) | outline/toc=6.3.4 Operating conditions at power-up / power-down (regulator OFF)
2026-07-26 21:44:02 | stm32f437ai | table_50 | page=132 | Y=6.3.13 Memory characteristics | outline/toc=6.3.14 EMC characteristics
2026-07-26 21:44:02 | stm32f437ai | table_53 | page=134 | Y=6.3.14 EMC characteristics | outline/toc=6.3.15 Absolute maximum ratings (electrical sensitivity)
2026-07-26 21:44:02 | stm32f437ai | table_55 | page=135 | Y=6.3.15 Absolute maximum ratings (electrical sensitivity) | outline/toc=6.3.16 I/O current injection characteristics
2026-07-26 21:44:02 | stm32f427ag | table_50 | page=131 | Y=6.3.13 Memory characteristics | outline/toc=6.3.14 EMC characteristics
2026-07-26 21:44:02 | stm32f437ai | table_61 | page=143 | Y=6.3.19 TIM timer characteristics | outline/toc=6.3.20 Communications interfaces
2026-07-26 21:44:02 | stm32f427ag | table_53 | page=133 | Y=6.3.14 EMC characteristics | outline/toc=6.3.15 Absolute maximum ratings (electrical sensitivity)
2026-07-26 21:44:02 | stm32f427ag | table_55 | page=134 | Y=6.3.15 Absolute maximum ratings (electrical sensitivity) | outline/toc=6.3.16 I/O current injection characteristics
2026-07-26 21:44:02 | stm32f437ai | table_83 | page=166 | Y=6.3.23 V monitoring characteristics | outline/toc=6.3.24 Reference voltage
2026-07-26 21:44:02 | stm32f427ag | table_61 | page=142 | Y=6.3.19 TIM timer characteristics | outline/toc=6.3.20 Communications interfaces
2026-07-26 21:44:02 | stm32f427ag | table_83 | page=165 | Y=6.3.23 V monitoring characteristics | outline/toc=6.3.24 Reference voltage
2026-07-26 21:44:02 | stm32f437ai | table_109 | page=198 | Y=6.3.29 SD/SDIO MMC card host interface (SDIO) characteristics | outline/toc=6.3.30 RTC characteristics
2026-07-26 21:44:02 | stm32f437ai | table_111 | page=201 | Y=7.1 Device marking | outline/toc=7.2 LQFP100 package information (1L)
2026-07-26 21:44:02 | stm32f437ai | table_112 | page=203 | Y=7.1 Device marking | outline/toc=7.3 WLCSP143 package information
2026-07-26 21:44:02 | stm32f437ai | table_113 | page=205 | Y=7.1 Device marking | outline/toc=7.3.1 Device marking for WLCSP143
2026-07-26 21:44:02 | stm32f437ai | table_114 | page=207 | Y=7.1 Device marking | outline/toc=7.4 LQFP144 package information (1A)
2026-07-26 21:44:02 | stm32f437ai | table_115 | page=211 | Y=7.1 Device marking | outline/toc=7.5 LQFP176 package information (1T)
2026-07-26 21:44:02 | stm32f437ai | table_116 | page=215 | Y=7.1 Device marking | outline/toc=7.6 LQFP208 package information
2026-07-26 21:44:02 | stm32f437ai | table_117 | page=218 | Y=7.1 Device marking | outline/toc=7.7 UFBGA169 package information (A0YV)
2026-07-26 21:44:02 | stm32f437ai | table_118 | page=219 | Y=7.1 Device marking | outline/toc=7.7 UFBGA169 package information (A0YV)
2026-07-26 21:44:02 | stm32f437ai | table_119 | page=220 | Y=7.1 Device marking | outline/toc=7.7 UFBGA169 package information (A0YV)
2026-07-26 21:44:02 | stm32f437ai | table_120 | page=221 | Y=7.1 Device marking | outline/toc=7.7 UFBGA169 package information (A0YV)
2026-07-26 21:44:02 | stm32f437ai | table_121 | page=223 | Y=7.1 Device marking | outline/toc=7.9 TFBGA216 package information (A0L2)
2026-07-26 21:44:02 | stm32f437ai | table_122 | page=224 | Y=7.1 Device marking | outline/toc=7.9 TFBGA216 package information (A0L2)
2026-07-26 21:44:02 | stm32f437ai | table_124 | page=227 | Y=7.10 Thermal characteristics | outline/toc=8 Ordering information
2026-07-26 21:44:02 | stm32f427ag | table_109 | page=197 | Y=6.3.29 SD/SDIO MMC card host interface (SDIO) characteristics | outline/toc=6.3.30 RTC characteristics
2026-07-26 21:44:02 | stm32f427ag | table_111 | page=200 | Y=7.1 Device marking | outline/toc=7.2 LQFP100 package information (1L)
2026-07-26 21:44:02 | stm32f427ag | table_112 | page=202 | Y=7.1 Device marking | outline/toc=7.3 WLCSP143 package information
2026-07-26 21:44:02 | stm32f427ag | table_113 | page=204 | Y=7.1 Device marking | outline/toc=7.3.1 Device marking for WLCSP143
2026-07-26 21:44:02 | stm32f427ag | table_114 | page=206 | Y=7.1 Device marking | outline/toc=7.4 LQFP144 package information (1A)
2026-07-26 21:44:02 | stm32f427ag | table_115 | page=210 | Y=7.1 Device marking | outline/toc=7.5 LQFP176 package information (1T)
2026-07-26 21:44:02 | stm32f427ag | table_116 | page=214 | Y=7.1 Device marking | outline/toc=7.6 LQFP208 package information
2026-07-26 21:44:02 | stm32f427ag | table_117 | page=217 | Y=7.1 Device marking | outline/toc=7.7 UFBGA169 package information (A0YV)
2026-07-26 21:44:02 | stm32f427ag | table_118 | page=218 | Y=7.1 Device marking | outline/toc=7.7 UFBGA169 package information (A0YV)
2026-07-26 21:44:02 | stm32f427ag | table_119 | page=219 | Y=7.1 Device marking | outline/toc=7.7 UFBGA169 package information (A0YV)
2026-07-26 21:44:02 | stm32f427ag | table_120 | page=220 | Y=7.1 Device marking | outline/toc=7.7 UFBGA169 package information (A0YV)
2026-07-26 21:44:02 | stm32f427ag | table_121 | page=222 | Y=7.1 Device marking | outline/toc=7.9 TFBGA216 package information (A0L2)
2026-07-26 21:44:02 | stm32f427ag | table_122 | page=223 | Y=7.1 Device marking | outline/toc=7.9 TFBGA216 package information (A0L2)
2026-07-26 21:44:02 | stm32f427ag | table_124 | page=226 | Y=7.10 Thermal characteristics | outline/toc=8 Ordering information
2026-07-26 21:44:09 | stm32f469ae | table_4 | page=34 | Y=2.20.3 Regulator ON/OFF and internal reset ON/OFF availability | outline/toc=2.21 Real-time clock (RTC), backup SRAM, and backup registers
2026-07-26 21:44:09 | stm32f469ae | table_5 | page=36 | Y=2.22 Low-power modes | outline/toc=2.24 Timers and watchdogs
2026-07-26 21:44:09 | stm32f469ae | table_6 | page=37 | Y=2.24 Timers and watchdogs | outline/toc=2.24.1 Advanced-control timers (TIM1, TIM8)
2026-07-26 21:44:09 | stm32f469ae | table_7 | page=39 | Y=2.25 Inter-integrated circuit interface (I C) | outline/toc=2.26 Universal synchronous/asynchronous receiver transmitters (USART)
2026-07-26 21:44:10 | stm32f469ae | table_8 | page=40 | Y=2.26 Universal synchronous/asynchronous receiver transmitters | outline/toc=2.28 Inter-integrated sound (I2S)
2026-07-26 21:44:10 | stm32f469ae | table_13 | page=84 | Y=3 Pinouts and pin description | outline/toc=4 Memory mapping
2026-07-26 21:44:10 | stm32f469ae | table_18 | page=94 | Y=5.3.1 General operating conditions | outline/toc=5.3.2 VCAP1/VCAP2 external capacitor
2026-07-26 21:44:10 | stm32f469ae | table_19 | page=95 | Y=5.3.1 General operating conditions | outline/toc=5.3.5 Reset and power control block characteristics
2026-07-26 21:44:10 | stm32f469ae | table_20 | page=95 | Y=5.3.3 Operating conditions at power-up / power-down (regulator ON) | outline/toc=5.3.5 Reset and power control block characteristics
2026-07-26 21:44:10 | stm32f469ae | table_21 | page=95 | Y=5.3.4 Operating conditions at power-up / power-down (regulator OFF) | outline/toc=5.3.5 Reset and power control block characteristics
2026-07-26 21:44:10 | stm32f469ae | table_23 | page=97 | Y=5.3.6 Overdrive switching characteristics | outline/toc=5.3.7 Supply current characteristics
2026-07-26 21:44:10 | stm32f469ae | table_38 | page=117 | Y=8 MHz | outline/toc=5.3.9 External clock source characteristics
2026-07-26 21:44:10 | stm32f469ae | table_40 | page=119 | Y=5.3.10 Internal clock source characteristics | outline/toc=5.3.11 PLL characteristics
2026-07-26 21:44:10 | stm32f469ae | table_52 | page=130 | Y=5.3.16 Memory characteristics | outline/toc=5.3.17 EMC characteristics
2026-07-26 21:44:10 | stm32f469ae | table_55 | page=132 | Y=5.3.17 EMC characteristics | outline/toc=5.3.18 Absolute maximum ratings (electrical sensitivity)
2026-07-26 21:44:10 | stm32f469ae | table_57 | page=133 | Y=5.3.18 Absolute maximum ratings (electrical sensitivity) | outline/toc=5.3.19 I/O current injection characteristics
2026-07-26 21:44:10 | stm32f469ae | table_63 | page=141 | Y=5.3.22 TIM timer characteristics | outline/toc=5.3.23 Communications interfaces
2026-07-26 21:44:10 | stm32f469ae | table_83 | page=163 | Y=5.3.25 Temperature sensor characteristics | outline/toc=5.3.27 Reference voltage
2026-07-26 21:44:10 | stm32f469ae | table_84 | page=163 | Y=5.3.25 Temperature sensor characteristics | outline/toc=5.3.27 Reference voltage
2026-07-26 21:44:10 | stm32f469ae | table_85 | page=163 | Y=5.3.26 V monitoring characteristics | outline/toc=5.3.27 Reference voltage
2026-07-26 21:44:10 | stm32f469ae | table_87 | page=164 | Y=5.3.27 Reference voltage | outline/toc=5.3.28 DAC electrical characteristics
2026-07-26 21:44:10 | stm32f469ae | table_108 | page=186 | Y=5.3.30 Quad-SPI interface characteristics | outline/toc=5.3.31 Camera interface (DCMI) timing specifications
2026-07-26 21:44:10 | stm32f469ae | table_109 | page=187 | Y=5.3.31 Camera interface (DCMI) timing specifications | outline/toc=5.3.32 LCD-TFT controller (LTDC) characteristics
2026-07-26 21:44:10 | stm32f469ae | table_114 | page=193 | Y=6.1 Device marking | outline/toc=6.2 LQFP100 package information (1L)
2026-07-26 21:44:10 | stm32f469ae | table_115 | page=197 | Y=6.1 Device marking | outline/toc=6.3 LQFP144 package information (1A)
2026-07-26 21:44:10 | stm32f469ae | table_116 | page=201 | Y=6.1 Device marking | outline/toc=6.4 WLCSP168 package information
2026-07-26 21:44:10 | stm32f469ae | table_117 | page=202 | Y=6.1 Device marking | outline/toc=6.5 UFBGA169 package information (A0YV)
2026-07-26 21:44:10 | stm32f469ae | table_118 | page=202 | Y=6.1 Device marking | outline/toc=6.5 UFBGA169 package information (A0YV)
2026-07-26 21:44:10 | stm32f469ae | table_119 | page=203 | Y=6.1 Device marking | outline/toc=6.5 UFBGA169 package information (A0YV)
2026-07-26 21:44:10 | stm32f469ae | table_120 | page=206 | Y=6.1 Device marking | outline/toc=6.6 LQFP176 package information (1T)
2026-07-26 21:44:10 | stm32f469ae | table_121 | page=209 | Y=6.1 Device marking | outline/toc=6.6 LQFP176 package information (1T)
2026-07-26 21:44:10 | stm32f469ae | table_122 | page=210 | Y=6.1 Device marking | outline/toc=6.6 LQFP176 package information (1T)
2026-07-26 21:44:10 | stm32f469ae | table_123 | page=212 | Y=6.1 Device marking | outline/toc=6.8 TFBGA216 package information (A0L2)
2026-07-26 21:44:10 | stm32f469ae | table_124 | page=214 | Y=6.1 Device marking | outline/toc=6.8 TFBGA216 package information (A0L2)
2026-07-26 21:44:10 | stm32f469ae | table_125 | page=216 | Y=6.1 Device marking | outline/toc=6.9 LQFP208 package information
2026-07-26 21:44:10 | stm32f469ae | table_127 | page=221 | Y=1.2 Msps OFF operations only | outline/toc=8 Important security notice
2026-07-26 21:44:10 | stm32f469ae | table_128 | page=222 | Y=1.2 Msps OFF operations only | outline/toc=8 Important security notice
2026-07-26 21:44:11 | stm32f479ag | table_4 | page=34 | Y=2.20.3 Regulator ON/OFF and internal reset ON/OFF availability | outline/toc=2.21 Real-time clock (RTC), backup SRAM, and backup registers
2026-07-26 21:44:11 | stm32f479ag | table_5 | page=36 | Y=2.22 Low-power modes | outline/toc=2.24 Timers and watchdogs
2026-07-26 21:44:11 | stm32f479ag | table_6 | page=37 | Y=2.24 Timers and watchdogs | outline/toc=2.24.1 Advanced-control timers (TIM1, TIM8)
2026-07-26 21:44:11 | stm32f479ag | table_7 | page=39 | Y=2.25 Inter-integrated circuit interface (I C) | outline/toc=2.26 Universal synchronous/asynchronous receiver transmitters (USART)
2026-07-26 21:44:11 | stm32f479ag | table_8 | page=40 | Y=2.26 Universal synchronous/asynchronous receiver transmitters | outline/toc=2.28 Inter-integrated sound (I2S)
2026-07-26 21:44:11 | stm32f479ag | table_13 | page=84 | Y=3 Pinouts and pin description | outline/toc=4 Memory mapping
2026-07-26 21:44:11 | stm32f479ag | table_18 | page=94 | Y=5.3.1 General operating conditions | outline/toc=5.3.2 VCAP1/VCAP2 external capacitor
2026-07-26 21:44:11 | stm32f479ag | table_19 | page=95 | Y=5.3.1 General operating conditions | outline/toc=5.3.5 Reset and power control block characteristics
2026-07-26 21:44:11 | stm32f479ag | table_20 | page=95 | Y=5.3.3 Operating conditions at power-up / power-down (regulator ON) | outline/toc=5.3.5 Reset and power control block characteristics
2026-07-26 21:44:11 | stm32f479ag | table_21 | page=95 | Y=5.3.4 Operating conditions at power-up / power-down (regulator OFF) | outline/toc=5.3.5 Reset and power control block characteristics
2026-07-26 21:44:11 | stm32f479ag | table_23 | page=97 | Y=5.3.6 Overdrive switching characteristics | outline/toc=5.3.7 Supply current characteristics
2026-07-26 21:44:11 | stm32f479ag | table_38 | page=117 | Y=8 MHz | outline/toc=5.3.9 External clock source characteristics
2026-07-26 21:44:11 | stm32f479ag | table_40 | page=119 | Y=5.3.10 Internal clock source characteristics | outline/toc=5.3.11 PLL characteristics
2026-07-26 21:44:11 | stm32f479ag | table_52 | page=130 | Y=5.3.16 Memory characteristics | outline/toc=5.3.17 EMC characteristics
2026-07-26 21:44:11 | stm32f479ag | table_55 | page=132 | Y=5.3.17 EMC characteristics | outline/toc=5.3.18 Absolute maximum ratings (electrical sensitivity)
2026-07-26 21:44:11 | stm32f479ag | table_57 | page=133 | Y=5.3.18 Absolute maximum ratings (electrical sensitivity) | outline/toc=5.3.19 I/O current injection characteristics
2026-07-26 21:44:11 | stm32f479ag | table_63 | page=141 | Y=5.3.22 TIM timer characteristics | outline/toc=5.3.23 Communications interfaces
2026-07-26 21:44:11 | stm32f479ag | table_83 | page=163 | Y=5.3.25 Temperature sensor characteristics | outline/toc=5.3.27 Reference voltage
2026-07-26 21:44:11 | stm32f479ag | table_84 | page=163 | Y=5.3.25 Temperature sensor characteristics | outline/toc=5.3.27 Reference voltage
2026-07-26 21:44:11 | stm32f479ag | table_85 | page=163 | Y=5.3.26 V monitoring characteristics | outline/toc=5.3.27 Reference voltage
2026-07-26 21:44:11 | stm32f479ag | table_87 | page=164 | Y=5.3.27 Reference voltage | outline/toc=5.3.28 DAC electrical characteristics
2026-07-26 21:44:11 | stm32f479ag | table_108 | page=186 | Y=5.3.30 Quad-SPI interface characteristics | outline/toc=5.3.31 Camera interface (DCMI) timing specifications
2026-07-26 21:44:11 | stm32f479ag | table_109 | page=187 | Y=5.3.31 Camera interface (DCMI) timing specifications | outline/toc=5.3.32 LCD-TFT controller (LTDC) characteristics
2026-07-26 21:44:11 | stm32f479ag | table_114 | page=193 | Y=6.1 Device marking | outline/toc=6.2 LQFP100 package information (1L)
2026-07-26 21:44:11 | stm32f479ag | table_115 | page=197 | Y=6.1 Device marking | outline/toc=6.3 LQFP144 package information (1A)
2026-07-26 21:44:11 | stm32f479ag | table_116 | page=201 | Y=6.1 Device marking | outline/toc=6.4 WLCSP168 package information
2026-07-26 21:44:11 | stm32f479ag | table_117 | page=202 | Y=6.1 Device marking | outline/toc=6.5 UFBGA169 package information (A0YV)
2026-07-26 21:44:11 | stm32f479ag | table_118 | page=202 | Y=6.1 Device marking | outline/toc=6.5 UFBGA169 package information (A0YV)
2026-07-26 21:44:11 | stm32f479ag | table_119 | page=203 | Y=6.1 Device marking | outline/toc=6.5 UFBGA169 package information (A0YV)
2026-07-26 21:44:11 | stm32f479ag | table_120 | page=206 | Y=6.1 Device marking | outline/toc=6.6 LQFP176 package information (1T)
2026-07-26 21:44:11 | stm32f479ag | table_121 | page=209 | Y=6.1 Device marking | outline/toc=6.6 LQFP176 package information (1T)
2026-07-26 21:44:11 | stm32f479ag | table_122 | page=210 | Y=6.1 Device marking | outline/toc=6.6 LQFP176 package information (1T)
2026-07-26 21:44:11 | stm32f479ag | table_123 | page=212 | Y=6.1 Device marking | outline/toc=6.8 TFBGA216 package information (A0L2)
2026-07-26 21:44:11 | stm32f479ag | table_124 | page=214 | Y=6.1 Device marking | outline/toc=6.8 TFBGA216 package information (A0L2)
2026-07-26 21:44:11 | stm32f479ag | table_125 | page=216 | Y=6.1 Device marking | outline/toc=6.9 LQFP208 package information
2026-07-26 21:44:11 | stm32f479ag | table_127 | page=221 | Y=1.2 Msps OFF operations only | outline/toc=8 Important security notice
2026-07-26 21:44:11 | stm32f479ag | table_128 | page=222 | Y=1.2 Msps OFF operations only | outline/toc=8 Important security notice
2026-07-26 21:44:14 | stm32f730i8 | table_2 | page=15 | Y=4 Kbytes of backup SRAM available in the lowest power modes, and an extensive range of | outline/toc=2 Description
2026-07-26 21:44:14 | stm32f730i8 | table_3 | page=32 | Y=3.16.1 Regulator ON | outline/toc=3.16.2 Regulator OFF
2026-07-26 21:44:14 | stm32f730i8 | table_4 | page=35 | Y=3.16.3 Regulator ON/OFF and internal reset ON/OFF availability | outline/toc=3.17 Real-time clock (RTC), backup SRAM and backup registers
2026-07-26 21:44:14 | stm32f730i8 | table_7 | page=41 | Y=3.21 Inter-integrated circuit interface (I C) | outline/toc=3.21 Inter-integrated circuit interface (I2C)
2026-07-26 21:44:14 | stm32f730i8 | table_9 | page=54 | Y=3.37 Serial wire JTAG debug port (SWJ-DP) | outline/toc=4 Pinouts and pin description
2026-07-26 21:44:14 | stm32f730i8 | table_10 | page=54 | Y=3.37 Serial wire JTAG debug port (SWJ-DP) | outline/toc=4 Pinouts and pin description
2026-07-26 21:44:14 | stm32f730i8 | table_11 | page=70 | Y=3.37 Serial wire JTAG debug port (SWJ-DP) | outline/toc=4 Pinouts and pin description
2026-07-26 21:44:14 | stm32f730i8 | table_12 | page=73 | Y=3.37 Serial wire JTAG debug port (SWJ-DP) | outline/toc=4 Pinouts and pin description
2026-07-26 21:44:14 | stm32f730i8 | table_15 | page=90 | Y=6.2 Absolute maximum ratings | outline/toc=6.3.1 General operating conditions
2026-07-26 21:44:14 | stm32f730i8 | table_18 | page=93 | Y=6.3.1 General operating conditions | outline/toc=6.3.3 Operating conditions at power-up / power-down (regulator ON)
2026-07-26 21:44:14 | stm32f730i8 | table_19 | page=93 | Y=6.3.1 General operating conditions | outline/toc=6.3.3 Operating conditions at power-up / power-down (regulator ON)
2026-07-26 21:44:14 | stm32f730i8 | table_21 | page=94 | Y=6.3.4 Operating conditions at power-up / power-down (regulator OFF) | outline/toc=6.3.5 Reset and power control block characteristics
2026-07-26 21:44:14 | stm32f730i8 | table_36 | page=114 | Y=6.3.7 Supply current characteristics | outline/toc=6.3.8 Wakeup time from low-power modes
2026-07-26 21:44:14 | stm32f730i8 | table_43 | page=121 | Y=6.3.10 Internal clock source characteristics | outline/toc=6.3.11 PLL characteristics
2026-07-26 21:44:14 | stm32f730i8 | table_48 | page=126 | Y=6.3.13 USB OTG HS PHY PLLs characteristics | outline/toc=6.3.14 USB OTG HS PHY regulator characteristics
2026-07-26 21:44:14 | stm32f730i8 | table_49 | page=126 | Y=6.3.13 USB OTG HS PHY PLLs characteristics | outline/toc=6.3.14 USB OTG HS PHY regulator characteristics
2026-07-26 21:44:14 | stm32f730i8 | table_51 | page=127 | Y=6.3.15 USB HS PHY external resistor characteristics | outline/toc=6.3.16 Memory characteristics
2026-07-26 21:44:14 | stm32f730i8 | table_57 | page=130 | Y=6.3.17 EMC characteristics | outline/toc=6.3.18 Absolute maximum ratings (electrical sensitivity)
2026-07-26 21:44:14 | stm32f730i8 | table_58 | page=131 | Y=6.3.18 Absolute maximum ratings (electrical sensitivity) | outline/toc=6.3.19 I/O current injection characteristics
2026-07-26 21:44:15 | stm32f730i8 | table_59 | page=131 | Y=6.3.18 Absolute maximum ratings (electrical sensitivity) | outline/toc=6.3.19 I/O current injection characteristics
2026-07-26 21:44:15 | stm32f730i8 | table_60 | page=132 | Y=6.3.19 I/O current injection characteristics | outline/toc=6.3.20 I/O port characteristics
2026-07-26 21:44:15 | stm32f730i8 | table_62 | page=135 | Y=2.0 M O | outline/toc=6.3.20 I/O port characteristics
2026-07-26 21:44:15 | stm32f730i8 | table_63 | page=136 | Y=2.0 M O | outline/toc=6.3.20 I/O port characteristics
2026-07-26 21:44:15 | stm32f730i8 | table_65 | page=139 | Y=6.3.22 TIM timer characteristics | outline/toc=6.3.23 RTC characteristics
2026-07-26 21:44:15 | stm32f730i8 | table_73 | page=145 | Y=6.3.25 Temperature sensor characteristics | outline/toc=6.3.27 Reference voltage
2026-07-26 21:44:15 | stm32f730i8 | table_74 | page=145 | Y=6.3.25 Temperature sensor characteristics | outline/toc=6.3.27 Reference voltage
2026-07-26 21:44:15 | stm32f730i8 | table_75 | page=145 | Y=6.3.26 V monitoring characteristics | outline/toc=6.3.27 Reference voltage
2026-07-26 21:44:15 | stm32f730i8 | table_77 | page=146 | Y=6.3.27 Reference voltage | outline/toc=6.3.28 DAC electrical characteristics
2026-07-26 21:44:15 | stm32f730i8 | table_92 | page=161 | Y=6.3.29 Communications interfaces | outline/toc=6.3.30 FMC characteristics
2026-07-26 21:44:15 | stm32f730i8 | table_110 | page=181 | Y=6.3.30 FMC characteristics | outline/toc=6.3.31 Quad-SPI interface characteristics
2026-07-26 21:44:15 | stm32f730i8 | table_116 | page=189 | Y=7 Package information | outline/toc=7.2 LQFP100, 14 x 14 mm low-profile quad flat package information
2026-07-26 21:44:15 | stm32f730i8 | table_117 | page=192 | Y=7 Package information | outline/toc=7.3 LQFP144, 20 x 20 mm low-profile quad flat package information
2026-07-26 21:44:15 | stm32f730i8 | table_118 | page=195 | Y=7 Package information | outline/toc=7.3 LQFP144, 20 x 20 mm low-profile quad flat package information
2026-07-26 21:44:15 | stm32f730i8 | table_119 | page=196 | Y=7 Package information | outline/toc=7.3 LQFP144, 20 x 20 mm low-profile quad flat package information
2026-07-26 21:44:15 | stm32f730i8 | table_121 | page=199 | Y=7.5 Thermal characteristics | outline/toc=8 Ordering information
2026-07-26 21:44:15 | stm32f730i8 | table_122 | page=200 | Y=7.5 Thermal characteristics | outline/toc=8 Ordering information
2026-07-26 21:44:15 | stm32f730i8 | table_123 | page=201 | Y=1.2 Msps over-drive OFF operations only | outline/toc=8 Ordering information
2026-07-26 21:44:27 | stm32f722ic | table_3 | page=32 | Y=3.16.1 Regulator ON | outline/toc=3.16.2 Regulator OFF
2026-07-26 21:44:27 | stm32f722ic | table_4 | page=35 | Y=3.16.3 Regulator ON/OFF and internal reset ON/OFF availability | outline/toc=3.17 Real-time clock (RTC), backup SRAM and backup registers
2026-07-26 21:44:27 | stm32f722ic | table_7 | page=41 | Y=3.20.7 SysTick timer | outline/toc=3.22 Universal synchronous/asynchronous receiver transmitters (USART)
2026-07-26 21:44:27 | stm32f722ic | table_8 | page=42 | Y=3.22 Universal synchronous/asynchronous receiver transmitters | outline/toc=3.23 Serial peripheral interface (SPI)/inter- integrated sound interfaces (I2S)
2026-07-26 21:44:27 | stm32f722ic | table_9 | page=59 | Y=3.36 Serial-wire JTAG debug port (SWJ-DP) | outline/toc=4 Pinouts and pin description
2026-07-26 21:44:27 | stm32f722ic | table_10 | page=60 | Y=3.36 Serial-wire JTAG debug port (SWJ-DP) | outline/toc=4 Pinouts and pin description
2026-07-26 21:44:27 | stm32f722ic | table_11 | page=81 | Y=3.36 Serial-wire JTAG debug port (SWJ-DP) | outline/toc=4 Pinouts and pin description
2026-07-26 21:44:27 | stm32f722ic | table_12 | page=84 | Y=3.36 Serial-wire JTAG debug port (SWJ-DP) | outline/toc=4 Pinouts and pin description
2026-07-26 21:44:28 | stm32f722ic | table_15 | page=101 | Y=6.2 Absolute maximum ratings | outline/toc=6.3.1 General operating conditions
2026-07-26 21:44:28 | stm32f722ic | table_18 | page=104 | Y=6.3.1 General operating conditions | outline/toc=6.3.2 VCAP1/VCAP2 external capacitor
2026-07-26 21:44:28 | stm32f722ic | table_19 | page=105 | Y=6.3.1 General operating conditions | outline/toc=6.3.4 Operating conditions at power-up/power-down (regulator OFF)
2026-07-26 21:44:28 | stm32f722ic | table_20 | page=105 | Y=6.3.3 Operating conditions at power-up/power-down (regulator ON) | outline/toc=6.3.4 Operating conditions at power-up/power-down (regulator OFF)
2026-07-26 21:44:28 | stm32f722ic | table_23 | page=107 | Y=6.3.6 Over-drive switching characteristics | outline/toc=6.3.7 Supply current characteristics
2026-07-26 21:44:28 | stm32f722ic | table_36 | page=125 | Y=6.3.7 Supply current characteristics | outline/toc=6.3.8 Wakeup time from low-power modes
2026-07-26 21:44:28 | stm32f722ic | table_51 | page=138 | Y=6.3.12 PLL spread spectrum clock generation (SSCG) characteristics | outline/toc=6.3.16 Memory characteristics
2026-07-26 21:44:28 | stm32f722ic | table_57 | page=141 | Y=6.3.17 EMC characteristics | outline/toc=6.3.18 Absolute maximum ratings (electrical sensitivity)
2026-07-26 21:44:28 | stm32f722ic | table_58 | page=142 | Y=6.3.18 Absolute maximum ratings (electrical sensitivity) | outline/toc=6.3.19 I/O current injection characteristics
2026-07-26 21:44:28 | stm32f722ic | table_59 | page=142 | Y=6.3.18 Absolute maximum ratings (electrical sensitivity) | outline/toc=6.3.19 I/O current injection characteristics
2026-07-26 21:44:28 | stm32f722ic | table_60 | page=143 | Y=6.3.19 I/O current injection characteristics | outline/toc=6.3.20 I/O port characteristics
2026-07-26 21:44:28 | stm32f722ic | table_62 | page=146 | Y=2.0 M O | outline/toc=6.3.20 I/O port characteristics
2026-07-26 21:44:28 | stm32f722ic | table_63 | page=147 | Y=2.0 M O | outline/toc=6.3.20 I/O port characteristics
2026-07-26 21:44:28 | stm32f722ic | table_65 | page=150 | Y=6.3.22 TIM timer characteristics | outline/toc=6.3.23 RTC characteristics
2026-07-26 21:44:28 | stm32f722ic | table_73 | page=156 | Y=6.3.25 Temperature sensor characteristics | outline/toc=6.3.27 Reference voltage
2026-07-26 21:44:28 | stm32f722ic | table_74 | page=156 | Y=6.3.25 Temperature sensor characteristics | outline/toc=6.3.27 Reference voltage
2026-07-26 21:44:28 | stm32f722ic | table_75 | page=156 | Y=6.3.26 V monitoring characteristics | outline/toc=6.3.27 Reference voltage
2026-07-26 21:44:28 | stm32f722ic | table_77 | page=157 | Y=6.3.27 Reference voltage | outline/toc=6.3.28 DAC electrical characteristics
2026-07-26 21:44:28 | stm32f722ic | table_92 | page=172 | Y=6.3.29 Communications interfaces | outline/toc=6.3.30 FMC characteristics
2026-07-26 21:44:28 | stm32f722ic | table_110 | page=192 | Y=6.3.30 FMC characteristics | outline/toc=6.3.31 Quad-SPI interface characteristics
2026-07-26 21:44:28 | stm32f722ic | table_116 | page=200 | Y=7 Package information | outline/toc=7.2 LQFP100, 14 x 14 mm low-profile quad flat package information
2026-07-26 21:44:28 | stm32f722ic | table_117 | page=203 | Y=7 Package information | outline/toc=7.3 LQFP144, 20 x 20 mm low-profile quad flat package information
2026-07-26 21:44:28 | stm32f722ic | table_118 | page=206 | Y=7 Package information | outline/toc=7.4 LQFP176 24 x 24 mm low-profile quad flat package information
2026-07-26 21:44:28 | stm32f722ic | table_119 | page=210 | Y=7 Package information | outline/toc=7.5 UFBGA144 package information
2026-07-26 21:44:28 | stm32f722ic | table_120 | page=211 | Y=7 Package information | outline/toc=7.5 UFBGA144 package information
2026-07-26 21:44:28 | stm32f722ic | table_121 | page=213 | Y=7 Package information | outline/toc=7.5 UFBGA144 package information
2026-07-26 21:44:28 | stm32f722ic | table_122 | page=214 | Y=7 Package information | outline/toc=7.5 UFBGA144 package information
2026-07-26 21:44:28 | stm32f722ic | table_123 | page=217 | Y=7 Package information | outline/toc=7.7 WLCSP100 package information
2026-07-26 21:44:28 | stm32f722ic | table_124 | page=218 | Y=7 Package information | outline/toc=7.7 WLCSP100 package information
2026-07-26 21:44:28 | stm32f722ic | table_126 | page=221 | Y=7.8 Thermal characteristics | outline/toc=8 Ordering information
2026-07-26 21:44:28 | stm32f722ic | table_127 | page=222 | Y=7.8 Thermal characteristics | outline/toc=8 Ordering information
2026-07-26 21:44:32 | stm32f732ie | table_3 | page=31 | Y=3.16.1 Regulator ON | outline/toc=3.16.2 Regulator OFF
2026-07-26 21:44:32 | stm32f732ie | table_4 | page=34 | Y=3.16.3 Regulator ON/OFF and internal reset ON/OFF availability | outline/toc=3.17 Real-time clock (RTC), backup SRAM and backup registers
2026-07-26 21:44:32 | stm32f732ie | table_7 | page=40 | Y=3.20.7 SysTick timer | outline/toc=3.22 Universal synchronous/asynchronous receiver transmitters (USART)
2026-07-26 21:44:32 | stm32f732ie | table_8 | page=41 | Y=3.22 Universal synchronous/asynchronous receiver transmitters | outline/toc=3.23 Serial peripheral interface (SPI)/inter- integrated sound interfaces (I2S)
2026-07-26 21:44:32 | stm32f732ie | table_9 | page=58 | Y=3.37 Serial-wire JTAG debug port (SWJ-DP) | outline/toc=4 Pinouts and pin description
2026-07-26 21:44:32 | stm32f732ie | table_10 | page=59 | Y=3.37 Serial-wire JTAG debug port (SWJ-DP) | outline/toc=4 Pinouts and pin description
2026-07-26 21:44:32 | stm32f732ie | table_11 | page=83 | Y=3.37 Serial-wire JTAG debug port (SWJ-DP) | outline/toc=4 Pinouts and pin description
2026-07-26 21:44:32 | stm32f732ie | table_12 | page=86 | Y=3.37 Serial-wire JTAG debug port (SWJ-DP) | outline/toc=4 Pinouts and pin description
2026-07-26 21:44:32 | stm32f732ie | table_15 | page=103 | Y=6.2 Absolute maximum ratings | outline/toc=6.3.1 General operating conditions
2026-07-26 21:44:32 | stm32f732ie | table_18 | page=106 | Y=6.3.1 General operating conditions | outline/toc=6.3.2 VCAP1/VCAP2 external capacitor
2026-07-26 21:44:32 | stm32f732ie | table_19 | page=107 | Y=6.3.1 General operating conditions | outline/toc=6.3.4 Operating conditions at power-up/power-down (regulator OFF)
2026-07-26 21:44:32 | stm32f732ie | table_20 | page=107 | Y=6.3.3 Operating conditions at power-up/power-down (regulator ON) | outline/toc=6.3.4 Operating conditions at power-up/power-down (regulator OFF)
2026-07-26 21:44:32 | stm32f732ie | table_23 | page=109 | Y=6.3.6 Over-drive switching characteristics | outline/toc=6.3.7 Supply current characteristics
2026-07-26 21:44:32 | stm32f732ie | table_36 | page=127 | Y=6.3.7 Supply current characteristics | outline/toc=6.3.8 Wakeup time from low-power modes
2026-07-26 21:44:32 | stm32f732ie | table_51 | page=140 | Y=6.3.12 PLL spread spectrum clock generation (SSCG) characteristics | outline/toc=6.3.16 Memory characteristics
2026-07-26 21:44:32 | stm32f732ie | table_57 | page=143 | Y=6.3.17 EMC characteristics | outline/toc=6.3.18 Absolute maximum ratings (electrical sensitivity)
2026-07-26 21:44:32 | stm32f732ie | table_58 | page=144 | Y=6.3.18 Absolute maximum ratings (electrical sensitivity) | outline/toc=6.3.19 I/O current injection characteristics
2026-07-26 21:44:32 | stm32f732ie | table_59 | page=144 | Y=6.3.18 Absolute maximum ratings (electrical sensitivity) | outline/toc=6.3.19 I/O current injection characteristics
2026-07-26 21:44:32 | stm32f732ie | table_60 | page=145 | Y=6.3.19 I/O current injection characteristics | outline/toc=6.3.20 I/O port characteristics
2026-07-26 21:44:32 | stm32f732ie | table_62 | page=148 | Y=2.0 M O | outline/toc=6.3.20 I/O port characteristics
2026-07-26 21:44:32 | stm32f732ie | table_63 | page=149 | Y=2.0 M O | outline/toc=6.3.20 I/O port characteristics
2026-07-26 21:44:32 | stm32f732ie | table_65 | page=152 | Y=6.3.22 TIM timer characteristics | outline/toc=6.3.23 RTC characteristics
2026-07-26 21:44:32 | stm32f732ie | table_73 | page=158 | Y=6.3.25 Temperature sensor characteristics | outline/toc=6.3.27 Reference voltage
2026-07-26 21:44:32 | stm32f732ie | table_74 | page=158 | Y=6.3.25 Temperature sensor characteristics | outline/toc=6.3.27 Reference voltage
2026-07-26 21:44:32 | stm32f732ie | table_75 | page=158 | Y=6.3.26 V monitoring characteristics | outline/toc=6.3.27 Reference voltage
2026-07-26 21:44:32 | stm32f732ie | table_77 | page=159 | Y=6.3.27 Reference voltage | outline/toc=6.3.28 DAC electrical characteristics
2026-07-26 21:44:33 | stm32f732ie | table_92 | page=174 | Y=6.3.29 Communications interfaces | outline/toc=6.3.30 FMC characteristics
2026-07-26 21:44:33 | stm32f732ie | table_110 | page=194 | Y=6.3.30 FMC characteristics | outline/toc=6.3.31 Quad-SPI interface characteristics
2026-07-26 21:44:33 | stm32f732ie | table_116 | page=202 | Y=7 Package information | outline/toc=7.2 LQFP100, 14 x 14 mm low-profile quad flat package information
2026-07-26 21:44:33 | stm32f732ie | table_117 | page=205 | Y=7 Package information | outline/toc=7.3 LQFP144, 20 x 20 mm low-profile quad flat package information
2026-07-26 21:44:33 | stm32f732ie | table_118 | page=208 | Y=7 Package information | outline/toc=7.4 LQFP176 24 x 24 mm low-profile quad flat package information
2026-07-26 21:44:33 | stm32f732ie | table_119 | page=212 | Y=7 Package information | outline/toc=7.5 UFBGA144 package information
2026-07-26 21:44:33 | stm32f732ie | table_120 | page=213 | Y=7 Package information | outline/toc=7.5 UFBGA144 package information
2026-07-26 21:44:33 | stm32f732ie | table_121 | page=215 | Y=7 Package information | outline/toc=7.5 UFBGA144 package information
2026-07-26 21:44:33 | stm32f732ie | table_122 | page=216 | Y=7 Package information | outline/toc=7.5 UFBGA144 package information
2026-07-26 21:44:33 | stm32f732ie | table_123 | page=219 | Y=7 Package information | outline/toc=7.7 WLCSP100 package information
2026-07-26 21:44:33 | stm32f732ie | table_124 | page=220 | Y=7 Package information | outline/toc=7.7 WLCSP100 package information
2026-07-26 21:44:33 | stm32f732ie | table_126 | page=223 | Y=7.8 Thermal characteristics | outline/toc=8 Ordering information
2026-07-26 21:44:33 | stm32f732ie | table_127 | page=224 | Y=7.8 Thermal characteristics | outline/toc=8 Ordering information
2026-07-26 21:44:36 | stm32f750n8 | table_3 | page=27 | Y=3.18.1 Regulator ON | outline/toc=3.18.2 Regulator OFF
2026-07-26 21:44:36 | stm32f750n8 | table_4 | page=30 | Y=3.18.3 Regulator ON/OFF and internal reset ON/OFF availability | outline/toc=3.19 Real-time clock (RTC), backup SRAM and backup registers
2026-07-26 21:44:36 | stm32f750n8 | table_7 | page=36 | Y=3.23 Inter-integrated circuit interface (I C) | outline/toc=3.21 V operation
2026-07-26 21:44:36 | stm32f750n8 | table_9 | page=49 | Y=3.43 Serial wire JTAG debug port (SWJ-DP) | outline/toc=3.21 V operation
2026-07-26 21:44:36 | stm32f750n8 | table_10 | page=49 | Y=3.43 Serial wire JTAG debug port (SWJ-DP) | outline/toc=3.21 V operation
2026-07-26 21:44:36 | stm32f750n8 | table_11 | page=65 | Y=3.43 Serial wire JTAG debug port (SWJ-DP) | outline/toc=3.21 V operation
2026-07-26 21:44:36 | stm32f750n8 | table_12 | page=68 | Y=3.43 Serial wire JTAG debug port (SWJ-DP) | outline/toc=3.21 V operation
2026-07-26 21:44:36 | stm32f750n8 | table_17 | page=88 | Y=6.3.1 General operating conditions | outline/toc=6.3.2 VCAP1/VCAP2 external capacitor
2026-07-26 21:44:36 | stm32f750n8 | table_18 | page=88 | Y=6.3.1 General operating conditions | outline/toc=6.3.2 VCAP1/VCAP2 external capacitor
2026-07-26 21:44:36 | stm32f750n8 | table_19 | page=89 | Y=6.3.3 Operating conditions at power-up / power-down (regulator ON) | outline/toc=6.3.5 Reset and power control block characteristics
2026-07-26 21:44:36 | stm32f750n8 | table_20 | page=89 | Y=6.3.4 Operating conditions at power-up / power-down (regulator OFF) | outline/toc=6.3.5 Reset and power control block characteristics
2026-07-26 21:44:36 | stm32f750n8 | table_22 | page=91 | Y=6.3.6 Over-drive switching characteristics | outline/toc=6.3.7 Supply current characteristics
2026-07-26 21:44:36 | stm32f750n8 | table_41 | page=116 | Y=6.3.10 Internal clock source characteristics | outline/toc=6.3.11 PLL characteristics
2026-07-26 21:44:36 | stm32f750n8 | table_49 | page=123 | Y=6.3.13 Memory characteristics | outline/toc=6.3.14 EMC characteristics
2026-07-26 21:44:36 | stm32f750n8 | table_51 | page=124 | Y=6.3.14 EMC characteristics | outline/toc=6.3.15 Absolute maximum ratings (electrical sensitivity)
2026-07-26 21:44:36 | stm32f750n8 | table_52 | page=125 | Y=6.3.15 Absolute maximum ratings (electrical sensitivity) | outline/toc=6.3.16 I/O current injection characteristics
2026-07-26 21:44:36 | stm32f750n8 | table_53 | page=125 | Y=6.3.15 Absolute maximum ratings (electrical sensitivity) | outline/toc=6.3.16 I/O current injection characteristics
2026-07-26 21:44:36 | stm32f750n8 | table_54 | page=126 | Y=6.3.16 I/O current injection characteristics | outline/toc=6.3.17 I/O port characteristics
2026-07-26 21:44:36 | stm32f750n8 | table_59 | page=133 | Y=6.3.19 TIM timer characteristics | outline/toc=6.3.20 RTC characteristics
2026-07-26 21:44:36 | stm32f750n8 | table_67 | page=139 | Y=6.3.22 Temperature sensor characteristics | outline/toc=6.3.24 Reference voltage
2026-07-26 21:44:36 | stm32f750n8 | table_68 | page=139 | Y=6.3.22 Temperature sensor characteristics | outline/toc=6.3.24 Reference voltage
2026-07-26 21:44:36 | stm32f750n8 | table_69 | page=139 | Y=6.3.23 V monitoring characteristics | outline/toc=6.3.24 Reference voltage
2026-07-26 21:44:36 | stm32f750n8 | table_71 | page=140 | Y=6.3.24 Reference voltage | outline/toc=6.3.25 DAC electrical characteristics
2026-07-26 21:44:36 | stm32f750n8 | table_104 | page=178 | Y=6.3.27 FMC characteristics | outline/toc=6.3.26 Communications interfaces
2026-07-26 21:44:36 | stm32f750n8 | table_111 | page=188 | Y=6.3.31 SD/SDIO MMC card host interface (SDMMC) characteristics | outline/toc=6.3.26 Communications interfaces
2026-07-26 21:44:36 | stm32f750n8 | table_112 | page=191 | Y=6.3.31 SD/SDIO MMC card host interface (SDMMC) characteristics | outline/toc=6.3.26 Communications interfaces
2026-07-26 21:44:36 | stm32f750n8 | table_113 | page=192 | Y=6.3.31 SD/SDIO MMC card host interface (SDMMC) characteristics | outline/toc=6.3.26 Communications interfaces
2026-07-26 21:44:36 | stm32f750n8 | table_114 | page=193 | Y=6.3.31 SD/SDIO MMC card host interface (SDMMC) characteristics | outline/toc=6.3.26 Communications interfaces
2026-07-26 21:44:36 | stm32f750n8 | table_115 | page=194 | Y=6.3.31 SD/SDIO MMC card host interface (SDMMC) characteristics | outline/toc=6.3.26 Communications interfaces
2026-07-26 21:44:36 | stm32f750n8 | table_116 | page=195 | Y=6.3.31 SD/SDIO MMC card host interface (SDMMC) characteristics | outline/toc=6.3.26 Communications interfaces
2026-07-26 21:44:36 | stm32f750n8 | table_117 | page=197 | Y=1.2 Msps over-drive OFF operations only | outline/toc=6.3.26 Communications interfaces
2026-07-26 21:44:38 | stm32g030c6 | table_3 | page=13 | Y=3.3 Embedded flash memory | outline/toc=3.4 Embedded SRAM
2026-07-26 21:44:38 | stm32g030c6 | table_5 | page=22 | Y=3.14.1 Temperature sensor | outline/toc=3.14.2 Internal voltage reference (V )
2026-07-26 21:44:38 | stm32g030c6 | table_7 | page=23 | Y=3.15 Timers and watchdogs | outline/toc=3.15.1 Advanced-control timer (TIM1)
2026-07-26 21:44:38 | stm32g030c6 | table_8 | page=26 | Y=3.16 Real-time clock (RTC), tamper (TAMP) and backup registers | outline/toc=3.17 Inter-integrated circuit interface (I2C)
2026-07-26 21:44:38 | stm32g030c6 | table_9 | page=27 | Y=3.18 Universal synchronous/asynchronous receiver transmitter | outline/toc=3.19 Serial peripheral interface (SPI)
2026-07-26 21:44:38 | stm32g030c6 | table_10 | page=28 | Y=3.19 Serial peripheral interface (SPI) | outline/toc=3.20.1 Serial wire debug port (SW-DP)
2026-07-26 21:44:38 | stm32g030c6 | table_20 | page=41 | Y=5.2 Absolute maximum ratings | outline/toc=5.3.1 General operating conditions
2026-07-26 21:44:38 | stm32g030c6 | table_22 | page=42 | Y=5.3.2 Operating conditions at power-up / power-down | outline/toc=5.3.4 Embedded voltage reference
2026-07-26 21:44:38 | stm32g030c6 | table_23 | page=42 | Y=5.3.3 Embedded reset and power control block characteristics | outline/toc=5.3.4 Embedded voltage reference
2026-07-26 21:44:38 | stm32g030c6 | table_37 | page=54 | Y=8 MHz controlled | outline/toc=5.3.7 External clock source characteristics
2026-07-26 21:44:38 | stm32g030c6 | table_39 | page=56 | Y=5.3.8 Internal clock source characteristics | outline/toc=5.3.9 PLL characteristics
2026-07-26 21:44:38 | stm32g030c6 | table_44 | page=59 | Y=5.3.11 EMC characteristics | outline/toc=5.3.12 Electrical sensitivity characteristics
2026-07-26 21:44:38 | stm32g030c6 | table_46 | page=60 | Y=5.3.12 Electrical sensitivity characteristics | outline/toc=5.3.13 I/O current injection characteristics
2026-07-26 21:44:38 | stm32g030c6 | table_54 | page=67 | Y=5.3.16 Extended interrupt and event controller input (EXTI) characteristics | outline/toc=5.3.17 Analog switch booster
2026-07-26 21:44:38 | stm32g030c6 | table_59 | page=73 | Y=5.3.19 Temperature sensor characteristics | outline/toc=5.3.21 Timer characteristics
2026-07-26 21:44:38 | stm32g030c6 | table_60 | page=73 | Y=5.3.20 V monitoring characteristics | outline/toc=5.3.21 Timer characteristics
2026-07-26 21:44:38 | stm32g030c6 | table_61 | page=73 | Y=5.3.20 V monitoring characteristics | outline/toc=5.3.21 Timer characteristics
2026-07-26 21:44:38 | stm32g030c6 | table_62 | page=74 | Y=5.3.21 Timer characteristics | outline/toc=5.3.22 Characteristics of communication interfaces
2026-07-26 21:44:38 | stm32g030c6 | table_63 | page=74 | Y=5.3.21 Timer characteristics | outline/toc=5.3.22 Characteristics of communication interfaces
2026-07-26 21:44:38 | stm32g030c6 | table_69 | page=83 | Y=6.1 Device marking | outline/toc=6.2 SO8N package information (O7)
2026-07-26 21:44:38 | stm32g030c6 | table_70 | page=86 | Y=6.1 Device marking | outline/toc=6.3 TSSOP20 package information (YA)
2026-07-26 21:44:38 | stm32g030c6 | table_71 | page=89 | Y=6.1 Device marking | outline/toc=6.4 LQFP32 package information (5V)
2026-07-26 21:44:38 | stm32g030c6 | table_72 | page=93 | Y=1.2 REF | outline/toc=6.5 LQFP48 package information (5B)
2026-07-26 21:44:38 | stm32g030c6 | table_73 | page=95 | Y=6.6 Thermal characteristics | outline/toc=6.6.1 Reference document
2026-07-26 21:44:52 | stm32f745ie | table_3 | page=29 | Y=3.18.1 Regulator ON | outline/toc=3.18.2 Regulator OFF
2026-07-26 21:44:52 | stm32f745ie | table_4 | page=32 | Y=3.18.3 Regulator ON/OFF and internal reset ON/OFF availability | outline/toc=3.19 Real-time clock (RTC), backup SRAM and backup registers
2026-07-26 21:44:52 | stm32f745ie | table_7 | page=38 | Y=3.23 Inter-integrated circuit interface (I C) | outline/toc=3.23 Inter-integrated circuit interface (I2C)
2026-07-26 21:44:52 | stm32f745ie | table_9 | page=55 | Y=3.42 Serial wire JTAG debug port (SWJ-DP) | outline/toc=4 Pinouts and pin description
2026-07-26 21:44:52 | stm32f745ie | table_10 | page=55 | Y=3.42 Serial wire JTAG debug port (SWJ-DP) | outline/toc=4 Pinouts and pin description
2026-07-26 21:44:52 | stm32f745ie | table_11 | page=75 | Y=3.42 Serial wire JTAG debug port (SWJ-DP) | outline/toc=4 Pinouts and pin description
2026-07-26 21:44:52 | stm32f745ie | table_12 | page=78 | Y=3.42 Serial wire JTAG debug port (SWJ-DP) | outline/toc=4 Pinouts and pin description
2026-07-26 21:44:52 | stm32f745ie | table_19 | page=106 | Y=6.3.1 General operating conditions | outline/toc=6.3.2 VCAP1/VCAP2 external capacitor
2026-07-26 21:44:52 | stm32f745ie | table_20 | page=107 | Y=6.3.1 General operating conditions | outline/toc=6.3.5 Reset and power control block characteristics
2026-07-26 21:44:52 | stm32f745ie | table_21 | page=107 | Y=6.3.3 Operating conditions at power-up / power-down (regulator ON) | outline/toc=6.3.5 Reset and power control block characteristics
2026-07-26 21:44:52 | stm32f745ie | table_22 | page=107 | Y=6.3.4 Operating conditions at power-up / power-down (regulator OFF) | outline/toc=6.3.5 Reset and power control block characteristics
2026-07-26 21:44:52 | stm32f745ie | table_24 | page=109 | Y=6.3.6 Over-drive switching characteristics | outline/toc=6.3.7 Supply current characteristics
2026-07-26 21:44:52 | stm32f745ie | table_43 | page=134 | Y=6.3.10 Internal clock source characteristics | outline/toc=6.3.11 PLL characteristics
2026-07-26 21:44:52 | stm32f745ie | table_51 | page=141 | Y=6.3.13 Memory characteristics | outline/toc=6.3.14 EMC characteristics
2026-07-26 21:44:52 | stm32f745ie | table_53 | page=142 | Y=6.3.14 EMC characteristics | outline/toc=6.3.15 Absolute maximum ratings (electrical sensitivity)
2026-07-26 21:44:52 | stm32f745ie | table_54 | page=143 | Y=6.3.15 Absolute maximum ratings (electrical sensitivity) | outline/toc=6.3.16 I/O current injection characteristics
2026-07-26 21:44:52 | stm32f745ie | table_55 | page=143 | Y=6.3.15 Absolute maximum ratings (electrical sensitivity) | outline/toc=6.3.16 I/O current injection characteristics
2026-07-26 21:44:52 | stm32f745ie | table_56 | page=144 | Y=6.3.16 I/O current injection characteristics | outline/toc=6.3.17 I/O port characteristics
2026-07-26 21:44:52 | stm32f745ie | table_61 | page=151 | Y=6.3.19 TIM timer characteristics | outline/toc=6.3.20 RTC characteristics
2026-07-26 21:44:52 | stm32f745ie | table_69 | page=157 | Y=6.3.22 Temperature sensor characteristics | outline/toc=6.3.24 Reference voltage
2026-07-26 21:44:52 | stm32f745ie | table_70 | page=157 | Y=6.3.22 Temperature sensor characteristics | outline/toc=6.3.24 Reference voltage
2026-07-26 21:44:52 | stm32f745ie | table_71 | page=157 | Y=6.3.23 V monitoring characteristics | outline/toc=6.3.24 Reference voltage
2026-07-26 21:44:52 | stm32f745ie | table_73 | page=158 | Y=6.3.24 Reference voltage | outline/toc=6.3.25 DAC electrical characteristics
2026-07-26 21:44:52 | stm32f745ie | table_106 | page=196 | Y=6.3.27 FMC characteristics | outline/toc=6.3.28 Quad-SPI interface characteristics
2026-07-26 21:44:52 | stm32f745ie | table_113 | page=204 | Y=7.1 Device marking | outline/toc=7.2 LQFP100, 14 x 14 mm low-profile quad flat package information
2026-07-26 21:44:52 | stm32f745ie | table_114 | page=206 | Y=7.1 Device marking | outline/toc=7.2 LQFP100, 14 x 14 mm low-profile quad flat package information
2026-07-26 21:44:52 | stm32f745ie | table_115 | page=208 | Y=7.1 Device marking | outline/toc=7.2 LQFP100, 14 x 14 mm low-profile quad flat package information
2026-07-26 21:44:52 | stm32f745ie | table_116 | page=209 | Y=7.1 Device marking | outline/toc=7.2 LQFP100, 14 x 14 mm low-profile quad flat package information
2026-07-26 21:44:52 | stm32f745ie | table_117 | page=211 | Y=7.1 Device marking | outline/toc=7.2 LQFP100, 14 x 14 mm low-profile quad flat package information
2026-07-26 21:44:52 | stm32f745ie | table_118 | page=212 | Y=7.1 Device marking | outline/toc=7.5 LQFP144, 20 x 20 mm low-profile quad flat package information
2026-07-26 21:44:52 | stm32f745ie | table_119 | page=214 | Y=7.1 Device marking | outline/toc=7.6 LQFP176, 24 x 24 mm low-profile quad flat package information
2026-07-26 21:44:52 | stm32f745ie | table_120 | page=217 | Y=7.1 Device marking | outline/toc=7.7 LQFP208, 28 x 28 mm low-profile quad flat package information
2026-07-26 21:44:52 | stm32f745ie | table_121 | page=220 | Y=7.1 Device marking | outline/toc=7.7 LQFP208, 28 x 28 mm low-profile quad flat package information
2026-07-26 21:44:52 | stm32f745ie | table_122 | page=221 | Y=7.1 Device marking | outline/toc=7.7 LQFP208, 28 x 28 mm low-profile quad flat package information
2026-07-26 21:44:52 | stm32f745ie | table_123 | page=222 | Y=7.1 Device marking | outline/toc=7.7 LQFP208, 28 x 28 mm low-profile quad flat package information
2026-07-26 21:44:52 | stm32f745ie | table_124 | page=223 | Y=7.1 Device marking | outline/toc=7.7 LQFP208, 28 x 28 mm low-profile quad flat package information
2026-07-26 21:44:52 | stm32f745ie | table_126 | page=225 | Y=7.10 Thermal characteristics | outline/toc=8 Ordering information
2026-07-26 21:44:52 | stm32f745ie | table_127 | page=226 | Y=7.10 Thermal characteristics | outline/toc=8 Ordering information
2026-07-26 21:45:01 | stm32g050c6 | table_3 | page=13 | Y=3.3 Embedded flash memory | outline/toc=3.4 Embedded SRAM
2026-07-26 21:45:01 | stm32g050c6 | table_5 | page=22 | Y=3.14.1 Temperature sensor | outline/toc=3.14.2 Internal voltage reference (V )
2026-07-26 21:45:01 | stm32g050c6 | table_7 | page=23 | Y=3.15 Timers and watchdogs | outline/toc=3.15.1 Advanced-control timer (TIM1)
2026-07-26 21:45:01 | stm32g050c6 | table_8 | page=26 | Y=3.16 Real-time clock (RTC), tamper (TAMP) and backup registers | outline/toc=3.17 Inter-integrated circuit interface (I2C)
2026-07-26 21:45:01 | stm32g050c6 | table_9 | page=27 | Y=3.18 Universal synchronous/asynchronous receiver transmitter | outline/toc=3.19 Serial peripheral interface (SPI)
2026-07-26 21:45:01 | stm32g050c6 | table_10 | page=28 | Y=3.19 Serial peripheral interface (SPI) | outline/toc=3.20.1 Serial wire debug port (SW-DP)
2026-07-26 21:45:01 | stm32f756bg | table_2 | page=14 | Y=4 Kbytes of backup SRAM available in the lowest power modes, and an extensive range of | outline/toc=2 Description
2026-07-26 21:45:01 | stm32g050c6 | table_20 | page=40 | Y=5.2 Absolute maximum ratings | outline/toc=5.3.1 General operating conditions
2026-07-26 21:45:01 | stm32g050c6 | table_22 | page=41 | Y=5.3.2 Operating conditions at power-up / power-down | outline/toc=5.3.4 Embedded voltage reference
2026-07-26 21:45:01 | stm32g050c6 | table_23 | page=41 | Y=5.3.3 Embedded reset and power control block characteristics | outline/toc=5.3.4 Embedded voltage reference
2026-07-26 21:45:01 | stm32f756bg | table_3 | page=28 | Y=3.18.1 Regulator ON | outline/toc=3.18.2 Regulator OFF
2026-07-26 21:45:01 | stm32f756bg | table_4 | page=31 | Y=3.18.3 Regulator ON/OFF and internal reset ON/OFF availability | outline/toc=3.19 Real-time clock (RTC), backup SRAM and backup registers
2026-07-26 21:45:01 | stm32g050c6 | table_33 | page=50 | Y=5.3.5 Supply current characteristics | outline/toc=5.3.7 External clock source characteristics
2026-07-26 21:45:01 | stm32g050c6 | table_37 | page=53 | Y=8 MHz controlled | outline/toc=5.3.7 External clock source characteristics
2026-07-26 21:45:01 | stm32f756bg | table_7 | page=37 | Y=3.23 Inter-integrated circuit interface (I C) | outline/toc=3.23 Inter-integrated circuit interface (I2C)
2026-07-26 21:45:01 | stm32g050c6 | table_39 | page=55 | Y=5.3.8 Internal clock source characteristics | outline/toc=5.3.9 PLL characteristics
2026-07-26 21:45:01 | stm32f756bg | table_9 | page=55 | Y=3.43 Serial wire JTAG debug port (SWJ-DP) | outline/toc=4 Pinouts and pin description
2026-07-26 21:45:01 | stm32f756bg | table_10 | page=55 | Y=3.43 Serial wire JTAG debug port (SWJ-DP) | outline/toc=4 Pinouts and pin description
2026-07-26 21:45:01 | stm32f756bg | table_11 | page=75 | Y=3.43 Serial wire JTAG debug port (SWJ-DP) | outline/toc=4 Pinouts and pin description
2026-07-26 21:45:01 | stm32f756bg | table_12 | page=78 | Y=3.43 Serial wire JTAG debug port (SWJ-DP) | outline/toc=4 Pinouts and pin description
2026-07-26 21:45:01 | stm32g050c6 | table_44 | page=58 | Y=5.3.11 EMC characteristics | outline/toc=5.3.12 Electrical sensitivity characteristics
2026-07-26 21:45:01 | stm32f756bg | table_19 | page=106 | Y=6.3.1 General operating conditions | outline/toc=6.3.2 VCAP1/VCAP2 external capacitor
2026-07-26 21:45:01 | stm32g050c6 | table_46 | page=59 | Y=5.3.12 Electrical sensitivity characteristics | outline/toc=5.3.13 I/O current injection characteristics
2026-07-26 21:45:01 | stm32f756bg | table_20 | page=107 | Y=6.3.1 General operating conditions | outline/toc=6.3.5 Reset and power control block characteristics
2026-07-26 21:45:01 | stm32f756bg | table_21 | page=107 | Y=6.3.3 Operating conditions at power-up / power-down (regulator ON) | outline/toc=6.3.5 Reset and power control block characteristics
2026-07-26 21:45:01 | stm32f756bg | table_22 | page=107 | Y=6.3.4 Operating conditions at power-up / power-down (regulator OFF) | outline/toc=6.3.5 Reset and power control block characteristics
2026-07-26 21:45:02 | stm32f756bg | table_24 | page=109 | Y=6.3.6 Over-drive switching characteristics | outline/toc=6.3.7 Supply current characteristics
2026-07-26 21:45:02 | stm32g050c6 | table_54 | page=66 | Y=5.3.16 Extended interrupt and event controller input (EXTI) characteristics | outline/toc=5.3.17 Analog switch booster
2026-07-26 21:45:02 | stm32g050c6 | table_59 | page=72 | Y=5.3.19 Temperature sensor characteristics | outline/toc=5.3.21 Timer characteristics
2026-07-26 21:45:02 | stm32g050c6 | table_60 | page=72 | Y=5.3.20 V monitoring characteristics | outline/toc=5.3.21 Timer characteristics
2026-07-26 21:45:02 | stm32f756bg | table_43 | page=134 | Y=6.3.10 Internal clock source characteristics | outline/toc=6.3.11 PLL characteristics
2026-07-26 21:45:02 | stm32g050c6 | table_61 | page=72 | Y=5.3.20 V monitoring characteristics | outline/toc=5.3.21 Timer characteristics
2026-07-26 21:45:02 | stm32g050c6 | table_62 | page=73 | Y=5.3.21 Timer characteristics | outline/toc=5.3.22 Characteristics of communication interfaces
2026-07-26 21:45:02 | stm32g050c6 | table_63 | page=73 | Y=5.3.21 Timer characteristics | outline/toc=5.3.22 Characteristics of communication interfaces
2026-07-26 21:45:02 | stm32g050c6 | table_69 | page=83 | Y=6.1 Device marking | outline/toc=6.2 TSSOP20 package information (YA)
2026-07-26 21:45:02 | stm32g050c6 | table_70 | page=86 | Y=6.1 Device marking | outline/toc=6.3 LQFP32 package information (5V)
2026-07-26 21:45:02 | stm32f756bg | table_51 | page=141 | Y=6.3.13 Memory characteristics | outline/toc=6.3.14 EMC characteristics
2026-07-26 21:45:02 | stm32g050c6 | table_72 | page=92 | Y=6.5 Thermal characteristics | outline/toc=6.5.1 Reference document
2026-07-26 21:45:02 | stm32f756bg | table_53 | page=142 | Y=6.3.14 EMC characteristics | outline/toc=6.3.15 Absolute maximum ratings (electrical sensitivity)
2026-07-26 21:45:02 | stm32f756bg | table_54 | page=143 | Y=6.3.15 Absolute maximum ratings (electrical sensitivity) | outline/toc=6.3.16 I/O current injection characteristics
2026-07-26 21:45:02 | stm32f756bg | table_55 | page=143 | Y=6.3.15 Absolute maximum ratings (electrical sensitivity) | outline/toc=6.3.16 I/O current injection characteristics
2026-07-26 21:45:02 | stm32f756bg | table_56 | page=144 | Y=6.3.16 I/O current injection characteristics | outline/toc=6.3.17 I/O port characteristics
2026-07-26 21:45:02 | stm32f756bg | table_61 | page=151 | Y=6.3.19 TIM timer characteristics | outline/toc=6.3.20 RTC characteristics
2026-07-26 21:45:02 | stm32f756bg | table_69 | page=157 | Y=6.3.22 Temperature sensor characteristics | outline/toc=6.3.24 Reference voltage
2026-07-26 21:45:02 | stm32f756bg | table_70 | page=157 | Y=6.3.22 Temperature sensor characteristics | outline/toc=6.3.24 Reference voltage
2026-07-26 21:45:02 | stm32f756bg | table_71 | page=157 | Y=6.3.23 V monitoring characteristics | outline/toc=6.3.24 Reference voltage
2026-07-26 21:45:02 | stm32f756bg | table_73 | page=158 | Y=6.3.24 Reference voltage | outline/toc=6.3.25 DAC electrical characteristics
2026-07-26 21:45:02 | stm32f756bg | table_106 | page=196 | Y=6.3.27 FMC characteristics | outline/toc=6.3.28 Quad-SPI interface characteristics
2026-07-26 21:45:02 | stm32f756bg | table_113 | page=204 | Y=7.1 Device marking | outline/toc=7.2 LQFP100, 14 x 14 mm low-profile quad flat package information
2026-07-26 21:45:02 | stm32f756bg | table_114 | page=206 | Y=7.1 Device marking | outline/toc=7.2 LQFP100, 14 x 14 mm low-profile quad flat package information
2026-07-26 21:45:02 | stm32f756bg | table_115 | page=208 | Y=7.1 Device marking | outline/toc=7.2 LQFP100, 14 x 14 mm low-profile quad flat package information
2026-07-26 21:45:02 | stm32f756bg | table_116 | page=209 | Y=7.1 Device marking | outline/toc=7.2 LQFP100, 14 x 14 mm low-profile quad flat package information
2026-07-26 21:45:02 | stm32f756bg | table_117 | page=211 | Y=7.1 Device marking | outline/toc=7.2 LQFP100, 14 x 14 mm low-profile quad flat package information
2026-07-26 21:45:02 | stm32f756bg | table_118 | page=212 | Y=7.1 Device marking | outline/toc=7.5 LQFP144, 20 x 20 mm low-profile quad flat package information
2026-07-26 21:45:02 | stm32f756bg | table_119 | page=214 | Y=7.1 Device marking | outline/toc=7.6 LQFP176, 24 x 24 mm low-profile quad flat package information
2026-07-26 21:45:02 | stm32f756bg | table_120 | page=217 | Y=7.1 Device marking | outline/toc=7.7 LQFP208, 28 x 28 mm low-profile quad flat package information
2026-07-26 21:45:02 | stm32f756bg | table_121 | page=220 | Y=7.1 Device marking | outline/toc=7.7 LQFP208, 28 x 28 mm low-profile quad flat package information
2026-07-26 21:45:02 | stm32f756bg | table_122 | page=221 | Y=7.1 Device marking | outline/toc=7.7 LQFP208, 28 x 28 mm low-profile quad flat package information
2026-07-26 21:45:02 | stm32f756bg | table_123 | page=222 | Y=7.1 Device marking | outline/toc=7.7 LQFP208, 28 x 28 mm low-profile quad flat package information
2026-07-26 21:45:02 | stm32f756bg | table_124 | page=223 | Y=7.1 Device marking | outline/toc=7.7 LQFP208, 28 x 28 mm low-profile quad flat package information
2026-07-26 21:45:02 | stm32f756bg | table_126 | page=225 | Y=7.10 Thermal characteristics | outline/toc=8 Ordering information
2026-07-26 21:45:02 | stm32f756bg | table_127 | page=226 | Y=7.10 Thermal characteristics | outline/toc=8 Ordering information
2026-07-26 21:45:11 | stm32g070cb | table_2 | page=13 | Y=3.3 Embedded flash memory | outline/toc=3.4 Embedded SRAM
2026-07-26 21:45:11 | stm32g070cb | table_4 | page=22 | Y=3.14.1 Temperature sensor | outline/toc=3.14.2 Internal voltage reference (V )
2026-07-26 21:45:11 | stm32g070cb | table_6 | page=23 | Y=3.15 Timers and watchdogs | outline/toc=3.15.1 Advanced-control timer (TIM1)
2026-07-26 21:45:11 | stm32g070cb | table_7 | page=26 | Y=3.16 Real-time clock (RTC), tamper (TAMP) and backup registers | outline/toc=3.17 Inter-integrated circuit interface (I2C)
2026-07-26 21:45:11 | stm32g070cb | table_8 | page=27 | Y=3.18 Universal synchronous/asynchronous receiver transmitter | outline/toc=3.19 Serial peripheral interface (SPI)
2026-07-26 21:45:11 | stm32g070cb | table_9 | page=28 | Y=3.19 Serial peripheral interface (SPI) | outline/toc=3.20.1 Serial wire debug port (SW-DP)
2026-07-26 21:45:11 | stm32g070cb | table_19 | page=43 | Y=5.2 Absolute maximum ratings | outline/toc=5.3.1 General operating conditions
2026-07-26 21:45:11 | stm32g070cb | table_21 | page=44 | Y=5.3.2 Operating conditions at power-up / power-down | outline/toc=5.3.4 Embedded voltage reference
2026-07-26 21:45:11 | stm32g070cb | table_22 | page=44 | Y=5.3.3 Embedded reset and power control block characteristics | outline/toc=5.3.4 Embedded voltage reference
2026-07-26 21:45:11 | stm32g070cb | table_36 | page=56 | Y=8 MHz controlled | outline/toc=5.3.7 External clock source characteristics
2026-07-26 21:45:11 | stm32g070cb | table_38 | page=58 | Y=5.3.8 Internal clock source characteristics | outline/toc=5.3.9 PLL characteristics
2026-07-26 21:45:12 | stm32g070cb | table_43 | page=61 | Y=5.3.11 EMC characteristics | outline/toc=5.3.12 Electrical sensitivity characteristics
2026-07-26 21:45:12 | stm32g070cb | table_45 | page=62 | Y=5.3.12 Electrical sensitivity characteristics | outline/toc=5.3.13 I/O current injection characteristics
2026-07-26 21:45:12 | stm32g070cb | table_50 | page=67 | Y=5.3.14 I/O port characteristics | outline/toc=5.3.15 NRST input characteristics
2026-07-26 21:45:12 | stm32g070cb | table_53 | page=69 | Y=5.3.17 Analog switch booster | outline/toc=5.3.18 Analog-to-digital converter characteristics
2026-07-26 21:45:12 | stm32g070cb | table_57 | page=74 | Y=5.3.19 Temperature sensor characteristics | outline/toc=5.3.21 Timer characteristics
2026-07-26 21:45:12 | stm32g070cb | table_58 | page=74 | Y=5.3.20 V monitoring characteristics | outline/toc=5.3.21 Timer characteristics
2026-07-26 21:45:12 | stm32g070cb | table_59 | page=74 | Y=5.3.20 V monitoring characteristics | outline/toc=5.3.21 Timer characteristics
2026-07-26 21:45:12 | stm32g070cb | table_60 | page=75 | Y=5.3.21 Timer characteristics | outline/toc=5.3.22 Characteristics of communication interfaces
2026-07-26 21:45:12 | stm32g070cb | table_61 | page=75 | Y=5.3.21 Timer characteristics | outline/toc=5.3.22 Characteristics of communication interfaces
2026-07-26 21:45:12 | stm32g070cb | table_67 | page=86 | Y=6.1 Device marking | outline/toc=6.2 LQFP32 package information (5V)
2026-07-26 21:45:12 | stm32g070cb | table_68 | page=90 | Y=1.2 REF | outline/toc=6.3 LQFP48 package information (5B)
2026-07-26 21:45:12 | stm32g070cb | table_69 | page=93 | Y=1.2 REF | outline/toc=6.4 LQFP64 package information (5W)
2026-07-26 21:45:12 | stm32g070cb | table_70 | page=95 | Y=6.5 Thermal characteristics | outline/toc=6.5.1 Reference document
2026-07-26 21:45:16 | stm32g031c4 | table_3 | page=14 | Y=3.3 Embedded flash memory | outline/toc=3.3.1 Securable area
2026-07-26 21:45:16 | stm32g031c4 | table_4 | page=20 | Y=3.8 Interconnect of peripherals | outline/toc=3.9 Clocks and startup
2026-07-26 21:45:16 | stm32g031c4 | table_5 | page=24 | Y=3.14.1 Temperature sensor | outline/toc=3.14.2 Internal voltage reference (V )
2026-07-26 21:45:16 | stm32g031c4 | table_6 | page=25 | Y=3.14.2 Internal voltage reference (V ) | outline/toc=3.16 Timers and watchdogs
2026-07-26 21:45:16 | stm32g031c4 | table_8 | page=29 | Y=3.17 Real-time clock (RTC), tamper (TAMP) and backup registers | outline/toc=3.18 Inter-integrated circuit interface (I2C)
2026-07-26 21:45:16 | stm32g031c4 | table_9 | page=30 | Y=3.19 Universal synchronous/asynchronous receiver transmitter | outline/toc=3.20 Low-power universal asynchronous receiver transmitter (LPUART)
2026-07-26 21:45:16 | stm32g031c4 | table_10 | page=31 | Y=3.21 Serial peripheral interface (SPI) | outline/toc=3.22.1 Serial wire debug port (SW-DP)
2026-07-26 21:45:16 | stm32g031c4 | table_20 | page=46 | Y=5.2 Absolute maximum ratings | outline/toc=5.3.1 General operating conditions
2026-07-26 21:45:16 | stm32g031c4 | table_22 | page=47 | Y=5.3.2 Operating conditions at power-up / power-down | outline/toc=5.3.3 Embedded reset and power control block characteristics
2026-07-26 21:45:16 | stm32g031c4 | table_26 | page=52 | Y=8 MHz | outline/toc=5.3.5 Supply current characteristics
2026-07-26 21:45:16 | stm32g031c4 | table_27 | page=53 | Y=8 MHz | outline/toc=5.3.5 Supply current characteristics
2026-07-26 21:45:16 | stm32g031c4 | table_28 | page=53 | Y=8 MHz | outline/toc=5.3.5 Supply current characteristics
2026-07-26 21:45:16 | stm32g031c4 | table_29 | page=54 | Y=8 MHz | outline/toc=5.3.5 Supply current characteristics
2026-07-26 21:45:16 | stm32g031c4 | table_30 | page=54 | Y=8 MHz | outline/toc=5.3.5 Supply current characteristics
2026-07-26 21:45:16 | stm32g031c4 | table_31 | page=55 | Y=8 MHz | outline/toc=5.3.5 Supply current characteristics
2026-07-26 21:45:16 | stm32g031c4 | table_32 | page=55 | Y=8 MHz | outline/toc=5.3.5 Supply current characteristics
2026-07-26 21:45:16 | stm32g031c4 | table_33 | page=57 | Y=8 MHz | outline/toc=5.3.5 Supply current characteristics
2026-07-26 21:45:16 | stm32g031c4 | table_34 | page=58 | Y=8 MHz | outline/toc=5.3.5 Supply current characteristics
2026-07-26 21:45:16 | stm32g031c4 | table_35 | page=59 | Y=8 MHz | outline/toc=5.3.5 Supply current characteristics
2026-07-26 21:45:16 | stm32g031c4 | table_36 | page=59 | Y=8 MHz | outline/toc=5.3.5 Supply current characteristics
2026-07-26 21:45:16 | stm32g031c4 | table_43 | page=66 | Y=5.3.9 PLL characteristics | outline/toc=5.3.10 Flash memory characteristics
2026-07-26 21:45:16 | stm32g031c4 | table_45 | page=67 | Y=5.3.10 Flash memory characteristics | outline/toc=5.3.11 EMC characteristics
2026-07-26 21:45:16 | stm32g031c4 | table_48 | page=69 | Y=5.3.12 Electrical sensitivity characteristics | outline/toc=5.3.13 I/O current injection characteristics
2026-07-26 21:45:16 | stm32g031c4 | table_49 | page=69 | Y=5.3.12 Electrical sensitivity characteristics | outline/toc=5.3.13 I/O current injection characteristics
2026-07-26 21:45:16 | stm32g031c4 | table_57 | page=77 | Y=5.3.16 Extended interrupt and event controller input (EXTI) characteristics | outline/toc=5.3.17 Analog switch booster
2026-07-26 21:45:16 | stm32g031c4 | table_63 | page=86 | Y=5.3.20 Temperature sensor characteristics | outline/toc=5.3.22 Timer characteristics
2026-07-26 21:45:16 | stm32g031c4 | table_64 | page=86 | Y=5.3.21 V monitoring characteristics | outline/toc=5.3.22 Timer characteristics
2026-07-26 21:45:16 | stm32g031c4 | table_65 | page=86 | Y=5.3.21 V monitoring characteristics | outline/toc=5.3.22 Timer characteristics
2026-07-26 21:45:16 | stm32g031c4 | table_66 | page=87 | Y=5.3.22 Timer characteristics | outline/toc=5.3.23 Characteristics of communication interfaces
2026-07-26 21:45:16 | stm32g031c4 | table_67 | page=87 | Y=5.3.22 Timer characteristics | outline/toc=5.3.23 Characteristics of communication interfaces
2026-07-26 21:45:16 | stm32g031c4 | table_73 | page=96 | Y=6.1 Device marking | outline/toc=6.2 SO8N package information (O7)
2026-07-26 21:45:16 | stm32g031c4 | table_74 | page=99 | Y=6.1 Device marking | outline/toc=6.3 WLCSP18 package information (B06E)
2026-07-26 21:45:16 | stm32g031c4 | table_75 | page=101 | Y=6.1 Device marking | outline/toc=6.3 WLCSP18 package information (B06E)
2026-07-26 21:45:16 | stm32g031c4 | table_76 | page=102 | Y=6.1 Device marking | outline/toc=6.4 TSSOP20 package information (YA)
2026-07-26 21:45:16 | stm32g031c4 | table_77 | page=104 | Y=6.1 Device marking | outline/toc=6.5 UFQFPN28 package information (A0B0)
2026-07-26 21:45:16 | stm32g031c4 | table_78 | page=107 | Y=6.1 Device marking | outline/toc=6.6 LQFP32 package information (5V)
2026-07-26 21:45:16 | stm32g031c4 | table_79 | page=111 | Y=1.2 REF | outline/toc=6.7 UFQFPN32 package information (A0B8)
2026-07-26 21:45:16 | stm32g031c4 | table_80 | page=111 | Y=1.2 REF | outline/toc=6.7 UFQFPN32 package information (A0B8)
2026-07-26 21:45:16 | stm32g031c4 | table_81 | page=115 | Y=1.2 REF | outline/toc=6.8 LQFP48 package information (5B)
2026-07-26 21:45:16 | stm32g031c4 | table_82 | page=118 | Y=1.2 REF | outline/toc=6.9 UFQFPN48 package information (A0B9)
2026-07-26 21:45:19 | stm32g041c6 | table_3 | page=15 | Y=3.3 Embedded flash memory | outline/toc=3.3.1 Securable area
2026-07-26 21:45:19 | stm32g041c6 | table_4 | page=21 | Y=3.8 Interconnect of peripherals | outline/toc=3.9 Clocks and startup
2026-07-26 21:45:19 | stm32g041c6 | table_5 | page=25 | Y=3.14.1 Temperature sensor | outline/toc=3.14.2 Internal voltage reference (V )
2026-07-26 21:45:19 | stm32g041c6 | table_6 | page=26 | Y=3.14.2 Internal voltage reference (V ) | outline/toc=3.17 Advanced-encryption-standard (AES) hardware accelerator
2026-07-26 21:45:20 | stm32g041c6 | table_8 | page=31 | Y=3.19 Real-time clock (RTC), tamper (TAMP) and backup registers | outline/toc=3.21 Universal synchronous/asynchronous receiver transmitter (USART)
2026-07-26 21:45:20 | stm32g041c6 | table_9 | page=32 | Y=3.21 Universal synchronous/asynchronous receiver transmitter | outline/toc=3.22 Low-power universal asynchronous receiver transmitter (LPUART)
2026-07-26 21:45:20 | stm32g041c6 | table_10 | page=33 | Y=3.23 Serial peripheral interface (SPI) | outline/toc=3.24.1 Serial wire debug port (SW-DP)
2026-07-26 21:45:20 | stm32g041c6 | table_20 | page=48 | Y=5.2 Absolute maximum ratings | outline/toc=5.3.1 General operating conditions
2026-07-26 21:45:20 | stm32g041c6 | table_22 | page=49 | Y=5.3.2 Operating conditions at power-up / power-down | outline/toc=5.3.3 Embedded reset and power control block characteristics
2026-07-26 21:45:20 | stm32g041c6 | table_26 | page=54 | Y=8 MHz | outline/toc=5.3.5 Supply current characteristics
2026-07-26 21:45:20 | stm32g041c6 | table_27 | page=55 | Y=8 MHz | outline/toc=5.3.5 Supply current characteristics
2026-07-26 21:45:20 | stm32g041c6 | table_28 | page=55 | Y=8 MHz | outline/toc=5.3.5 Supply current characteristics
2026-07-26 21:45:20 | stm32g041c6 | table_29 | page=56 | Y=8 MHz | outline/toc=5.3.5 Supply current characteristics
2026-07-26 21:45:20 | stm32g041c6 | table_30 | page=56 | Y=8 MHz | outline/toc=5.3.5 Supply current characteristics
2026-07-26 21:45:20 | stm32g041c6 | table_31 | page=57 | Y=8 MHz | outline/toc=5.3.5 Supply current characteristics
2026-07-26 21:45:20 | stm32g041c6 | table_32 | page=57 | Y=8 MHz | outline/toc=5.3.5 Supply current characteristics
2026-07-26 21:45:20 | stm32g041c6 | table_33 | page=59 | Y=8 MHz | outline/toc=5.3.5 Supply current characteristics
2026-07-26 21:45:20 | stm32g041c6 | table_34 | page=60 | Y=8 MHz | outline/toc=5.3.5 Supply current characteristics
2026-07-26 21:45:20 | stm32g041c6 | table_35 | page=61 | Y=8 MHz | outline/toc=5.3.5 Supply current characteristics
2026-07-26 21:45:20 | stm32g041c6 | table_36 | page=61 | Y=8 MHz | outline/toc=5.3.5 Supply current characteristics
2026-07-26 21:45:20 | stm32g041c6 | table_43 | page=68 | Y=5.3.9 PLL characteristics | outline/toc=5.3.10 Flash memory characteristics
2026-07-26 21:45:20 | stm32g041c6 | table_45 | page=69 | Y=5.3.10 Flash memory characteristics | outline/toc=5.3.11 EMC characteristics
2026-07-26 21:45:20 | stm32g041c6 | table_48 | page=71 | Y=5.3.12 Electrical sensitivity characteristics | outline/toc=5.3.13 I/O current injection characteristics
2026-07-26 21:45:20 | stm32g041c6 | table_49 | page=71 | Y=5.3.12 Electrical sensitivity characteristics | outline/toc=5.3.13 I/O current injection characteristics
2026-07-26 21:45:20 | stm32g041c6 | table_57 | page=79 | Y=5.3.16 Extended interrupt and event controller input (EXTI) characteristics | outline/toc=5.3.17 Analog switch booster
2026-07-26 21:45:20 | stm32g041c6 | table_63 | page=88 | Y=5.3.20 Temperature sensor characteristics | outline/toc=5.3.22 Timer characteristics
2026-07-26 21:45:20 | stm32g041c6 | table_64 | page=88 | Y=5.3.21 V monitoring characteristics | outline/toc=5.3.22 Timer characteristics
2026-07-26 21:45:20 | stm32g041c6 | table_65 | page=88 | Y=5.3.21 V monitoring characteristics | outline/toc=5.3.22 Timer characteristics
2026-07-26 21:45:20 | stm32g041c6 | table_66 | page=89 | Y=5.3.22 Timer characteristics | outline/toc=5.3.23 Characteristics of communication interfaces
2026-07-26 21:45:20 | stm32g041c6 | table_67 | page=89 | Y=5.3.22 Timer characteristics | outline/toc=5.3.23 Characteristics of communication interfaces
2026-07-26 21:45:20 | stm32g041c6 | table_73 | page=98 | Y=6.1 Device marking | outline/toc=6.2 SO8N package information (O7)
2026-07-26 21:45:20 | stm32g041c6 | table_74 | page=101 | Y=6.1 Device marking | outline/toc=6.3 WLCSP18 package information (B06E)
2026-07-26 21:45:20 | stm32g041c6 | table_75 | page=103 | Y=6.1 Device marking | outline/toc=6.3 WLCSP18 package information (B06E)
2026-07-26 21:45:20 | stm32g041c6 | table_76 | page=104 | Y=6.1 Device marking | outline/toc=6.4 TSSOP20 package information (YA)
2026-07-26 21:45:20 | stm32g041c6 | table_77 | page=106 | Y=6.1 Device marking | outline/toc=6.5 UFQFPN28 package information (A0B0)
2026-07-26 21:45:20 | stm32g041c6 | table_78 | page=109 | Y=6.1 Device marking | outline/toc=6.6 LQFP32 package information (5V)
2026-07-26 21:45:20 | stm32g041c6 | table_79 | page=113 | Y=1.2 REF | outline/toc=6.7 UFQFPN32 package information (A0B8)
2026-07-26 21:45:20 | stm32g041c6 | table_80 | page=113 | Y=1.2 REF | outline/toc=6.7 UFQFPN32 package information (A0B8)
2026-07-26 21:45:20 | stm32g041c6 | table_81 | page=117 | Y=1.2 REF | outline/toc=6.8 LQFP48 package information (5B)
2026-07-26 21:45:20 | stm32g041c6 | table_82 | page=120 | Y=1.2 REF | outline/toc=6.9 UFQFPN48 package information (A0B9)
2026-07-26 21:45:33 | stm32g051c6 | table_3 | page=14 | Y=3.3 Embedded flash memory | outline/toc=3.3.1 Securable area
2026-07-26 21:45:33 | stm32g051c6 | table_6 | page=25 | Y=3.14.2 Internal voltage reference (V ) | outline/toc=3.15 Digital-to-analog converter (DAC)
2026-07-26 21:45:33 | stm32g051c6 | table_8 | page=31 | Y=3.19 Real-time clock (RTC), tamper (TAMP) and backup registers | outline/toc=3.21 Universal synchronous/asynchronous receiver transmitter (USART)
2026-07-26 21:45:33 | stm32g051c6 | table_9 | page=32 | Y=3.21 Universal synchronous/asynchronous receiver transmitter | outline/toc=3.22 Low-power universal asynchronous receiver transmitter (LPUART)
2026-07-26 21:45:33 | stm32g051c6 | table_10 | page=33 | Y=3.23 Serial peripheral interface (SPI) | outline/toc=3.24.1 Serial wire debug port (SW-DP)
2026-07-26 21:45:33 | stm32g051c6 | table_20 | page=48 | Y=5.2 Absolute maximum ratings | outline/toc=5.3.1 General operating conditions
2026-07-26 21:45:33 | stm32g051c6 | table_22 | page=49 | Y=5.3.2 Operating conditions at power-up / power-down | outline/toc=5.3.3 Embedded reset and power control block characteristics
2026-07-26 21:45:33 | stm32g051c6 | table_26 | page=54 | Y=8 MHz | outline/toc=5.3.5 Supply current characteristics
2026-07-26 21:45:33 | stm32g051c6 | table_27 | page=55 | Y=8 MHz | outline/toc=5.3.5 Supply current characteristics
2026-07-26 21:45:33 | stm32g051c6 | table_28 | page=55 | Y=8 MHz | outline/toc=5.3.5 Supply current characteristics
2026-07-26 21:45:33 | stm32g051c6 | table_29 | page=56 | Y=8 MHz | outline/toc=5.3.5 Supply current characteristics
2026-07-26 21:45:33 | stm32g051c6 | table_30 | page=56 | Y=8 MHz | outline/toc=5.3.5 Supply current characteristics
2026-07-26 21:45:33 | stm32g051c6 | table_31 | page=57 | Y=8 MHz | outline/toc=5.3.5 Supply current characteristics
2026-07-26 21:45:33 | stm32g051c6 | table_32 | page=57 | Y=8 MHz | outline/toc=5.3.5 Supply current characteristics
2026-07-26 21:45:33 | stm32g051c6 | table_33 | page=59 | Y=8 MHz | outline/toc=5.3.5 Supply current characteristics
2026-07-26 21:45:33 | stm32g051c6 | table_34 | page=60 | Y=8 MHz | outline/toc=5.3.5 Supply current characteristics
2026-07-26 21:45:33 | stm32g051c6 | table_35 | page=61 | Y=8 MHz | outline/toc=5.3.5 Supply current characteristics
2026-07-26 21:45:33 | stm32g051c6 | table_36 | page=61 | Y=8 MHz | outline/toc=5.3.5 Supply current characteristics
2026-07-26 21:45:33 | stm32g051c6 | table_43 | page=68 | Y=5.3.9 PLL characteristics | outline/toc=5.3.10 Flash memory characteristics
2026-07-26 21:45:33 | stm32g051c6 | table_45 | page=69 | Y=5.3.10 Flash memory characteristics | outline/toc=5.3.11 EMC characteristics
2026-07-26 21:45:33 | stm32g051c6 | table_48 | page=71 | Y=5.3.12 Electrical sensitivity characteristics | outline/toc=5.3.13 I/O current injection characteristics
2026-07-26 21:45:33 | stm32g051c6 | table_49 | page=71 | Y=5.3.12 Electrical sensitivity characteristics | outline/toc=5.3.13 I/O current injection characteristics
2026-07-26 21:45:33 | stm32g051c6 | table_57 | page=79 | Y=5.3.16 Extended interrupt and event controller input (EXTI) characteristics | outline/toc=5.3.17 Analog switch booster
2026-07-26 21:45:34 | stm32g051c6 | table_66 | page=93 | Y=5.3.22 Temperature sensor characteristics | outline/toc=5.3.23 V monitoring characteristics
2026-07-26 21:45:34 | stm32g051c6 | table_68 | page=94 | Y=5.3.23 V monitoring characteristics | outline/toc=5.3.24 Timer characteristics
2026-07-26 21:45:34 | stm32g051c6 | table_70 | page=95 | Y=5.3.24 Timer characteristics | outline/toc=5.3.25 Characteristics of communication interfaces
2026-07-26 21:45:34 | stm32g051c6 | table_76 | page=105 | Y=6.1 Device marking | outline/toc=6.2 WLCSP20 package information (B0E1)
2026-07-26 21:45:34 | stm32g051c6 | table_77 | page=107 | Y=6.1 Device marking | outline/toc=6.2 WLCSP20 package information (B0E1)
2026-07-26 21:45:34 | stm32g051c6 | table_78 | page=108 | Y=6.1 Device marking | outline/toc=6.3 TSSOP20 package information (YA)
2026-07-26 21:45:34 | stm32g051c6 | table_79 | page=110 | Y=6.1 Device marking | outline/toc=6.4 UFQFPN28 package information (A0B0)
2026-07-26 21:45:34 | stm32g051c6 | table_80 | page=113 | Y=6.1 Device marking | outline/toc=6.5 LQFP32 package information (5V)
2026-07-26 21:45:34 | stm32g051c6 | table_81 | page=117 | Y=1.2 REF | outline/toc=6.6 UFQFPN32 package information (A0B8)
2026-07-26 21:45:34 | stm32g051c6 | table_82 | page=117 | Y=1.2 REF | outline/toc=6.6 UFQFPN32 package information (A0B8)
2026-07-26 21:45:34 | stm32g051c6 | table_83 | page=121 | Y=1.2 REF | outline/toc=6.7 LQFP48 package information (5B)
2026-07-26 21:45:34 | stm32g051c6 | table_84 | page=124 | Y=1.2 REF | outline/toc=6.8 UFQFPN48 package information (A0B9)
2026-07-26 21:45:35 | stm32g0b0ce | table_2 | page=13 | Y=3.3 Embedded flash memory | outline/toc=3.4 Embedded SRAM
2026-07-26 21:45:35 | stm32g0b0ce | table_3 | page=18 | Y=3.8 Interconnect of peripherals | outline/toc=3.9 Clocks and startup
2026-07-26 21:45:35 | stm32g0b0ce | table_4 | page=22 | Y=3.14.1 Temperature sensor | outline/toc=3.14.2 Internal voltage reference (V )
2026-07-26 21:45:35 | stm32g0b0ce | table_6 | page=23 | Y=3.15 Timers and watchdogs | outline/toc=3.15.1 Advanced-control timer (TIM1)
2026-07-26 21:45:35 | stm32g0b0ce | table_7 | page=26 | Y=3.16 Real-time clock (RTC), tamper (TAMP) and backup registers | outline/toc=3.17 Inter-integrated circuit interface (I2C)
2026-07-26 21:45:35 | stm32g0b0ce | table_9 | page=28 | Y=3.19 Serial peripheral interface (SPI) | outline/toc=3.21.1 Serial wire debug port (SW-DP)
2026-07-26 21:45:35 | stm32g0b0ce | table_22 | page=49 | Y=5.2 Absolute maximum ratings | outline/toc=5.3.1 General operating conditions
2026-07-26 21:45:35 | stm32g0b0ce | table_24 | page=50 | Y=5.3.2 Operating conditions at power-up / power-down | outline/toc=5.3.4 Embedded voltage reference
2026-07-26 21:45:35 | stm32g0b0ce | table_25 | page=50 | Y=5.3.3 Embedded reset and power control block characteristics | outline/toc=5.3.4 Embedded voltage reference
2026-07-26 21:45:35 | stm32g0b0ce | table_35 | page=59 | Y=5.3.5 Supply current characteristics | outline/toc=5.3.7 External clock source characteristics
2026-07-26 21:45:35 | stm32g0b0ce | table_39 | page=62 | Y=8 MHz controlled | outline/toc=5.3.7 External clock source characteristics
2026-07-26 21:45:35 | stm32g0b0ce | table_41 | page=64 | Y=5.3.8 Internal clock source characteristics | outline/toc=5.3.9 PLL characteristics
2026-07-26 21:45:35 | stm32g0b0ce | table_46 | page=67 | Y=5.3.11 EMC characteristics | outline/toc=5.3.12 Electrical sensitivity characteristics
2026-07-26 21:45:35 | stm32g0b0ce | table_48 | page=68 | Y=5.3.12 Electrical sensitivity characteristics | outline/toc=5.3.13 I/O current injection characteristics
2026-07-26 21:45:35 | stm32g0b0ce | table_54 | page=74 | Y=5.3.14 I/O port characteristics | outline/toc=5.3.15 NRST input characteristics
2026-07-26 21:45:35 | stm32g0b0ce | table_60 | page=81 | Y=5.3.18 Temperature sensor characteristics | outline/toc=5.3.20 Timer characteristics
2026-07-26 21:45:35 | stm32g0b0ce | table_61 | page=81 | Y=5.3.19 V monitoring characteristics | outline/toc=5.3.20 Timer characteristics
2026-07-26 21:45:35 | stm32g0b0ce | table_62 | page=81 | Y=5.3.19 V monitoring characteristics | outline/toc=5.3.20 Timer characteristics
2026-07-26 21:45:35 | stm32g0b0ce | table_63 | page=82 | Y=5.3.20 Timer characteristics | outline/toc=5.3.21 Characteristics of communication interfaces
2026-07-26 21:45:35 | stm32g0b0ce | table_64 | page=82 | Y=5.3.20 Timer characteristics | outline/toc=5.3.21 Characteristics of communication interfaces
2026-07-26 21:45:35 | stm32g0b0ce | table_71 | page=94 | Y=6.1 Device marking | outline/toc=6.2 LQFP32 package information (5V)
2026-07-26 21:45:35 | stm32g0b0ce | table_72 | page=98 | Y=1.2 REF | outline/toc=6.3 LQFP48 package information (5B)
2026-07-26 21:45:35 | stm32g0b0ce | table_73 | page=101 | Y=1.2 REF | outline/toc=6.4 LQFP64 package information (5W)
2026-07-26 21:45:35 | stm32g0b0ce | table_74 | page=104 | Y=1.2 REF | outline/toc=6.5 LQFP100 package information (1L)
2026-07-26 21:45:35 | stm32g0b0ce | table_75 | page=106 | Y=6.6 Thermal characteristics | outline/toc=6.6.1 Reference document
2026-07-26 21:45:42 | stm32g061c6 | table_3 | page=14 | Y=3.3 Embedded flash memory | outline/toc=3.3.1 Securable area
2026-07-26 21:45:42 | stm32g061c6 | table_5 | page=24 | Y=3.14.1 Temperature sensor | outline/toc=3.15 Digital-to-analog converter (DAC)
2026-07-26 21:45:42 | stm32g061c6 | table_6 | page=24 | Y=3.14.2 Internal voltage reference (V ) | outline/toc=3.15 Digital-to-analog converter (DAC)
2026-07-26 21:45:42 | stm32g061c6 | table_7 | page=27 | Y=3.20 Timers and watchdogs | outline/toc=3.20.1 Advanced-control timer (TIM1)
2026-07-26 21:45:42 | stm32g061c6 | table_8 | page=31 | Y=3.21 Real-time clock (RTC), tamper (TAMP) and backup registers | outline/toc=3.23 Universal synchronous/asynchronous receiver transmitter (USART)
2026-07-26 21:45:42 | stm32g061c6 | table_9 | page=32 | Y=3.23 Universal synchronous/asynchronous receiver transmitter | outline/toc=3.24 Low-power universal asynchronous receiver transmitter (LPUART)
2026-07-26 21:45:42 | stm32g061c6 | table_10 | page=33 | Y=3.25 Serial peripheral interface (SPI) | outline/toc=3.26.1 Serial wire debug port (SW-DP)
2026-07-26 21:45:42 | stm32g061c6 | table_20 | page=48 | Y=5.2 Absolute maximum ratings | outline/toc=5.3.1 General operating conditions
2026-07-26 21:45:42 | stm32g061c6 | table_22 | page=49 | Y=5.3.2 Operating conditions at power-up / power-down | outline/toc=5.3.3 Embedded reset and power control block characteristics
2026-07-26 21:45:42 | stm32g061c6 | table_26 | page=54 | Y=8 MHz | outline/toc=5.3.5 Supply current characteristics
2026-07-26 21:45:42 | stm32g061c6 | table_27 | page=55 | Y=8 MHz | outline/toc=5.3.5 Supply current characteristics
2026-07-26 21:45:42 | stm32g061c6 | table_28 | page=55 | Y=8 MHz | outline/toc=5.3.5 Supply current characteristics
2026-07-26 21:45:42 | stm32g061c6 | table_29 | page=56 | Y=8 MHz | outline/toc=5.3.5 Supply current characteristics
2026-07-26 21:45:42 | stm32g061c6 | table_30 | page=56 | Y=8 MHz | outline/toc=5.3.5 Supply current characteristics
2026-07-26 21:45:42 | stm32g061c6 | table_31 | page=57 | Y=8 MHz | outline/toc=5.3.5 Supply current characteristics
2026-07-26 21:45:42 | stm32g061c6 | table_32 | page=57 | Y=8 MHz | outline/toc=5.3.5 Supply current characteristics
2026-07-26 21:45:42 | stm32g061c6 | table_33 | page=59 | Y=8 MHz | outline/toc=5.3.5 Supply current characteristics
2026-07-26 21:45:42 | stm32g061c6 | table_34 | page=60 | Y=8 MHz | outline/toc=5.3.5 Supply current characteristics
2026-07-26 21:45:42 | stm32g061c6 | table_35 | page=61 | Y=8 MHz | outline/toc=5.3.5 Supply current characteristics
2026-07-26 21:45:42 | stm32g061c6 | table_36 | page=61 | Y=8 MHz | outline/toc=5.3.5 Supply current characteristics
2026-07-26 21:45:42 | stm32g061c6 | table_43 | page=68 | Y=5.3.9 PLL characteristics | outline/toc=5.3.10 Flash memory characteristics
2026-07-26 21:45:42 | stm32g061c6 | table_45 | page=69 | Y=5.3.10 Flash memory characteristics | outline/toc=5.3.11 EMC characteristics
2026-07-26 21:45:42 | stm32g061c6 | table_48 | page=71 | Y=5.3.12 Electrical sensitivity characteristics | outline/toc=5.3.13 I/O current injection characteristics
2026-07-26 21:45:42 | stm32g061c6 | table_49 | page=71 | Y=5.3.12 Electrical sensitivity characteristics | outline/toc=5.3.13 I/O current injection characteristics
2026-07-26 21:45:42 | stm32g061c6 | table_57 | page=79 | Y=5.3.16 Extended interrupt and event controller input (EXTI) characteristics | outline/toc=5.3.17 Analog switch booster
2026-07-26 21:45:43 | stm32g061c6 | table_66 | page=93 | Y=5.3.22 Temperature sensor characteristics | outline/toc=5.3.23 V monitoring characteristics
2026-07-26 21:45:43 | stm32g061c6 | table_68 | page=94 | Y=5.3.23 V monitoring characteristics | outline/toc=5.3.24 Timer characteristics
2026-07-26 21:45:43 | stm32g061c6 | table_70 | page=95 | Y=5.3.24 Timer characteristics | outline/toc=5.3.25 Characteristics of communication interfaces
2026-07-26 21:45:43 | stm32g061c6 | table_76 | page=105 | Y=6.1 Device marking | outline/toc=6.2 TSSOP20 package information (YA)
2026-07-26 21:45:43 | stm32g061c6 | table_77 | page=107 | Y=6.1 Device marking | outline/toc=6.3 WLCSP20 package information (B0E1)
2026-07-26 21:45:43 | stm32g061c6 | table_78 | page=109 | Y=6.1 Device marking | outline/toc=6.3 WLCSP20 package information (B0E1)
2026-07-26 21:45:43 | stm32g061c6 | table_79 | page=110 | Y=6.1 Device marking | outline/toc=6.4 UFQFPN28 package information (A0B0)
2026-07-26 21:45:43 | stm32g061c6 | table_80 | page=113 | Y=6.1 Device marking | outline/toc=6.5 LQFP32 package information (5V)
2026-07-26 21:45:43 | stm32g061c6 | table_81 | page=117 | Y=1.2 REF | outline/toc=6.6 UFQFPN32 package information (A0B8)
2026-07-26 21:45:43 | stm32g061c6 | table_82 | page=117 | Y=1.2 REF | outline/toc=6.6 UFQFPN32 package information (A0B8)
2026-07-26 21:45:43 | stm32g061c6 | table_83 | page=121 | Y=1.2 REF | outline/toc=6.7 LQFP48 package information (5B)
2026-07-26 21:45:43 | stm32g061c6 | table_84 | page=124 | Y=1.2 REF | outline/toc=6.8 UFQFPN48 package information (A0B9)
2026-07-26 21:45:53 | stm32f777bi | table_3 | page=33 | Y=3.19.1 Regulator ON | outline/toc=3.19.2 Regulator OFF
2026-07-26 21:45:53 | stm32f777bi | table_4 | page=36 | Y=3.19.3 Regulator ON/OFF and internal reset ON/OFF availability | outline/toc=3.20 Real-time clock (RTC), backup SRAM and backup registers
2026-07-26 21:45:53 | stm32f777bi | table_7 | page=42 | Y=3.24 Inter-integrated circuit interface (I C) | outline/toc=3.24 Inter-integrated circuit interface (I2C)
2026-07-26 21:45:53 | stm32f777bi | table_10 | page=66 | Y=3.48 DSI Host (DSIHOST) | outline/toc=4 Pinouts and pin description
2026-07-26 21:45:53 | stm32f777bi | table_11 | page=66 | Y=3.48 DSI Host (DSIHOST) | outline/toc=4 Pinouts and pin description
2026-07-26 21:45:53 | stm32f777bi | table_12 | page=86 | Y=3.48 DSI Host (DSIHOST) | outline/toc=4 Pinouts and pin description
2026-07-26 21:45:53 | stm32f777bi | table_13 | page=89 | Y=3.48 DSI Host (DSIHOST) | outline/toc=4 Pinouts and pin description
2026-07-26 21:45:53 | stm32f777bi | table_18 | page=111 | Y=6.3.1 General operating conditions | outline/toc=6.3.2 VCAP1/VCAP2 external capacitor
2026-07-26 21:45:53 | stm32f777bi | table_19 | page=112 | Y=6.3.1 General operating conditions | outline/toc=6.3.5 Reset and power control block characteristics
2026-07-26 21:45:53 | stm32f777bi | table_20 | page=112 | Y=6.3.3 Operating conditions at power-up / power-down (regulator ON) | outline/toc=6.3.5 Reset and power control block characteristics
2026-07-26 21:45:53 | stm32f777bi | table_21 | page=112 | Y=6.3.4 Operating conditions at power-up / power-down (regulator OFF) | outline/toc=6.3.5 Reset and power control block characteristics
2026-07-26 21:45:53 | stm32f777bi | table_23 | page=114 | Y=6.3.6 Over-drive switching characteristics | outline/toc=6.3.7 Supply current characteristics
2026-07-26 21:45:54 | stm32f777bi | table_63 | page=155 | Y=6.3.18 Absolute maximum ratings (electrical sensitivity) | outline/toc=6.3.19 I/O current injection characteristics
2026-07-26 21:45:54 | stm32f777bi | table_64 | page=155 | Y=6.3.18 Absolute maximum ratings (electrical sensitivity) | outline/toc=6.3.19 I/O current injection characteristics
2026-07-26 21:45:54 | stm32f777bi | table_65 | page=156 | Y=6.3.19 I/O current injection characteristics | outline/toc=6.3.20 I/O port characteristics
2026-07-26 21:45:54 | stm32f777bi | table_67 | page=159 | Y=2.0 M O | outline/toc=6.3.20 I/O port characteristics
2026-07-26 21:45:54 | stm32f777bi | table_68 | page=160 | Y=2.0 M O | outline/toc=6.3.20 I/O port characteristics
2026-07-26 21:45:54 | stm32f777bi | table_78 | page=170 | Y=6.3.25 Temperature sensor characteristics | outline/toc=6.3.27 Reference voltage
2026-07-26 21:45:54 | stm32f777bi | table_79 | page=170 | Y=6.3.25 Temperature sensor characteristics | outline/toc=6.3.27 Reference voltage
2026-07-26 21:45:54 | stm32f777bi | table_80 | page=170 | Y=6.3.26 V monitoring characteristics | outline/toc=6.3.27 Reference voltage
2026-07-26 21:45:54 | stm32f777bi | table_82 | page=171 | Y=6.3.27 Reference voltage | outline/toc=6.3.28 DAC electrical characteristics
2026-07-26 21:45:54 | stm32g071c8 | table_3 | page=15 | Y=3.3 Embedded flash memory | outline/toc=3.3.1 Securable area
2026-07-26 21:45:54 | stm32f777bi | table_100 | page=190 | Y=6.3.29 Communications interfaces | outline/toc=6.3.30 FMC characteristics
2026-07-26 21:45:54 | stm32f777bi | table_118 | page=209 | Y=6.3.30 FMC characteristics | outline/toc=6.3.31 Quad-SPI interface characteristics
2026-07-26 21:45:54 | stm32g071c8 | table_6 | page=26 | Y=3.14.2 Internal voltage reference (V ) | outline/toc=3.15 Digital-to-analog converter (DAC)
2026-07-26 21:45:54 | stm32f777bi | table_126 | page=222 | Y=7.1 Device marking | outline/toc=7.2 LQFP100 package information (1L)
2026-07-26 21:45:54 | stm32f777bi | table_127 | page=225 | Y=7.1 Device marking | outline/toc=7.3 TFBGA100 package information (A08Q)
2026-07-26 21:45:54 | stm32f777bi | table_128 | page=226 | Y=7.1 Device marking | outline/toc=7.3 TFBGA100 package information (A08Q)
2026-07-26 21:45:54 | stm32f777bi | table_129 | page=228 | Y=7.1 Device marking | outline/toc=7.4 LQFP144 package information (1A)
2026-07-26 21:45:54 | stm32f777bi | table_130 | page=232 | Y=7.1 Device marking | outline/toc=7.5 LQFP176 package information (1T)
2026-07-26 21:45:54 | stm32f777bi | table_131 | page=235 | Y=7.1 Device marking | outline/toc=7.5 LQFP176 package information (1T)
2026-07-26 21:45:54 | stm32f777bi | table_132 | page=236 | Y=7.1 Device marking | outline/toc=7.5 LQFP176 package information (1T)
2026-07-26 21:45:54 | stm32f777bi | table_133 | page=237 | Y=7.1 Device marking | outline/toc=7.7 WLCSP package information (A05G)
2026-07-26 21:45:54 | stm32g071c8 | table_8 | page=32 | Y=3.19 Real-time clock (RTC), tamper (TAMP) and backup registers | outline/toc=3.21 Universal synchronous/asynchronous receiver transmitter (USART)
2026-07-26 21:45:54 | stm32f777bi | table_134 | page=238 | Y=7.1 Device marking | outline/toc=7.7 WLCSP package information (A05G)
2026-07-26 21:45:54 | stm32f777bi | table_135 | page=241 | Y=7.1 Device marking | outline/toc=7.8 LQFP208 package information (UH)
2026-07-26 21:45:54 | stm32f777bi | table_136 | page=244 | Y=7.1 Device marking | outline/toc=7.9 TFBGA216 package information (A0L2)
2026-07-26 21:45:54 | stm32f777bi | table_137 | page=245 | Y=7.1 Device marking | outline/toc=7.9 TFBGA216 package information (A0L2)
2026-07-26 21:45:54 | stm32g071c8 | table_9 | page=33 | Y=3.21 Universal synchronous/asynchronous receiver transmitter | outline/toc=3.22 Low-power universal asynchronous receiver transmitter (LPUART)
2026-07-26 21:45:54 | stm32f777bi | table_139 | page=247 | Y=7.10 Thermal characteristics | outline/toc=8 Ordering information
2026-07-26 21:45:54 | stm32g071c8 | table_10 | page=34 | Y=3.23 Serial peripheral interface (SPI) | outline/toc=3.24 USB Type-C Power Delivery controller
2026-07-26 21:45:54 | stm32f777bi | table_140 | page=249 | Y=7.10 Thermal characteristics | outline/toc=8 Ordering information
2026-07-26 21:45:54 | stm32f777bi | table_141 | page=251 | Y=1.2 Msps over-drive OFF operations only | outline/toc=8 Ordering information
2026-07-26 21:45:54 | stm32g071c8 | table_20 | page=56 | Y=5.2 Absolute maximum ratings | outline/toc=5.3.1 General operating conditions
2026-07-26 21:45:54 | stm32g071c8 | table_22 | page=57 | Y=5.3.2 Operating conditions at power-up / power-down | outline/toc=5.3.3 Embedded reset and power control block characteristics
2026-07-26 21:45:54 | stm32g071c8 | table_36 | page=70 | Y=5.3.5 Supply current characteristics | outline/toc=5.3.7 External clock source characteristics
2026-07-26 21:45:54 | stm32g071c8 | table_40 | page=73 | Y=8 MHz controlled | outline/toc=5.3.7 External clock source characteristics
2026-07-26 21:45:54 | stm32g071c8 | table_43 | page=76 | Y=5.3.9 PLL characteristics | outline/toc=5.3.10 Flash memory characteristics
2026-07-26 21:45:54 | stm32g071c8 | table_45 | page=77 | Y=5.3.10 Flash memory characteristics | outline/toc=5.3.11 EMC characteristics
2026-07-26 21:45:54 | stm32g071c8 | table_48 | page=79 | Y=5.3.12 Electrical sensitivity characteristics | outline/toc=5.3.13 I/O current injection characteristics
2026-07-26 21:45:54 | stm32g071c8 | table_49 | page=79 | Y=5.3.12 Electrical sensitivity characteristics | outline/toc=5.3.13 I/O current injection characteristics
2026-07-26 21:45:54 | stm32g071c8 | table_54 | page=85 | Y=5.3.14 I/O port characteristics | outline/toc=5.3.15 NRST input characteristics
2026-07-26 21:45:54 | stm32g071c8 | table_57 | page=87 | Y=5.3.17 Analog switch booster | outline/toc=5.3.18 Analog-to-digital converter characteristics
2026-07-26 21:45:54 | stm32g071c8 | table_65 | page=100 | Y=5.3.22 Temperature sensor characteristics | outline/toc=5.3.23 V monitoring characteristics
2026-07-26 21:45:54 | stm32g071c8 | table_67 | page=101 | Y=5.3.23 V monitoring characteristics | outline/toc=5.3.24 Timer characteristics
2026-07-26 21:45:54 | stm32g071c8 | table_69 | page=102 | Y=5.3.24 Timer characteristics | outline/toc=5.3.25 Characteristics of communication interfaces
2026-07-26 21:45:54 | stm32g071c8 | table_76 | page=112 | Y=6.1 Device marking | outline/toc=6.2 WLCSP25 package information
2026-07-26 21:45:54 | stm32g071c8 | table_77 | page=113 | Y=6.1 Device marking | outline/toc=6.2 WLCSP25 package information
2026-07-26 21:45:54 | stm32g071c8 | table_78 | page=115 | Y=6.1 Device marking | outline/toc=6.3 UFQFPN28 package information (A0B0)
2026-07-26 21:45:54 | stm32g071c8 | table_79 | page=118 | Y=6.1 Device marking | outline/toc=6.4 LQFP32 package information (5V)
2026-07-26 21:45:54 | stm32g071c8 | table_80 | page=122 | Y=1.2 REF | outline/toc=6.5 UFQFPN32 package information (A0B8)
2026-07-26 21:45:54 | stm32g071c8 | table_81 | page=122 | Y=1.2 REF | outline/toc=6.5 UFQFPN32 package information (A0B8)
2026-07-26 21:45:54 | stm32g071c8 | table_82 | page=126 | Y=1.2 REF | outline/toc=6.6 LQFP48 package information (5B)
2026-07-26 21:45:54 | stm32g071c8 | table_83 | page=129 | Y=1.2 REF | outline/toc=6.7 UFQFPN48 package information (A0B9)
2026-07-26 21:45:54 | stm32g071c8 | table_84 | page=131 | Y=1.2 REF | outline/toc=6.8 LQFP64 package information (5W)
2026-07-26 21:45:54 | stm32g071c8 | table_85 | page=134 | Y=1.2 REF | outline/toc=6.9 UFBGA64 package information (A019)
2026-07-26 21:45:54 | stm32g071c8 | table_86 | page=135 | Y=1.2 REF | outline/toc=6.9 UFBGA64 package information (A019)
2026-07-26 21:45:58 | stm32f765bg | table_3 | page=33 | Y=3.19.1 Regulator ON | outline/toc=3.19.2 Regulator OFF
2026-07-26 21:45:58 | stm32f765bg | table_4 | page=36 | Y=3.19.3 Regulator ON/OFF and internal reset ON/OFF availability | outline/toc=3.20 Real-time clock (RTC), backup SRAM and backup registers
2026-07-26 21:45:58 | stm32f765bg | table_7 | page=42 | Y=3.24 Inter-integrated circuit interface (I C) | outline/toc=3.24 Inter-integrated circuit interface (I2C)
2026-07-26 21:45:58 | stm32f765bg | table_10 | page=66 | Y=3.47 DSI Host (DSIHOST) | outline/toc=4 Pinouts and pin description
2026-07-26 21:45:58 | stm32f765bg | table_11 | page=66 | Y=3.47 DSI Host (DSIHOST) | outline/toc=4 Pinouts and pin description
2026-07-26 21:45:58 | stm32f765bg | table_12 | page=86 | Y=3.47 DSI Host (DSIHOST) | outline/toc=4 Pinouts and pin description
2026-07-26 21:45:58 | stm32f765bg | table_13 | page=89 | Y=3.47 DSI Host (DSIHOST) | outline/toc=4 Pinouts and pin description
2026-07-26 21:45:58 | stm32f765bg | table_18 | page=111 | Y=6.3.1 General operating conditions | outline/toc=6.3.2 VCAP1/VCAP2 external capacitor
2026-07-26 21:45:58 | stm32f765bg | table_19 | page=112 | Y=6.3.1 General operating conditions | outline/toc=6.3.5 Reset and power control block characteristics
2026-07-26 21:45:58 | stm32f765bg | table_20 | page=112 | Y=6.3.3 Operating conditions at power-up / power-down (regulator ON) | outline/toc=6.3.5 Reset and power control block characteristics
2026-07-26 21:45:58 | stm32f765bg | table_21 | page=112 | Y=6.3.4 Operating conditions at power-up / power-down (regulator OFF) | outline/toc=6.3.5 Reset and power control block characteristics
2026-07-26 21:45:58 | stm32f765bg | table_23 | page=114 | Y=6.3.6 Over-drive switching characteristics | outline/toc=6.3.7 Supply current characteristics
2026-07-26 21:45:59 | stm32f765bg | table_63 | page=155 | Y=6.3.18 Absolute maximum ratings (electrical sensitivity) | outline/toc=6.3.19 I/O current injection characteristics
2026-07-26 21:45:59 | stm32f765bg | table_64 | page=155 | Y=6.3.18 Absolute maximum ratings (electrical sensitivity) | outline/toc=6.3.19 I/O current injection characteristics
2026-07-26 21:45:59 | stm32f765bg | table_65 | page=156 | Y=6.3.19 I/O current injection characteristics | outline/toc=6.3.20 I/O port characteristics
2026-07-26 21:45:59 | stm32f765bg | table_67 | page=159 | Y=2.0 M O | outline/toc=6.3.20 I/O port characteristics
2026-07-26 21:45:59 | stm32f765bg | table_68 | page=160 | Y=2.0 M O | outline/toc=6.3.20 I/O port characteristics
2026-07-26 21:45:59 | stm32f765bg | table_78 | page=170 | Y=6.3.25 Temperature sensor characteristics | outline/toc=6.3.27 Reference voltage
2026-07-26 21:45:59 | stm32f765bg | table_79 | page=170 | Y=6.3.25 Temperature sensor characteristics | outline/toc=6.3.27 Reference voltage
2026-07-26 21:45:59 | stm32f765bg | table_80 | page=170 | Y=6.3.26 V monitoring characteristics | outline/toc=6.3.27 Reference voltage
2026-07-26 21:45:59 | stm32f765bg | table_82 | page=171 | Y=6.3.27 Reference voltage | outline/toc=6.3.28 DAC electrical characteristics
2026-07-26 21:45:59 | stm32f765bg | table_100 | page=190 | Y=6.3.29 Communications interfaces | outline/toc=6.3.30 FMC characteristics
2026-07-26 21:45:59 | stm32f765bg | table_118 | page=209 | Y=6.3.30 FMC characteristics | outline/toc=6.3.31 Quad-SPI interface characteristics
2026-07-26 21:45:59 | stm32f765bg | table_126 | page=222 | Y=7.1 Device marking | outline/toc=7.2 LQFP100 package information (1L)
2026-07-26 21:45:59 | stm32f765bg | table_127 | page=225 | Y=7.1 Device marking | outline/toc=7.3 TFBGA100 package information (A08Q)
2026-07-26 21:45:59 | stm32f765bg | table_128 | page=226 | Y=7.1 Device marking | outline/toc=7.3 TFBGA100 package information (A08Q)
2026-07-26 21:45:59 | stm32f765bg | table_129 | page=228 | Y=7.1 Device marking | outline/toc=7.4 LQFP144 package information (1A)
2026-07-26 21:45:59 | stm32f765bg | table_130 | page=232 | Y=7.1 Device marking | outline/toc=7.5 LQFP176 package information (1T)
2026-07-26 21:45:59 | stm32f765bg | table_131 | page=235 | Y=7.1 Device marking | outline/toc=7.5 LQFP176 package information (1T)
2026-07-26 21:45:59 | stm32f765bg | table_132 | page=236 | Y=7.1 Device marking | outline/toc=7.5 LQFP176 package information (1T)
2026-07-26 21:45:59 | stm32f765bg | table_133 | page=237 | Y=7.1 Device marking | outline/toc=7.7 WLCSP package information (A05G)
2026-07-26 21:45:59 | stm32f765bg | table_134 | page=238 | Y=7.1 Device marking | outline/toc=7.7 WLCSP package information (A05G)
2026-07-26 21:45:59 | stm32f765bg | table_135 | page=241 | Y=7.1 Device marking | outline/toc=7.8 LQFP208 package information (UH)
2026-07-26 21:45:59 | stm32f765bg | table_136 | page=244 | Y=7.1 Device marking | outline/toc=7.9 TFBGA216 package information (A0L2)
2026-07-26 21:45:59 | stm32f765bg | table_137 | page=245 | Y=7.1 Device marking | outline/toc=7.9 TFBGA216 package information (A0L2)
2026-07-26 21:45:59 | stm32f765bg | table_139 | page=247 | Y=7.10 Thermal characteristics | outline/toc=8 Ordering information
2026-07-26 21:45:59 | stm32f765bg | table_140 | page=249 | Y=7.10 Thermal characteristics | outline/toc=8 Ordering information
2026-07-26 21:45:59 | stm32f765bg | table_141 | page=251 | Y=1.2 Msps over-drive OFF operations only | outline/toc=8 Ordering information
2026-07-26 21:46:07 | stm32g081cb | table_3 | page=15 | Y=3.3 Embedded flash memory | outline/toc=3.3.1 Securable area
2026-07-26 21:46:07 | stm32g081cb | table_6 | page=26 | Y=3.14.2 Internal voltage reference (V ) | outline/toc=3.15 Digital-to-analog converter (DAC)
2026-07-26 21:46:07 | stm32g081cb | table_8 | page=33 | Y=3.21 Real-time clock (RTC), tamper (TAMP) and backup registers | outline/toc=3.23 Universal synchronous/asynchronous receiver transmitter (USART)
2026-07-26 21:46:07 | stm32g081cb | table_9 | page=34 | Y=3.23 Universal synchronous/asynchronous receiver transmitter | outline/toc=3.24 Low-power universal asynchronous receiver transmitter (LPUART)
2026-07-26 21:46:07 | stm32g081cb | table_10 | page=35 | Y=3.25 Serial peripheral interface (SPI) | outline/toc=3.26 USB Type-C Power Delivery controller
2026-07-26 21:46:07 | stm32g081cb | table_20 | page=57 | Y=5.2 Absolute maximum ratings | outline/toc=5.3.1 General operating conditions
2026-07-26 21:46:07 | stm32g081cb | table_22 | page=58 | Y=5.3.2 Operating conditions at power-up / power-down | outline/toc=5.3.3 Embedded reset and power control block characteristics
2026-07-26 21:46:07 | stm32g081cb | table_36 | page=71 | Y=5.3.5 Supply current characteristics | outline/toc=5.3.7 External clock source characteristics
2026-07-26 21:46:07 | stm32g081cb | table_40 | page=74 | Y=8 MHz controlled | outline/toc=5.3.7 External clock source characteristics
2026-07-26 21:46:07 | stm32g081cb | table_43 | page=77 | Y=5.3.9 PLL characteristics | outline/toc=5.3.10 Flash memory characteristics
2026-07-26 21:46:07 | stm32g081cb | table_45 | page=78 | Y=5.3.10 Flash memory characteristics | outline/toc=5.3.11 EMC characteristics
2026-07-26 21:46:07 | stm32g081cb | table_48 | page=80 | Y=5.3.12 Electrical sensitivity characteristics | outline/toc=5.3.13 I/O current injection characteristics
2026-07-26 21:46:07 | stm32g081cb | table_49 | page=80 | Y=5.3.12 Electrical sensitivity characteristics | outline/toc=5.3.13 I/O current injection characteristics
2026-07-26 21:46:07 | stm32g081cb | table_54 | page=86 | Y=5.3.14 I/O port characteristics | outline/toc=5.3.15 NRST input characteristics
2026-07-26 21:46:07 | stm32g081cb | table_57 | page=88 | Y=5.3.17 Analog switch booster | outline/toc=5.3.18 Analog-to-digital converter characteristics
2026-07-26 21:46:07 | stm32g081cb | table_65 | page=101 | Y=5.3.22 Temperature sensor characteristics | outline/toc=5.3.23 V monitoring characteristics
2026-07-26 21:46:07 | stm32g081cb | table_67 | page=102 | Y=5.3.23 V monitoring characteristics | outline/toc=5.3.24 Timer characteristics
2026-07-26 21:46:07 | stm32g081cb | table_69 | page=103 | Y=5.3.24 Timer characteristics | outline/toc=5.3.25 Characteristics of communication interfaces
2026-07-26 21:46:07 | stm32g081cb | table_76 | page=113 | Y=6.1 Device marking | outline/toc=6.2 WLCSP25 package information
2026-07-26 21:46:07 | stm32g081cb | table_77 | page=114 | Y=6.1 Device marking | outline/toc=6.2 WLCSP25 package information
2026-07-26 21:46:07 | stm32g081cb | table_78 | page=116 | Y=6.1 Device marking | outline/toc=6.3 UFQFPN28 package information (A0B0)
2026-07-26 21:46:07 | stm32g081cb | table_79 | page=119 | Y=6.1 Device marking | outline/toc=6.4 LQFP32 package information (5V)
2026-07-26 21:46:07 | stm32g081cb | table_80 | page=123 | Y=1.2 REF | outline/toc=6.5 UFQFPN32 package information (A0B8)
2026-07-26 21:46:07 | stm32g081cb | table_81 | page=123 | Y=1.2 REF | outline/toc=6.5 UFQFPN32 package information (A0B8)
2026-07-26 21:46:07 | stm32g081cb | table_82 | page=127 | Y=1.2 REF | outline/toc=6.6 LQFP48 package information (5B)
2026-07-26 21:46:07 | stm32g081cb | table_83 | page=130 | Y=1.2 REF | outline/toc=6.7 UFQFPN48 package information (A0B9)
2026-07-26 21:46:07 | stm32g081cb | table_84 | page=132 | Y=1.2 REF | outline/toc=6.8 LQFP64 package information (5W)
2026-07-26 21:46:07 | stm32g081cb | table_85 | page=135 | Y=1.2 REF | outline/toc=6.9 UFBGA64 package information (A019)
2026-07-26 21:46:07 | stm32g081cb | table_86 | page=136 | Y=1.2 REF | outline/toc=6.9 UFBGA64 package information (A019)
2026-07-26 21:46:24 | stm32g0c1cc | table_3 | page=15 | Y=3.3 Embedded flash memory | outline/toc=3.3.1 Securable area
2026-07-26 21:46:24 | stm32g0c1cc | table_5 | page=26 | Y=3.14.1 Temperature sensor | outline/toc=3.15 Digital-to-analog converter (DAC)
2026-07-26 21:46:24 | stm32g0c1cc | table_6 | page=26 | Y=3.14.2 Internal voltage reference (V ) | outline/toc=3.15 Digital-to-analog converter (DAC)
2026-07-26 21:46:24 | stm32g0c1cc | table_7 | page=29 | Y=3.20 Timers and watchdogs | outline/toc=3.20.1 Advanced-control timer (TIM1)
2026-07-26 21:46:24 | stm32g0c1cc | table_8 | page=33 | Y=3.21 Real-time clock (RTC), tamper (TAMP) and backup registers | outline/toc=3.23 Universal synchronous/asynchronous receiver transmitter (USART)
2026-07-26 21:46:24 | stm32g0c1cc | table_9 | page=34 | Y=3.23 Universal synchronous/asynchronous receiver transmitter | outline/toc=3.24 Low-power universal asynchronous receiver transmitter (LPUART)
2026-07-26 21:46:24 | stm32g0c1cc | table_10 | page=35 | Y=3.25 Serial peripheral interface (SPI) | outline/toc=3.26 Universal serial bus full-speed host/device interface (USB)
2026-07-26 21:46:25 | stm32g0c1cc | table_23 | page=68 | Y=5.2 Absolute maximum ratings | outline/toc=5.3.1 General operating conditions
2026-07-26 21:46:25 | stm32g0c1cc | table_25 | page=69 | Y=5.3.2 Operating conditions at power-up / power-down | outline/toc=5.3.3 Embedded reset and power control block characteristics
2026-07-26 21:46:25 | stm32g0c1cc | table_29 | page=74 | Y=8 MHz | outline/toc=5.3.5 Supply current characteristics
2026-07-26 21:46:25 | stm32g0c1cc | table_30 | page=75 | Y=8 MHz | outline/toc=5.3.5 Supply current characteristics
2026-07-26 21:46:25 | stm32g0c1cc | table_31 | page=75 | Y=8 MHz | outline/toc=5.3.5 Supply current characteristics
2026-07-26 21:46:25 | stm32g0c1cc | table_32 | page=76 | Y=8 MHz | outline/toc=5.3.5 Supply current characteristics
2026-07-26 21:46:25 | stm32g0c1cc | table_33 | page=76 | Y=8 MHz | outline/toc=5.3.5 Supply current characteristics
2026-07-26 21:46:25 | stm32g0c1cc | table_34 | page=77 | Y=8 MHz | outline/toc=5.3.5 Supply current characteristics
2026-07-26 21:46:25 | stm32g0c1cc | table_35 | page=77 | Y=8 MHz | outline/toc=5.3.5 Supply current characteristics
2026-07-26 21:46:25 | stm32g0c1cc | table_36 | page=79 | Y=8 MHz | outline/toc=5.3.5 Supply current characteristics
2026-07-26 21:46:25 | stm32g0c1cc | table_37 | page=81 | Y=8 MHz | outline/toc=5.3.5 Supply current characteristics
2026-07-26 21:46:25 | stm32g0c1cc | table_38 | page=82 | Y=8 MHz | outline/toc=5.3.7 External clock source characteristics
2026-07-26 21:46:25 | stm32g0c1cc | table_39 | page=82 | Y=8 MHz | outline/toc=5.3.7 External clock source characteristics
2026-07-26 21:46:25 | stm32g0c1cc | table_46 | page=89 | Y=5.3.8 Internal clock source characteristics | outline/toc=5.3.9 PLL characteristics
2026-07-26 21:46:25 | stm32g0c1cc | table_51 | page=92 | Y=5.3.11 EMC characteristics | outline/toc=5.3.12 Electrical sensitivity characteristics
2026-07-26 21:46:25 | stm32g0c1cc | table_53 | page=93 | Y=5.3.12 Electrical sensitivity characteristics | outline/toc=5.3.13 I/O current injection characteristics
2026-07-26 21:46:25 | stm32g0c1cc | table_59 | page=99 | Y=5.3.14 I/O port characteristics | outline/toc=5.3.15 NRST input characteristics
2026-07-26 21:46:25 | stm32g0c1cc | table_62 | page=101 | Y=5.3.17 Analog switch booster | outline/toc=5.3.18 Analog-to-digital converter characteristics
2026-07-26 21:46:25 | stm32g0c1cc | table_71 | page=115 | Y=5.3.23 V monitoring characteristics | outline/toc=5.3.24 Timer characteristics
2026-07-26 21:46:25 | stm32g0c1cc | table_72 | page=115 | Y=5.3.23 V monitoring characteristics | outline/toc=5.3.24 Timer characteristics
2026-07-26 21:46:25 | stm32g0c1cc | table_74 | page=116 | Y=5.3.24 Timer characteristics | outline/toc=5.3.25 Characteristics of communication interfaces
2026-07-26 21:46:25 | stm32g0c1cc | table_82 | page=127 | Y=6.1 Device marking | outline/toc=6.2 LQFP32 package information (5V)
2026-07-26 21:46:25 | stm32g0c1cc | table_83 | page=131 | Y=1.2 REF | outline/toc=6.3 UFQFPN32 package information (A0B8)
2026-07-26 21:46:25 | stm32g0c1cc | table_84 | page=131 | Y=1.2 REF | outline/toc=6.3 UFQFPN32 package information (A0B8)
2026-07-26 21:46:25 | stm32g0c1cc | table_85 | page=132 | Y=1.2 REF | outline/toc=6.3 UFQFPN32 package information (A0B8)
2026-07-26 21:46:25 | stm32g0c1cc | table_86 | page=134 | Y=1.2 REF | outline/toc=6.4 LQFP48 package information (5B)
2026-07-26 21:46:25 | stm32g0c1cc | table_87 | page=137 | Y=1.2 REF | outline/toc=6.5 UFQFPN48 package information (A0B9)
2026-07-26 21:46:25 | stm32g0c1cc | table_88 | page=138 | Y=1.2 REF | outline/toc=6.6 WLCSP52 package information
2026-07-26 21:46:25 | stm32g0b1cb | table_3 | page=15 | Y=3.3 Embedded flash memory | outline/toc=3.3.1 Securable area
2026-07-26 21:46:25 | stm32g0c1cc | table_90 | page=142 | Y=6.7 Device marking | outline/toc=6.8 LQFP64 package information (5W)
2026-07-26 21:46:25 | stm32g0c1cc | table_91 | page=145 | Y=6.7 Device marking | outline/toc=6.9 UFBGA64 package information (A019)
2026-07-26 21:46:25 | stm32g0c1cc | table_92 | page=146 | Y=6.7 Device marking | outline/toc=6.9 UFBGA64 package information (A019)
2026-07-26 21:46:25 | stm32g0c1cc | table_93 | page=148 | Y=6.7 Device marking | outline/toc=6.10 LQFP80 package information (9X)
2026-07-26 21:46:25 | stm32g0c1cc | table_94 | page=151 | Y=6.7 Device marking | outline/toc=6.11 LQFP100 package information (1L)
2026-07-26 21:46:25 | stm32g0c1cc | table_95 | page=154 | Y=6.7 Device marking | outline/toc=6.12 UFBGA100 package information (A0C2)
2026-07-26 21:46:25 | stm32g0c1cc | table_96 | page=155 | Y=6.7 Device marking | outline/toc=6.12 UFBGA100 package information (A0C2)
2026-07-26 21:46:25 | stm32g0b1cb | table_5 | page=26 | Y=3.14.1 Temperature sensor | outline/toc=3.15 Digital-to-analog converter (DAC)
2026-07-26 21:46:25 | stm32g0b1cb | table_6 | page=26 | Y=3.14.2 Internal voltage reference (V ) | outline/toc=3.15 Digital-to-analog converter (DAC)
2026-07-26 21:46:25 | stm32g0b1cb | table_7 | page=28 | Y=3.18 Timers and watchdogs | outline/toc=3.18.1 Advanced-control timer (TIM1)
2026-07-26 21:46:25 | stm32g0b1cb | table_8 | page=32 | Y=3.19 Real-time clock (RTC), tamper (TAMP) and backup registers | outline/toc=3.21 Universal synchronous/asynchronous receiver transmitter (USART)
2026-07-26 21:46:25 | stm32g0b1cb | table_9 | page=33 | Y=3.21 Universal synchronous/asynchronous receiver transmitter | outline/toc=3.22 Low-power universal asynchronous receiver transmitter (LPUART)
2026-07-26 21:46:25 | stm32g0b1cb | table_10 | page=34 | Y=3.23 Serial peripheral interface (SPI) | outline/toc=3.24 Universal serial bus full-speed host/device interface (USB)
2026-07-26 21:46:25 | stm32g0b1cb | table_23 | page=67 | Y=5.2 Absolute maximum ratings | outline/toc=5.3.1 General operating conditions
2026-07-26 21:46:25 | stm32g0b1cb | table_25 | page=68 | Y=5.3.2 Operating conditions at power-up / power-down | outline/toc=5.3.3 Embedded reset and power control block characteristics
2026-07-26 21:46:25 | stm32g0b1cb | table_29 | page=73 | Y=8 MHz | outline/toc=5.3.5 Supply current characteristics
2026-07-26 21:46:25 | stm32g0b1cb | table_30 | page=74 | Y=8 MHz | outline/toc=5.3.5 Supply current characteristics
2026-07-26 21:46:25 | stm32g0b1cb | table_31 | page=74 | Y=8 MHz | outline/toc=5.3.5 Supply current characteristics
2026-07-26 21:46:25 | stm32g0b1cb | table_32 | page=75 | Y=8 MHz | outline/toc=5.3.5 Supply current characteristics
2026-07-26 21:46:25 | stm32g0b1cb | table_33 | page=75 | Y=8 MHz | outline/toc=5.3.5 Supply current characteristics
2026-07-26 21:46:25 | stm32g0b1cb | table_34 | page=76 | Y=8 MHz | outline/toc=5.3.5 Supply current characteristics
2026-07-26 21:46:25 | stm32g0b1cb | table_35 | page=76 | Y=8 MHz | outline/toc=5.3.5 Supply current characteristics
2026-07-26 21:46:25 | stm32g0b1cb | table_36 | page=78 | Y=8 MHz | outline/toc=5.3.5 Supply current characteristics
2026-07-26 21:46:25 | stm32g0b1cb | table_37 | page=80 | Y=8 MHz | outline/toc=5.3.5 Supply current characteristics
2026-07-26 21:46:25 | stm32g0b1cb | table_38 | page=81 | Y=8 MHz | outline/toc=5.3.7 External clock source characteristics
2026-07-26 21:46:25 | stm32g0b1cb | table_39 | page=81 | Y=8 MHz | outline/toc=5.3.7 External clock source characteristics
2026-07-26 21:46:25 | stm32g0b1cb | table_46 | page=88 | Y=5.3.8 Internal clock source characteristics | outline/toc=5.3.9 PLL characteristics
2026-07-26 21:46:25 | stm32g0b1cb | table_51 | page=91 | Y=5.3.11 EMC characteristics | outline/toc=5.3.12 Electrical sensitivity characteristics
2026-07-26 21:46:25 | stm32g0b1cb | table_53 | page=92 | Y=5.3.12 Electrical sensitivity characteristics | outline/toc=5.3.13 I/O current injection characteristics
2026-07-26 21:46:25 | stm32g0b1cb | table_59 | page=98 | Y=5.3.14 I/O port characteristics | outline/toc=5.3.15 NRST input characteristics
2026-07-26 21:46:25 | stm32g0b1cb | table_62 | page=100 | Y=5.3.17 Analog switch booster | outline/toc=5.3.18 Analog-to-digital converter characteristics
2026-07-26 21:46:25 | stm32g0b1cb | table_70 | page=113 | Y=5.3.22 Temperature sensor characteristics | outline/toc=5.3.23 V monitoring characteristics
2026-07-26 21:46:25 | stm32g0b1cb | table_72 | page=114 | Y=5.3.23 V monitoring characteristics | outline/toc=5.3.24 Timer characteristics
2026-07-26 21:46:25 | stm32g0b1cb | table_74 | page=115 | Y=5.3.24 Timer characteristics | outline/toc=5.3.25 Characteristics of communication interfaces
2026-07-26 21:46:25 | stm32g0b1cb | table_82 | page=127 | Y=6.1 Device marking | outline/toc=6.2 LQFP32 package information (5V)
2026-07-26 21:46:25 | stm32g0b1cb | table_83 | page=131 | Y=1.2 REF | outline/toc=6.3 UFQFPN32 package information (A0B8)
2026-07-26 21:46:25 | stm32g0b1cb | table_84 | page=131 | Y=1.2 REF | outline/toc=6.3 UFQFPN32 package information (A0B8)
2026-07-26 21:46:25 | stm32g0b1cb | table_85 | page=135 | Y=1.2 REF | outline/toc=6.4 LQFP48 package information (5B)
2026-07-26 21:46:25 | stm32g0b1cb | table_86 | page=138 | Y=1.2 REF | outline/toc=6.5 UFQFPN48 package information (A0B9)
2026-07-26 21:46:25 | stm32g0b1cb | table_87 | page=140 | Y=1.2 REF | outline/toc=6.6 WLCSP52 package information (B0BG)
2026-07-26 21:46:25 | stm32g0b1cb | table_88 | page=140 | Y=1.2 REF | outline/toc=6.6 WLCSP52 package information (B0BG)
2026-07-26 21:46:25 | stm32g0b1cb | table_89 | page=141 | Y=1.2 REF | outline/toc=6.6 WLCSP52 package information (B0BG)
2026-07-26 21:46:25 | stm32g0b1cb | table_90 | page=144 | Y=1.2 REF | outline/toc=6.7 LQFP64 package information (5W)
2026-07-26 21:46:25 | stm32g0b1cb | table_91 | page=147 | Y=1.2 REF | outline/toc=6.8 UFBGA64 package information (A019)
2026-07-26 21:46:25 | stm32g0b1cb | table_92 | page=148 | Y=1.2 REF | outline/toc=6.8 UFBGA64 package information (A019)
2026-07-26 21:46:25 | stm32g0b1cb | table_93 | page=150 | Y=1.2 REF | outline/toc=6.9 LQFP80 package information (9X)
2026-07-26 21:46:25 | stm32g0b1cb | table_94 | page=153 | Y=1.2 REF | outline/toc=6.10 LQFP100 package information (1L)
2026-07-26 21:46:25 | stm32g0b1cb | table_95 | page=156 | Y=1.2 REF | outline/toc=6.11 UFBGA100 package information (A0C2)
2026-07-26 21:46:25 | stm32g0b1cb | table_96 | page=157 | Y=1.2 REF | outline/toc=6.11 UFBGA100 package information (A0C2)
2026-07-26 21:46:53 | stm32g431c6 | table_5 | page=30 | Y=3.18.1 Temperature sensor | outline/toc=3.19 Digital to analog converter (DAC)
2026-07-26 21:46:53 | stm32g431c6 | table_6 | page=30 | Y=3.18.2 Internal voltage reference (V ) | outline/toc=3.19 Digital to analog converter (DAC)
2026-07-26 21:46:53 | stm32g431c6 | table_8 | page=38 | Y=3.28 Inter-integrated circuit interface (I C) | outline/toc=3.28 Inter-integrated circuit interface (I2C)
2026-07-26 21:46:53 | stm32g431c6 | table_18 | page=72 | Y=5.3.2 Operating conditions at power-up / power-down | outline/toc=5.3.3 Embedded reset and power control block characteristics
2026-07-26 21:46:53 | stm32g431c6 | table_36 | page=98 | Y=5.3.5 Supply current characteristics | outline/toc=5.3.7 External clock source characteristics
2026-07-26 21:46:53 | stm32g431c6 | table_37 | page=98 | Y=5.3.5 Supply current characteristics | outline/toc=5.3.7 External clock source characteristics
2026-07-26 21:46:53 | stm32g431c6 | table_41 | page=102 | Y=8 MHz controlled | outline/toc=5.3.7 External clock source characteristics
2026-07-26 21:46:53 | stm32g431c6 | table_49 | page=109 | Y=5.3.11 EMC characteristics | outline/toc=5.3.12 Electrical sensitivity characteristics
2026-07-26 21:46:53 | stm32g431c6 | table_51 | page=110 | Y=5.3.12 Electrical sensitivity characteristics | outline/toc=5.3.13 I/O current injection characteristics
2026-07-26 21:46:53 | stm32g431c6 | table_58 | page=117 | Y=5.3.16 Extended interrupt and event controller input (EXTI) characteristics | outline/toc=5.3.17 Analog switches booster
2026-07-26 21:46:53 | stm32g431c6 | table_75 | page=148 | Y=5.3.23 Temperature sensor characteristics | outline/toc=5.3.24 V monitoring characteristics
2026-07-26 21:46:53 | stm32g431c6 | table_79 | page=150 | Y=5.3.25 Timer characteristics | outline/toc=5.3.26 Communication interfaces characteristics
2026-07-26 21:46:53 | stm32g431c6 | table_80 | page=150 | Y=5.3.25 Timer characteristics | outline/toc=5.3.26 Communication interfaces characteristics
2026-07-26 21:46:53 | stm32g431c6 | table_89 | page=162 | Y=5.3.27 UCPD characteristics | outline/toc=6.1 UFQFPN32 package information
2026-07-26 21:46:53 | stm32g431c6 | table_90 | page=165 | Y=5.3.27 UCPD characteristics | outline/toc=6.2 LQFP32 package information
2026-07-26 21:46:53 | stm32g431c6 | table_91 | page=168 | Y=5.3.27 UCPD characteristics | outline/toc=6.3 UFQFPN48 package information
2026-07-26 21:46:53 | stm32g431c6 | table_92 | page=171 | Y=5.3.27 UCPD characteristics | outline/toc=6.4 LQFP48 package information
2026-07-26 21:46:53 | stm32g431c6 | table_93 | page=175 | Y=5.3.27 UCPD characteristics | outline/toc=6.5 WLCSP49 package information
2026-07-26 21:46:53 | stm32g431c6 | table_94 | page=176 | Y=5.3.27 UCPD characteristics | outline/toc=6.5 WLCSP49 package information
2026-07-26 21:46:53 | stm32g431c6 | table_95 | page=178 | Y=5.3.27 UCPD characteristics | outline/toc=6.6 LQFP64 package information
2026-07-26 21:46:53 | stm32g431c6 | table_96 | page=181 | Y=5.3.27 UCPD characteristics | outline/toc=6.7 UFBGA64 package information
2026-07-26 21:46:53 | stm32g431c6 | table_97 | page=182 | Y=5.3.27 UCPD characteristics | outline/toc=6.7 UFBGA64 package information
2026-07-26 21:46:53 | stm32g431c6 | table_98 | page=184 | Y=5.3.27 UCPD characteristics | outline/toc=6.8 LQFP80 package information
2026-07-26 21:46:53 | stm32g431c6 | table_99 | page=187 | Y=5.3.27 UCPD characteristics | outline/toc=6.9 LQFP100 package information
2026-07-26 21:46:53 | stm32g431c6 | table_102 | page=195 | Y=7 Ordering information | outline/toc=8 Revision history
2026-07-26 21:47:03 | stm32g441cb | table_5 | page=30 | Y=3.18.1 Temperature sensor | outline/toc=3.19 Digital to analog converter (DAC)
2026-07-26 21:47:03 | stm32g441cb | table_6 | page=30 | Y=3.18.2 Internal voltage reference (V ) | outline/toc=3.19 Digital to analog converter (DAC)
2026-07-26 21:47:03 | stm32g441cb | table_8 | page=39 | Y=3.29 Inter-integrated circuit interface (I C) | outline/toc=3.29 Inter-integrated circuit interface (I2C)
2026-07-26 21:47:03 | stm32g441cb | table_18 | page=72 | Y=5.3.2 Operating conditions at power-up / power-down | outline/toc=5.3.3 Embedded reset and power control block characteristics
2026-07-26 21:47:03 | stm32g441cb | table_36 | page=98 | Y=5.3.5 Supply current characteristics | outline/toc=5.3.7 External clock source characteristics
2026-07-26 21:47:03 | stm32g441cb | table_37 | page=98 | Y=5.3.5 Supply current characteristics | outline/toc=5.3.7 External clock source characteristics
2026-07-26 21:47:03 | stm32g441cb | table_41 | page=102 | Y=8 MHz controlled | outline/toc=5.3.7 External clock source characteristics
2026-07-26 21:47:03 | stm32g441cb | table_49 | page=109 | Y=5.3.11 EMC characteristics | outline/toc=5.3.12 Electrical sensitivity characteristics
2026-07-26 21:47:03 | stm32g441cb | table_51 | page=110 | Y=5.3.12 Electrical sensitivity characteristics | outline/toc=5.3.13 I/O current injection characteristics
2026-07-26 21:47:03 | stm32g441cb | table_58 | page=117 | Y=5.3.16 Extended interrupt and event controller input (EXTI) characteristics | outline/toc=5.3.17 Analog switches booster
2026-07-26 21:47:04 | stm32g441cb | table_75 | page=148 | Y=5.3.23 Temperature sensor characteristics | outline/toc=5.3.24 V monitoring characteristics
2026-07-26 21:47:04 | stm32g441cb | table_79 | page=150 | Y=5.3.25 Timer characteristics | outline/toc=5.3.26 Communication interfaces characteristics
2026-07-26 21:47:04 | stm32g441cb | table_80 | page=150 | Y=5.3.25 Timer characteristics | outline/toc=5.3.26 Communication interfaces characteristics
2026-07-26 21:47:04 | stm32g441cb | table_89 | page=162 | Y=6 Package information | outline/toc=6.1 UFQFPN32 package information
2026-07-26 21:47:04 | stm32g441cb | table_90 | page=165 | Y=6 Package information | outline/toc=6.2 LQFP32 package information
2026-07-26 21:47:04 | stm32g441cb | table_91 | page=168 | Y=6 Package information | outline/toc=6.3 UFQFPN48 package information
2026-07-26 21:47:04 | stm32g441cb | table_92 | page=171 | Y=6 Package information | outline/toc=6.4 LQFP48 package information
2026-07-26 21:47:04 | stm32g441cb | table_93 | page=175 | Y=6 Package information | outline/toc=6.5 WLCSP49 package information
2026-07-26 21:47:04 | stm32g441cb | table_94 | page=176 | Y=6 Package information | outline/toc=6.5 WLCSP49 package information
2026-07-26 21:47:04 | stm32g441cb | table_95 | page=178 | Y=6 Package information | outline/toc=6.6 LQFP64 package information
2026-07-26 21:47:04 | stm32g441cb | table_96 | page=181 | Y=6 Package information | outline/toc=6.7 UFBGA64 package information
2026-07-26 21:47:04 | stm32g441cb | table_97 | page=182 | Y=6 Package information | outline/toc=6.7 UFBGA64 package information
2026-07-26 21:47:04 | stm32g441cb | table_98 | page=184 | Y=6 Package information | outline/toc=6.8 LQFP80 package information
2026-07-26 21:47:04 | stm32g441cb | table_99 | page=187 | Y=6 Package information | outline/toc=6.9 LQFP100 package information
2026-07-26 21:47:04 | stm32g441cb | table_102 | page=195 | Y=7 Ordering information | outline/toc=8 Revision history
2026-07-26 21:47:16 | stm32h503cb | table_1 | page=2 | Y=5 V tolerant) | outline/toc=
2026-07-26 21:47:16 | stm32h503cb | table_3 | page=29 | Y=3.16 Cyclic redundancy check calculation unit (CRC) | outline/toc=3.17 Analog-to-digital converter (ADC1)
2026-07-26 21:47:16 | stm32h503cb | table_5 | page=39 | Y=3.24.2 Tamper and backup registers (TAMP) | outline/toc=3.26 Improved inter-integrated circuit (I3C)
2026-07-26 21:47:16 | stm32h503cb | table_6 | page=40 | Y=3.24.2 Tamper and backup registers (TAMP) | outline/toc=3.26 Improved inter-integrated circuit (I3C)
2026-07-26 21:47:16 | stm32h503cb | table_7 | page=40 | Y=3.24.2 Tamper and backup registers (TAMP) | outline/toc=3.26 Improved inter-integrated circuit (I3C)
2026-07-26 21:47:16 | stm32h503cb | table_8 | page=45 | Y=3.28 Serial peripheral interface (SPI)/inter-integrated sound | outline/toc=3.29 Controller area network (FDCAN)
2026-07-26 21:47:16 | stm32h503cb | table_15 | page=74 | Y=5.2 Absolute maximum ratings | outline/toc=5.3.1 General operating conditions
2026-07-26 21:47:17 | stm32h503cb | table_22 | page=82 | Y=5.3.5 Embedded reference voltage | outline/toc=5.3.6 Supply current characteristics
2026-07-26 21:47:17 | stm32h503cb | table_38 | page=99 | Y=8 MHz controlled | outline/toc=5.3.7 External clock source characteristics
2026-07-26 21:47:17 | stm32h503cb | table_44 | page=104 | Y=5.3.9 PLL characteristics | outline/toc=5.3.10 Memory characteristics
2026-07-26 21:47:17 | stm32h503cb | table_46 | page=105 | Y=5.3.10 Memory characteristics | outline/toc=5.3.11 EMC characteristics
2026-07-26 21:47:17 | stm32h503cb | table_47 | page=105 | Y=5.3.10 Memory characteristics | outline/toc=5.3.11 EMC characteristics
2026-07-26 21:47:17 | stm32h503cb | table_49 | page=107 | Y=5.3.11 EMC characteristics | outline/toc=5.3.12 Absolute maximum ratings (electrical sensitivity)
2026-07-26 21:47:17 | stm32h503cb | table_52 | page=108 | Y=5.3.13 I/O current injection characteristics | outline/toc=5.3.14 I/O port characteristics
2026-07-26 21:47:17 | stm32h503cb | table_57 | page=113 | Y=2.7 V | outline/toc=5.3.14 I/O port characteristics
2026-07-26 21:47:17 | stm32h503cb | table_58 | page=117 | Y=2.7 V | outline/toc=5.3.14 I/O port characteristics
2026-07-26 21:47:17 | stm32h503cb | table_59 | page=118 | Y=2.7 V | outline/toc=5.3.14 I/O port characteristics
2026-07-26 21:47:17 | stm32h503cb | table_60 | page=120 | Y=2.7 V | outline/toc=5.3.14 I/O port characteristics
2026-07-26 21:47:17 | stm32h503cb | table_69 | page=134 | Y=5.3.19 Analog temperature sensor characteristics | outline/toc=5.3.21 V monitoring characteristics
2026-07-26 21:47:17 | stm32h503cb | table_70 | page=134 | Y=5.3.20 Digital temperature sensor characteristics | outline/toc=5.3.21 V monitoring characteristics
2026-07-26 21:47:17 | stm32h503cb | table_72 | page=135 | Y=5.3.22 Temperature and V monitoring | outline/toc=5.3.23 Voltage booster for analog switch
2026-07-26 21:47:17 | stm32h503cb | table_73 | page=135 | Y=5.3.22 Temperature and V monitoring | outline/toc=5.3.23 Voltage booster for analog switch
2026-07-26 21:47:17 | stm32h503cb | table_74 | page=135 | Y=5.3.22 Temperature and V monitoring | outline/toc=5.3.23 Voltage booster for analog switch
2026-07-26 21:47:17 | stm32h503cb | table_91 | page=156 | Y=6.1 Device marking | outline/toc=6.2 WLCSP25 package information (B0GN)
2026-07-26 21:47:17 | stm32h503cb | table_92 | page=157 | Y=6.1 Device marking | outline/toc=6.2 WLCSP25 package information (B0GN)
2026-07-26 21:47:17 | stm32h503cb | table_93 | page=159 | Y=6.1 Device marking | outline/toc=6.3 UFQFPN32 package information (A0B8)
2026-07-26 21:47:17 | stm32h503cb | table_94 | page=161 | Y=6.1 Device marking | outline/toc=6.4 LQFP48 package information (5B)
2026-07-26 21:47:17 | stm32h503cb | table_95 | page=164 | Y=6.1 Device marking | outline/toc=6.5 UFQFPN48 package information (A0B9)
2026-07-26 21:47:17 | stm32h503cb | table_96 | page=166 | Y=6.1 Device marking | outline/toc=6.6 LQFP64 package information (5W)
2026-07-26 21:47:17 | stm32h503cb | table_97 | page=168 | Y=6.7 Package thermal characteristics | outline/toc=6.7.1 Reference documents
2026-07-26 21:47:28 | stm32g473cb | table_5 | page=32 | Y=3.18.1 Temperature sensor | outline/toc=3.19 Digital to analog converter (DAC)
2026-07-26 21:47:28 | stm32g473cb | table_6 | page=32 | Y=3.18.2 Internal voltage reference (V ) | outline/toc=3.19 Digital to analog converter (DAC)
2026-07-26 21:47:28 | stm32g473cb | table_8 | page=40 | Y=3.28 Inter-integrated circuit interface (I C) | outline/toc=3.28 Inter-integrated circuit interface (I2C)
2026-07-26 21:47:28 | stm32g473cb | table_18 | page=83 | Y=5.3.2 Operating conditions at power-up / power-down | outline/toc=5.3.3 Embedded reset and power control block characteristics
2026-07-26 21:47:28 | stm32g473cb | table_37 | page=113 | Y=5.3.5 Supply current characteristics | outline/toc=5.3.7 External clock source characteristics
2026-07-26 21:47:28 | stm32g473cb | table_38 | page=113 | Y=5.3.5 Supply current characteristics | outline/toc=5.3.7 External clock source characteristics
2026-07-26 21:47:28 | stm32g473cb | table_42 | page=117 | Y=8 MHz controlled | outline/toc=5.3.7 External clock source characteristics
2026-07-26 21:47:28 | stm32g473cb | table_50 | page=124 | Y=5.3.11 EMC characteristics | outline/toc=5.3.12 Electrical sensitivity characteristics
2026-07-26 21:47:28 | stm32g473cb | table_52 | page=125 | Y=5.3.12 Electrical sensitivity characteristics | outline/toc=5.3.13 I/O current injection characteristics
2026-07-26 21:47:28 | stm32g473cb | table_59 | page=132 | Y=5.3.16 Extended interrupt and event controller input (EXTI) characteristics | outline/toc=5.3.17 Analog switches booster
2026-07-26 21:47:28 | stm32g473cb | table_76 | page=163 | Y=5.3.23 Temperature sensor characteristics | outline/toc=5.3.24 V monitoring characteristics
2026-07-26 21:47:28 | stm32g473cb | table_80 | page=165 | Y=5.3.25 Timer characteristics | outline/toc=5.3.26 Communication interfaces characteristics
2026-07-26 21:47:28 | stm32g473cb | table_81 | page=165 | Y=5.3.25 Timer characteristics | outline/toc=5.3.26 Communication interfaces characteristics
2026-07-26 21:47:28 | stm32g473cb | table_106 | page=196 | Y=6.1 Device marking | outline/toc=6.2 WLCSP81 package information (B068)
2026-07-26 21:47:28 | stm32g473cb | table_107 | page=197 | Y=6.1 Device marking | outline/toc=6.2 WLCSP81 package information (B068)
2026-07-26 21:47:28 | stm32g473cb | table_108 | page=199 | Y=6.1 Device marking | outline/toc=6.3 UFQFPN48 package information (A0B9)
2026-07-26 21:47:28 | stm32g473cb | table_109 | page=201 | Y=6.1 Device marking | outline/toc=6.4 LQFP48 package information (5B)
2026-07-26 21:47:28 | stm32g473cb | table_110 | page=203 | Y=6.1 Device marking | outline/toc=6.5 LQFP64 package information (5W)
2026-07-26 21:47:28 | stm32g473cb | table_111 | page=206 | Y=6.1 Device marking | outline/toc=6.6 LQFP80 package information (9X)
2026-07-26 21:47:28 | stm32g473cb | table_112 | page=209 | Y=6.1 Device marking | outline/toc=6.7 TFBGA100 package information (A08Q)
2026-07-26 21:47:28 | stm32g473cb | table_113 | page=209 | Y=6.1 Device marking | outline/toc=6.7 TFBGA100 package information (A08Q)
2026-07-26 21:47:28 | stm32g473cb | table_114 | page=212 | Y=6.1 Device marking | outline/toc=6.8 LQFP100 package information (1L)
2026-07-26 21:47:28 | stm32g473cb | table_115 | page=215 | Y=6.1 Device marking | outline/toc=6.9 LQFP128 package information (TC)
2026-07-26 21:47:28 | stm32g473cb | table_116 | page=219 | Y=6.1 Device marking | outline/toc=6.10 UFBGA121 package information (B0CU)
2026-07-26 21:47:28 | stm32g473cb | table_117 | page=220 | Y=6.1 Device marking | outline/toc=6.10 UFBGA121 package information (B0CU)
2026-07-26 21:47:37 | stm32g474cb | table_5 | page=33 | Y=3.18.1 Temperature sensor | outline/toc=3.19 Digital to analog converter (DAC)
2026-07-26 21:47:37 | stm32g474cb | table_6 | page=33 | Y=3.18.2 Internal voltage reference (V ) | outline/toc=3.19 Digital to analog converter (DAC)
2026-07-26 21:47:37 | stm32g474cb | table_8 | page=41 | Y=3.28 Inter-integrated circuit interface (I C) | outline/toc=3.28 Inter-integrated circuit interface (I2C)
2026-07-26 21:47:37 | stm32g483ce | table_5 | page=31 | Y=3.18.1 Temperature sensor | outline/toc=3.19 Digital to analog converter (DAC)
2026-07-26 21:47:37 | stm32g483ce | table_6 | page=31 | Y=3.18.2 Internal voltage reference (V ) | outline/toc=3.19 Digital to analog converter (DAC)
2026-07-26 21:47:37 | stm32g483ce | table_8 | page=40 | Y=3.29 Inter-integrated circuit interface (I C) | outline/toc=3.29 Inter-integrated circuit interface (I2C)
2026-07-26 21:47:37 | stm32g474cb | table_18 | page=85 | Y=5.3.2 Operating conditions at power-up / power-down | outline/toc=5.3.3 Embedded reset and power control block characteristics
2026-07-26 21:47:37 | stm32g474cb | table_37 | page=115 | Y=5.3.5 Supply current characteristics | outline/toc=5.3.7 External clock source characteristics
2026-07-26 21:47:37 | stm32g474cb | table_38 | page=115 | Y=5.3.5 Supply current characteristics | outline/toc=5.3.7 External clock source characteristics
2026-07-26 21:47:37 | stm32g474cb | table_42 | page=119 | Y=8 MHz controlled | outline/toc=5.3.7 External clock source characteristics
2026-07-26 21:47:37 | stm32g483ce | table_18 | page=83 | Y=5.3.2 Operating conditions at power-up / power-down | outline/toc=5.3.3 Embedded reset and power control block characteristics
2026-07-26 21:47:37 | stm32g474cb | table_50 | page=126 | Y=5.3.11 EMC characteristics | outline/toc=5.3.12 Electrical sensitivity characteristics
2026-07-26 21:47:37 | stm32g483ce | table_37 | page=113 | Y=5.3.5 Supply current characteristics | outline/toc=5.3.7 External clock source characteristics
2026-07-26 21:47:37 | stm32g474cb | table_52 | page=127 | Y=5.3.12 Electrical sensitivity characteristics | outline/toc=5.3.13 I/O current injection characteristics
2026-07-26 21:47:37 | stm32g483ce | table_38 | page=113 | Y=5.3.5 Supply current characteristics | outline/toc=5.3.7 External clock source characteristics
2026-07-26 21:47:37 | stm32g483ce | table_42 | page=117 | Y=8 MHz controlled | outline/toc=5.3.7 External clock source characteristics
2026-07-26 21:47:37 | stm32g474cb | table_63 | page=136 | Y=5.3.16 High-resolution timer (HRTIM) | outline/toc=5.3.17 Extended interrupt and event controller input (EXTI) characteristics
2026-07-26 21:47:37 | stm32g483ce | table_50 | page=124 | Y=5.3.11 EMC characteristics | outline/toc=5.3.12 Electrical sensitivity characteristics
2026-07-26 21:47:37 | stm32g483ce | table_52 | page=125 | Y=5.3.12 Electrical sensitivity characteristics | outline/toc=5.3.13 I/O current injection characteristics
2026-07-26 21:47:37 | stm32g474cb | table_81 | page=168 | Y=5.3.24 Temperature sensor characteristics | outline/toc=5.3.25 V monitoring characteristics
2026-07-26 21:47:37 | stm32g483ce | table_59 | page=132 | Y=5.3.16 Extended interrupt and event controller input (EXTI) characteristics | outline/toc=5.3.17 Analog switches booster
2026-07-26 21:47:37 | stm32g474cb | table_85 | page=170 | Y=5.3.26 Timer characteristics | outline/toc=5.3.27 Communication interfaces characteristics
2026-07-26 21:47:37 | stm32g474cb | table_86 | page=170 | Y=5.3.26 Timer characteristics | outline/toc=5.3.27 Communication interfaces characteristics
2026-07-26 21:47:37 | stm32g483ce | table_76 | page=163 | Y=5.3.23 Temperature sensor characteristics | outline/toc=5.3.24 V monitoring characteristics
2026-07-26 21:47:37 | stm32g474cb | table_111 | page=201 | Y=6 Package information | outline/toc=6.1 WLCSP81 package information
2026-07-26 21:47:37 | stm32g474cb | table_112 | page=202 | Y=6 Package information | outline/toc=6.1 WLCSP81 package information
2026-07-26 21:47:37 | stm32g474cb | table_113 | page=204 | Y=6 Package information | outline/toc=6.2 UFQFPN48 package information
2026-07-26 21:47:37 | stm32g474cb | table_114 | page=207 | Y=6 Package information | outline/toc=6.3 LQFP48 package information
2026-07-26 21:47:37 | stm32g474cb | table_115 | page=210 | Y=6 Package information | outline/toc=6.4 LQFP64 package information
2026-07-26 21:47:37 | stm32g474cb | table_116 | page=213 | Y=6 Package information | outline/toc=6.5 LQFP80 package information
2026-07-26 21:47:37 | stm32g474cb | table_117 | page=217 | Y=6 Package information | outline/toc=6.6 TFBGA100 package information
2026-07-26 21:47:37 | stm32g474cb | table_118 | page=217 | Y=6 Package information | outline/toc=6.6 TFBGA100 package information
2026-07-26 21:47:37 | stm32g474cb | table_119 | page=219 | Y=6 Package information | outline/toc=6.7 LQFP100 package information
2026-07-26 21:47:37 | stm32g474cb | table_120 | page=222 | Y=6 Package information | outline/toc=6.8 LQFP128 package information
aces characteristics
2026-07-26 21:47:37 | stm32g474cb | table_121 | page=226 | Y=6 Package information | outline/toc=6.9 UFBGA121 package information
2026-07-26 21:47:37 | stm32g483ce | table_81 | page=165 | Y=5.3.25 Timer characteristics | outline/toc=5.3.26 Communication interfaces characteristics
2026-07-26 21:47:37 | stm32g474cb | table_122 | page=227 | Y=6 Package information | outline/toc=6.9 UFBGA121 package information
2026-07-26 21:47:37 | stm32g474cb | table_125 | page=233 | Y=7 Ordering information | outline/toc=8 Revision history
2026-07-26 21:47:37 | stm32g483ce | table_106 | page=196 | Y=6 Package information | outline/toc=6.1 WLCSP81 package information
2026-07-26 21:47:37 | stm32g483ce | table_107 | page=197 | Y=6 Package information | outline/toc=6.1 WLCSP81 package information
2026-07-26 21:47:37 | stm32g483ce | table_108 | page=200 | Y=6 Package information | outline/toc=6.2 UFQFPN48 package information
2026-07-26 21:47:37 | stm32g483ce | table_109 | page=203 | Y=6 Package information | outline/toc=6.3 LQFP48 package information
2026-07-26 21:47:37 | stm32g483ce | table_110 | page=206 | Y=6 Package information | outline/toc=6.4 LQFP64 package information
2026-07-26 21:47:37 | stm32g483ce | table_111 | page=209 | Y=6 Package information | outline/toc=6.5 LQFP80 package information
2026-07-26 21:47:37 | stm32g483ce | table_112 | page=212 | Y=6 Package information | outline/toc=6.6 TFBGA100 package information
2026-07-26 21:47:37 | stm32g483ce | table_113 | page=212 | Y=6 Package information | outline/toc=6.6 TFBGA100 package information
2026-07-26 21:47:37 | stm32g483ce | table_114 | page=214 | Y=6 Package information | outline/toc=6.7 LQFP100 package information
2026-07-26 21:47:37 | stm32g483ce | table_115 | page=217 | Y=6 Package information | outline/toc=6.8 LQFP128 package information
2026-07-26 21:47:37 | stm32g483ce | table_116 | page=221 | Y=6 Package information | outline/toc=6.9 UFBGA121 package information
2026-07-26 21:47:37 | stm32g483ce | table_117 | page=222 | Y=6 Package information | outline/toc=6.9 UFBGA121 package information
2026-07-26 21:47:37 | stm32g483ce | table_120 | page=228 | Y=7 Ordering information | outline/toc=8 Revision history
2026-07-26 21:47:39 | stm32g491cc | table_5 | page=30 | Y=3.18.1 Temperature sensor | outline/toc=3.19 Digital to analog converter (DAC)
2026-07-26 21:47:39 | stm32g491cc | table_6 | page=30 | Y=3.18.2 Internal voltage reference (V ) | outline/toc=3.19 Digital to analog converter (DAC)
2026-07-26 21:47:39 | stm32g491cc | table_8 | page=38 | Y=3.28 Inter-integrated circuit interface (I C) | outline/toc=3.28 Inter-integrated circuit interface (I2C)
2026-07-26 21:47:39 | stm32g491cc | table_18 | page=74 | Y=5.3.2 Operating conditions at power-up / power-down | outline/toc=5.3.3 Embedded reset and power control block characteristics
2026-07-26 21:47:39 | stm32g491cc | table_36 | page=100 | Y=5.3.5 Supply current characteristics | outline/toc=5.3.7 External clock source characteristics
2026-07-26 21:47:39 | stm32g491cc | table_37 | page=100 | Y=5.3.5 Supply current characteristics | outline/toc=5.3.7 External clock source characteristics
2026-07-26 21:47:39 | stm32g491cc | table_49 | page=111 | Y=5.3.11 EMC characteristics | outline/toc=5.3.12 Electrical sensitivity characteristics
2026-07-26 21:47:39 | stm32g491cc | table_51 | page=112 | Y=5.3.12 Electrical sensitivity characteristics | outline/toc=5.3.13 I/O current injection characteristics
2026-07-26 21:47:39 | stm32g491cc | table_58 | page=119 | Y=5.3.16 Extended interrupt and event controller input (EXTI) characteristics | outline/toc=5.3.17 Analog switches booster
2026-07-26 21:47:39 | stm32g491cc | table_75 | page=150 | Y=5.3.23 Temperature sensor characteristics | outline/toc=5.3.24 V monitoring characteristics
2026-07-26 21:47:39 | stm32g491cc | table_79 | page=152 | Y=5.3.25 Timer characteristics | outline/toc=5.3.26 Communication interfaces characteristics
2026-07-26 21:47:39 | stm32g491cc | table_80 | page=152 | Y=5.3.25 Timer characteristics | outline/toc=5.3.26 Communication interfaces characteristics
2026-07-26 21:47:39 | stm32g491cc | table_91 | page=167 | Y=6.1 Device marking | outline/toc=6.2 UFQFPN32 package information (A09E)
2026-07-26 21:47:39 | stm32g491cc | table_92 | page=170 | Y=6.1 Device marking | outline/toc=6.3 UFQFPN48 package information (A0B9)
2026-07-26 21:47:39 | stm32g491cc | table_93 | page=172 | Y=6.1 Device marking | outline/toc=6.4 LQFP48 package information (5B)
2026-07-26 21:47:39 | stm32g491cc | table_94 | page=175 | Y=6.1 Device marking | outline/toc=6.5 WLCSP64 package information (B0D3)
2026-07-26 21:47:39 | stm32g491cc | table_95 | page=176 | Y=6.1 Device marking | outline/toc=6.5 WLCSP64 package information (B0D3)
2026-07-26 21:47:39 | stm32g491cc | table_96 | page=178 | Y=6.1 Device marking | outline/toc=6.6 LQFP64 package information (5W)
2026-07-26 21:47:39 | stm32g491cc | table_97 | page=181 | Y=6.1 Device marking | outline/toc=6.7 LQFP80 package information (9X)
2026-07-26 21:47:39 | stm32g491cc | table_98 | page=184 | Y=6.1 Device marking | outline/toc=6.8 LQFP80 package information (1S)
2026-07-26 21:47:39 | stm32g491cc | table_99 | page=187 | Y=6.1 Device marking | outline/toc=6.9 LQFP100 package information (1L)
2026-07-26 21:47:40 | stm32g4a1ce | table_5 | page=31 | Y=3.18.1 Temperature sensor | outline/toc=3.19 Digital to analog converter (DAC)
2026-07-26 21:47:40 | stm32g4a1ce | table_6 | page=31 | Y=3.18.2 Internal voltage reference (V ) | outline/toc=3.19 Digital to analog converter (DAC)
2026-07-26 21:47:40 | stm32g4a1ce | table_8 | page=40 | Y=3.29 Inter-integrated circuit interface (I C) | outline/toc=3.29 Inter-integrated circuit interface (I2C)
2026-07-26 21:47:40 | stm32g4a1ce | table_18 | page=76 | Y=5.3.2 Operating conditions at power-up / power-down | outline/toc=5.3.3 Embedded reset and power control block characteristics
2026-07-26 21:47:40 | stm32g4a1ce | table_36 | page=102 | Y=5.3.5 Supply current characteristics | outline/toc=5.3.7 External clock source characteristics
2026-07-26 21:47:41 | stm32g4a1ce | table_37 | page=102 | Y=5.3.5 Supply current characteristics | outline/toc=5.3.7 External clock source characteristics
2026-07-26 21:47:41 | stm32g4a1ce | table_49 | page=113 | Y=5.3.11 EMC characteristics | outline/toc=5.3.12 Electrical sensitivity characteristics
2026-07-26 21:47:41 | stm32g4a1ce | table_51 | page=114 | Y=5.3.12 Electrical sensitivity characteristics | outline/toc=5.3.13 I/O current injection characteristics
2026-07-26 21:47:41 | stm32g4a1ce | table_58 | page=121 | Y=5.3.16 Extended interrupt and event controller input (EXTI) characteristics | outline/toc=5.3.17 Analog switches booster
2026-07-26 21:47:41 | stm32g4a1ce | table_75 | page=152 | Y=5.3.23 Temperature sensor characteristics | outline/toc=5.3.24 V monitoring characteristics
2026-07-26 21:47:41 | stm32g4a1ce | table_79 | page=154 | Y=5.3.25 Timer characteristics | outline/toc=5.3.26 Communication interfaces characteristics
2026-07-26 21:47:41 | stm32g4a1ce | table_80 | page=154 | Y=5.3.25 Timer characteristics | outline/toc=5.3.26 Communication interfaces characteristics
2026-07-26 21:47:41 | stm32g4a1ce | table_91 | page=169 | Y=6.1 Device marking | outline/toc=6.2 UFQFPN32 package information (A09E)
2026-07-26 21:47:41 | stm32g4a1ce | table_92 | page=172 | Y=6.1 Device marking | outline/toc=6.3 UFQFPN48 package information (A0B9)
2026-07-26 21:47:41 | stm32g4a1ce | table_93 | page=174 | Y=6.1 Device marking | outline/toc=6.4 LQFP48 package information (5B)
2026-07-26 21:47:41 | stm32g4a1ce | table_94 | page=177 | Y=6.1 Device marking | outline/toc=6.5 WLCSP64 package information (B0D3)
2026-07-26 21:47:41 | stm32g4a1ce | table_95 | page=178 | Y=6.1 Device marking | outline/toc=6.5 WLCSP64 package information (B0D3)
2026-07-26 21:47:41 | stm32g4a1ce | table_96 | page=180 | Y=6.1 Device marking | outline/toc=6.6 LQFP64 package information (5W)
2026-07-26 21:47:41 | stm32g4a1ce | table_97 | page=183 | Y=6.1 Device marking | outline/toc=6.7 UFBGA64 package information (A019)
2026-07-26 21:47:41 | stm32g4a1ce | table_98 | page=184 | Y=6.1 Device marking | outline/toc=6.7 UFBGA64 package information (A019)
2026-07-26 21:47:41 | stm32g4a1ce | table_99 | page=186 | Y=6.1 Device marking | outline/toc=6.8 LQFP80 package information (9X)
2026-07-26 21:47:41 | stm32g4a1ce | table_100 | page=189 | Y=6.1 Device marking | outline/toc=6.9 LQFP80 package information (1S)
2026-07-26 21:47:41 | stm32g4a1ce | table_101 | page=192 | Y=6.1 Device marking | outline/toc=6.10 LQFP100 package information (1L)
2026-07-26 21:47:43 | stm32g484ce | table_5 | page=32 | Y=3.18.1 Temperature sensor | outline/toc=3.19 Digital to analog converter (DAC)
2026-07-26 21:47:43 | stm32g484ce | table_6 | page=32 | Y=3.18.2 Internal voltage reference (V ) | outline/toc=3.19 Digital to analog converter (DAC)
2026-07-26 21:47:43 | stm32g484ce | table_8 | page=41 | Y=3.29 Inter-integrated circuit interface (I C) | outline/toc=3.29 Inter-integrated circuit interface (I2C)
2026-07-26 21:47:44 | stm32g484ce | table_18 | page=85 | Y=5.3.2 Operating conditions at power-up / power-down | outline/toc=5.3.3 Embedded reset and power control block characteristics
2026-07-26 21:47:44 | stm32g484ce | table_37 | page=115 | Y=5.3.5 Supply current characteristics | outline/toc=5.3.7 External clock source characteristics
2026-07-26 21:47:44 | stm32g484ce | table_38 | page=115 | Y=5.3.5 Supply current characteristics | outline/toc=5.3.7 External clock source characteristics
2026-07-26 21:47:44 | stm32g484ce | table_42 | page=119 | Y=8 MHz controlled | outline/toc=5.3.7 External clock source characteristics
2026-07-26 21:47:44 | stm32g484ce | table_50 | page=126 | Y=5.3.11 EMC characteristics | outline/toc=5.3.12 Electrical sensitivity characteristics
2026-07-26 21:47:44 | stm32g484ce | table_52 | page=127 | Y=5.3.12 Electrical sensitivity characteristics | outline/toc=5.3.13 I/O current injection characteristics
2026-07-26 21:47:44 | stm32g484ce | table_81 | page=168 | Y=5.3.24 Temperature sensor characteristics | outline/toc=5.3.25 V monitoring characteristics
2026-07-26 21:47:44 | stm32g484ce | table_85 | page=170 | Y=5.3.26 Timer characteristics | outline/toc=5.3.27 Communication interfaces characteristics
2026-07-26 21:47:44 | stm32g484ce | table_86 | page=170 | Y=5.3.26 Timer characteristics | outline/toc=5.3.27 Communication interfaces characteristics
2026-07-26 21:47:44 | stm32g484ce | table_111 | page=201 | Y=6 Package information | outline/toc=6.1 WLCSP81 package information (B068)
2026-07-26 21:47:44 | stm32g484ce | table_112 | page=202 | Y=6 Package information | outline/toc=6.1 WLCSP81 package information (B068)
2026-07-26 21:47:44 | stm32g484ce | table_113 | page=204 | Y=6 Package information | outline/toc=6.2 UFQFPN48 package information (A0B9)
2026-07-26 21:47:44 | stm32g484ce | table_114 | page=206 | Y=6 Package information | outline/toc=6.3 LQFP48 package information (5B)
2026-07-26 21:47:44 | stm32g484ce | table_115 | page=208 | Y=6 Package information | outline/toc=6.4 LQFP64 package information (5W)
2026-07-26 21:47:44 | stm32g484ce | table_116 | page=211 | Y=6 Package information | outline/toc=6.5 LQFP80 package information (9X)
2026-07-26 21:47:44 | stm32g484ce | table_117 | page=214 | Y=6 Package information | outline/toc=6.6 TFBGA100 package information (A08Q)
2026-07-26 21:47:44 | stm32g484ce | table_118 | page=214 | Y=6 Package information | outline/toc=6.6 TFBGA100 package information (A08Q)
2026-07-26 21:47:44 | stm32g484ce | table_119 | page=217 | Y=6 Package information | outline/toc=6.7 LQFP100 package information (1L)
2026-07-26 21:47:44 | stm32g484ce | table_120 | page=220 | Y=6 Package information | outline/toc=6.8 LQFP128 package information (TC)
2026-07-26 21:47:44 | stm32g484ce | table_121 | page=224 | Y=6 Package information | outline/toc=6.9 UFBGA121 package information (B0CU)
2026-07-26 21:48:12 | stm32h533ce | table_5 | page=38 | Y=3.21 Delay block (DLYB) | outline/toc=3.22 Analog-to-digital converters (ADC1 and ADC2)
2026-07-26 21:48:12 | stm32h533ce | table_6 | page=43 | Y=3.28 True random number generator (RNG) | outline/toc=3.30 HASH hardware accelerator (HASH)
2026-07-26 21:48:12 | stm32h533ce | table_7 | page=45 | Y=3.33 Timers and watchdogs | outline/toc=3.33.1 Advanced-control timers (TIM1, TIM8)
2026-07-26 21:48:12 | stm32h533ce | table_8 | page=50 | Y=3.34.2 Tamper and backup registers (TAMP) | outline/toc=3.35 Inter-integrated circuit interface (I2C)
2026-07-26 21:48:12 | stm32h533ce | table_9 | page=52 | Y=3.34.2 Tamper and backup registers (TAMP) | outline/toc=3.36 Improved inter-integrated circuit (I3C)
2026-07-26 21:48:12 | stm32h533ce | table_10 | page=52 | Y=3.34.2 Tamper and backup registers (TAMP) | outline/toc=3.36 Improved inter-integrated circuit (I3C)
2026-07-26 21:48:12 | stm32h533ce | table_11 | page=57 | Y=3.38 Serial peripheral interface (SPI) / inter-integrated sound | outline/toc=3.39 Secure digital input/output and MultiMediaCards interface (SDMMC)
2026-07-26 21:48:12 | stm32h533ce | table_12 | page=58 | Y=3.39 Secure digital input/output and MultiMediaCards interface | outline/toc=3.40 Controller area network (FDCAN)
2026-07-26 21:48:12 | stm32h533ce | table_18 | page=99 | Y=5.2 Absolute maximum ratings | outline/toc=5.3.1 General operating conditions
2026-07-26 21:48:12 | stm32h533ce | table_19 | page=99 | Y=5.2 Absolute maximum ratings | outline/toc=5.3.1 General operating conditions
2026-07-26 21:48:12 | stm32h533ce | table_21 | page=102 | Y=5.5 V) | outline/toc=5.3.1 General operating conditions
2026-07-26 21:48:12 | stm32h533ce | table_22 | page=103 | Y=5.3.2 VCAP external capacitor | outline/toc=5.3.3 Operating conditions at power-up/down
2026-07-26 21:48:12 | stm32h533ce | table_26 | page=106 | Y=5.3.5 Embedded reference voltage | outline/toc=5.3.6 Supply current characteristics
2026-07-26 21:48:12 | stm32h533ce | table_42 | page=121 | Y=8 MHz | outline/toc=5.3.7 External clock source characteristics
2026-07-26 21:48:12 | stm32h533ce | table_48 | page=126 | Y=5.3.9 PLL characteristics | outline/toc=5.3.10 Memory characteristics
2026-07-26 21:48:12 | stm32h533ce | table_50 | page=127 | Y=5.3.10 Memory characteristics | outline/toc=5.3.11 EMC characteristics
2026-07-26 21:48:12 | stm32h533ce | table_51 | page=127 | Y=5.3.10 Memory characteristics | outline/toc=5.3.11 EMC characteristics
2026-07-26 21:48:12 | stm32h533ce | table_53 | page=129 | Y=5.3.11 EMC characteristics | outline/toc=5.3.12 Absolute maximum ratings (electrical sensitivity)
2026-07-26 21:48:12 | stm32h533ce | table_55 | page=130 | Y=5.3.12 Absolute maximum ratings (electrical sensitivity) | outline/toc=5.3.14 I/O port characteristics
2026-07-26 21:48:12 | stm32h533ce | table_56 | page=130 | Y=5.3.13 I/O current injection characteristics | outline/toc=5.3.14 I/O port characteristics
2026-07-26 21:48:12 | stm32h533ce | table_66 | page=144 | Y=5.3.14 I/O port characteristics | outline/toc=5.3.15 NRST pin characteristics
2026-07-26 21:48:12 | stm32h533ce | table_67 | page=145 | Y=5.3.15 NRST pin characteristics | outline/toc=5.3.17 FMC characteristics
2026-07-26 21:48:12 | stm32h533ce | table_68 | page=145 | Y=5.3.16 Extended interrupt and event controller input (EXTI) characteristics | outline/toc=5.3.17 FMC characteristics
2026-07-26 21:48:12 | stm32h533ce | table_86 | page=167 | Y=5.3.19 Delay block (DLYB) characteristics | outline/toc=5.3.20 DCMI interface characteristics
2026-07-26 21:48:12 | stm32h533ce | table_96 | page=182 | Y=5.3.24 Analog temperature sensor characteristics | outline/toc=5.3.26 V monitoring characteristics
2026-07-26 21:48:12 | stm32h533ce | table_97 | page=182 | Y=5.3.25 Digital temperature sensor characteristics | outline/toc=5.3.26 V monitoring characteristics
2026-07-26 21:48:12 | stm32h533ce | table_99 | page=183 | Y=5.3.27 Temperature and V monitoring | outline/toc=5.3.28 Voltage booster for analog switch
2026-07-26 21:48:12 | stm32h533ce | table_100 | page=183 | Y=5.3.27 Temperature and V monitoring | outline/toc=5.3.28 Voltage booster for analog switch
2026-07-26 21:48:12 | stm32h533ce | table_101 | page=183 | Y=5.3.27 Temperature and V monitoring | outline/toc=5.3.28 Voltage booster for analog switch
2026-07-26 21:48:12 | stm32h533ce | table_104 | page=185 | Y=5.3.30 Timer characteristics | outline/toc=5.3.31 Low-power timer characteristics
2026-07-26 21:48:12 | stm32h523cc | table_3 | page=23 | Y=3.7 Boot modes | outline/toc=3.7.1 STM32H523 boot modes
2026-07-26 21:48:12 | stm32h523cc | table_4 | page=23 | Y=3.7 Boot modes | outline/toc=3.7.1 STM32H523 boot modes
2026-07-26 21:48:12 | stm32h533ce | table_120 | page=203 | Y=6.1 Device marking | outline/toc=6.2 WLCSP39 package information (B0MM)
2026-07-26 21:48:12 | stm32h533ce | table_121 | page=206 | Y=6.1 Device marking | outline/toc=6.3 LQFP48 package information (5B)
2026-07-26 21:48:12 | stm32h533ce | table_122 | page=209 | Y=6.1 Device marking | outline/toc=6.4 LQFP64 package information (5W)
2026-07-26 21:48:12 | stm32h533ce | table_123 | page=212 | Y=6.1 Device marking | outline/toc=6.5 UFQFPN48 package information (A0B9)
2026-07-26 21:48:12 | stm32h533ce | table_124 | page=214 | Y=6.1 Device marking | outline/toc=6.6 LQFP100 package information (1L)
2026-07-26 21:48:12 | stm32h533ce | table_125 | page=217 | Y=6.1 Device marking | outline/toc=6.7 UFBGA100 package information (A0C2)
2026-07-26 21:48:12 | stm32h533ce | table_126 | page=218 | Y=6.1 Device marking | outline/toc=6.7 UFBGA100 package information (A0C2)
2026-07-26 21:48:12 | stm32h533ce | table_127 | page=220 | Y=6.1 Device marking | outline/toc=6.8 LQFP144 package information (1A)
2026-07-26 21:48:12 | stm32h533ce | table_128 | page=224 | Y=6.1 Device marking | outline/toc=6.9 UFBGA144 package information (A02Y)
2026-07-26 21:48:12 | stm32h523cc | table_5 | page=38 | Y=3.21 Delay block (DLYB) | outline/toc=3.22.2 Internal voltage reference (VREFINT)
2026-07-26 21:48:12 | stm32h533ce | table_129 | page=225 | Y=6.1 Device marking | outline/toc=6.9 UFBGA144 package information (A02Y)
2026-07-26 21:48:12 | stm32h523cc | table_6 | page=43 | Y=3.31 Timers and watchdogs | outline/toc=3.31.2 General-purpose timers (TIM2, TIM3, TIM4, TIM5, TIM12, TIM15)
2026-07-26 21:48:12 | stm32h523cc | table_7 | page=48 | Y=3.32.2 Tamper and backup registers (TAMP) | outline/toc=3.34 Improved inter-integrated circuit (I3C)
2026-07-26 21:48:12 | stm32h523cc | table_8 | page=49 | Y=3.32.2 Tamper and backup registers (TAMP) | outline/toc=3.34 Improved inter-integrated circuit (I3C)
2026-07-26 21:48:12 | stm32h523cc | table_9 | page=49 | Y=3.32.2 Tamper and backup registers (TAMP) | outline/toc=3.34 Improved inter-integrated circuit (I3C)
2026-07-26 21:48:12 | stm32h523cc | table_10 | page=54 | Y=3.36 Serial peripheral interface (SPI) / inter-integrated sound | outline/toc=3.37 Secure digital input/output and MultiMediaCards interface (SDMMC)
2026-07-26 21:48:12 | stm32h523cc | table_11 | page=55 | Y=3.37 Secure digital input/output and MultiMediaCards interface | outline/toc=3.38 Controller area network (FDCAN)
2026-07-26 21:48:12 | stm32h523cc | table_14 | page=79 | Y=4.2 Pin description | outline/toc=4.3 Alternate functions
2026-07-26 21:48:12 | stm32h523cc | table_15 | page=86 | Y=4.2 Pin description | outline/toc=4.3 Alternate functions
2026-07-26 21:48:12 | stm32h523cc | table_17 | page=96 | Y=5.2 Absolute maximum ratings | outline/toc=5.3.1 General operating conditions
2026-07-26 21:48:12 | stm32h523cc | table_18 | page=96 | Y=5.2 Absolute maximum ratings | outline/toc=5.3.1 General operating conditions
2026-07-26 21:48:12 | stm32h523cc | table_20 | page=99 | Y=5.5 V) | outline/toc=5.3.1 General operating conditions
2026-07-26 21:48:12 | stm32h523cc | table_21 | page=100 | Y=5.3.2 VCAP external capacitor | outline/toc=5.3.3 Operating conditions at power-up/down
2026-07-26 21:48:13 | stm32h523cc | table_25 | page=103 | Y=5.3.5 Embedded reference voltage | outline/toc=5.3.6 Supply current characteristics
2026-07-26 21:48:13 | stm32h523cc | table_41 | page=118 | Y=8 MHz | outline/toc=5.3.8 Internal clock source characteristics
2026-07-26 21:48:13 | stm32h523cc | table_52 | page=125 | Y=5.3.11 EMC characteristics | outline/toc=5.3.12 Absolute maximum ratings (electrical sensitivity)
2026-07-26 21:48:13 | stm32h523cc | table_54 | page=126 | Y=5.3.12 Absolute maximum ratings (electrical sensitivity) | outline/toc=5.3.13 I/O current injection characteristics
2026-07-26 21:48:13 | stm32h523cc | table_65 | page=140 | Y=5.3.14 I/O port characteristics | outline/toc=5.3.15 NRST pin characteristics
2026-07-26 21:48:13 | stm32h523cc | table_66 | page=141 | Y=5.3.15 NRST pin characteristics | outline/toc=5.3.17 FMC characteristics
2026-07-26 21:48:13 | stm32h523cc | table_67 | page=141 | Y=5.3.16 Extended interrupt and event controller input (EXTI) characteristics | outline/toc=5.3.17 FMC characteristics
2026-07-26 21:48:13 | stm32h523cc | table_85 | page=162 | Y=5.3.19 Delay block (DLYB) characteristics | outline/toc=5.3.20 DCMI interface characteristics
2026-07-26 21:48:13 | stm32h523cc | table_95 | page=177 | Y=5.3.24 Analog temperature sensor characteristics | outline/toc=5.3.26 V monitoring characteristics
2026-07-26 21:48:13 | stm32h523cc | table_96 | page=177 | Y=5.3.25 Digital temperature sensor characteristics | outline/toc=5.3.26 V monitoring characteristics
2026-07-26 21:48:13 | stm32h523cc | table_98 | page=178 | Y=5.3.27 Temperature and V monitoring | outline/toc=5.3.28 Voltage booster for analog switch
2026-07-26 21:48:13 | stm32h523cc | table_99 | page=178 | Y=5.3.27 Temperature and V monitoring | outline/toc=5.3.28 Voltage booster for analog switch
2026-07-26 21:48:13 | stm32h523cc | table_100 | page=178 | Y=5.3.27 Temperature and V monitoring | outline/toc=5.3.28 Voltage booster for analog switch
2026-07-26 21:48:13 | stm32h523cc | table_103 | page=180 | Y=5.3.30 Timer characteristics | outline/toc=5.3.31 Low-power timer characteristics
2026-07-26 21:48:13 | stm32h523cc | table_119 | page=198 | Y=6.1 Device marking | outline/toc=6.2 WLCSP39 package information (B0MM)
2026-07-26 21:48:13 | stm32h523cc | table_120 | page=201 | Y=6.1 Device marking | outline/toc=6.3 LQFP48 package information (5B)
2026-07-26 21:48:13 | stm32h523cc | table_121 | page=204 | Y=6.1 Device marking | outline/toc=6.4 LQFP64 package information (5W)
2026-07-26 21:48:13 | stm32h523cc | table_122 | page=207 | Y=6.1 Device marking | outline/toc=6.5 UFQFPN48 package information (A0B9)
2026-07-26 21:48:13 | stm32h523cc | table_123 | page=209 | Y=6.1 Device marking | outline/toc=6.6 LQFP100 package information (1L)
2026-07-26 21:48:13 | stm32h523cc | table_124 | page=212 | Y=6.1 Device marking | outline/toc=6.7 UFBGA100 package information (A0C2)
2026-07-26 21:48:13 | stm32h523cc | table_125 | page=213 | Y=6.1 Device marking | outline/toc=6.7 UFBGA100 package information (A0C2)
2026-07-26 21:48:13 | stm32h523cc | table_126 | page=215 | Y=6.1 Device marking | outline/toc=6.8 LQFP144 package information (1A)
2026-07-26 21:48:13 | stm32h523cc | table_127 | page=219 | Y=6.1 Device marking | outline/toc=6.9 UFBGA144 package information (A02Y)
2026-07-26 21:48:13 | stm32h523cc | table_128 | page=220 | Y=6.1 Device marking | outline/toc=6.9 UFBGA144 package information (A02Y)
2026-07-26 21:48:32 | stm32h543ce | table_3 | page=39 | Y=3.23 Delay block (DLYB) | outline/toc=3.24.1 Analog temperature sensor
2026-07-26 21:48:32 | stm32h543ce | table_5 | page=48 | Y=3.33.2 Tamper and backup registers (TAMP) | outline/toc=3.34 Inter-integrated circuit interface (I2C)
2026-07-26 21:48:32 | stm32h543ce | table_6 | page=50 | Y=3.33.2 Tamper and backup registers (TAMP) | outline/toc=3.35 Improved inter-integrated circuit (I3C)
2026-07-26 21:48:32 | stm32h543ce | table_7 | page=50 | Y=3.33.2 Tamper and backup registers (TAMP) | outline/toc=3.35 Improved inter-integrated circuit (I3C)
2026-07-26 21:48:32 | stm32h543ce | table_8 | page=55 | Y=3.37 Serial peripheral interface (SPI) / inter-integrated sound | outline/toc=3.38 Secure digital input/output and MultiMediaCards interface (SDMMC)
2026-07-26 21:48:32 | stm32h543ce | table_9 | page=56 | Y=3.38 Secure digital input/output and MultiMediaCards interface | outline/toc=3.39 Controller area network (FDCAN)
2026-07-26 21:48:32 | stm32h543ce | table_12 | page=79 | Y=4.2 Pin description | outline/toc=4.3 Alternate functions
2026-07-26 21:48:32 | stm32h543ce | table_13 | page=86 | Y=4.2 Pin description | outline/toc=4.3 Alternate functions
2026-07-26 21:48:32 | stm32h543ce | table_15 | page=96 | Y=5.2 Absolute maximum ratings | outline/toc=5.3.1 General operating conditions
2026-07-26 21:48:32 | stm32h543ce | table_16 | page=96 | Y=5.2 Absolute maximum ratings | outline/toc=5.3.1 General operating conditions
2026-07-26 21:48:32 | stm32h543ce | table_18 | page=99 | Y=5.5 V) | outline/toc=5.3.1 General operating conditions
2026-07-26 21:48:32 | stm32h543ce | table_20 | page=101 | Y=5.3.3 Operating conditions at power-up/down | outline/toc=5.3.4 Embedded reset and power control block characteristics
2026-07-26 21:48:32 | stm32h543ce | table_22 | page=103 | Y=5.3.5 Embedded reference voltage | outline/toc=5.3.6 Supply current characteristics
2026-07-26 21:48:32 | stm32h543ce | table_23 | page=103 | Y=5.3.5 Embedded reference voltage | outline/toc=5.3.6 Supply current characteristics
2026-07-26 21:48:32 | stm32h543ce | table_35 | page=114 | Y=5.3.6 Supply current characteristics | outline/toc=5.3.7 External clock source characteristics
2026-07-26 21:48:32 | stm32h543ce | table_39 | page=118 | Y=8 MHz | outline/toc=5.3.7 External clock source characteristics
2026-07-26 21:48:32 | stm32h543ce | table_43 | page=121 | Y=5.3.8 Internal clock source characteristics | outline/toc=5.3.9 PLL characteristics
2026-07-26 21:48:32 | stm32h543ce | table_48 | page=124 | Y=5.3.10 Memory characteristics | outline/toc=5.3.11 EMC characteristics
2026-07-26 21:48:32 | stm32h543ce | table_50 | page=126 | Y=5.3.11 EMC characteristics | outline/toc=5.3.12 Absolute maximum ratings (electrical sensitivity)
2026-07-26 21:48:32 | stm32h543ce | table_53 | page=127 | Y=5.3.13 I/O current injection characteristics | outline/toc=5.3.14 I/O port characteristics
2026-07-26 21:48:32 | stm32h543ce | table_63 | page=141 | Y=5.3.14 I/O port characteristics | outline/toc=5.3.15 NRST pin characteristics
2026-07-26 21:48:32 | stm32h543ce | table_64 | page=142 | Y=5.3.15 NRST pin characteristics | outline/toc=5.3.17 PLAY characteristics
2026-07-26 21:48:32 | stm32h543ce | table_65 | page=142 | Y=5.3.16 Extended interrupt and event controller input (EXTI) characteristics | outline/toc=5.3.17 PLAY characteristics
2026-07-26 21:48:32 | stm32h543ce | table_96 | page=181 | Y=5.3.23 Analog temperature sensor characteristics | outline/toc=5.3.25 V monitoring characteristics
2026-07-26 21:48:32 | stm32h543ce | table_97 | page=181 | Y=5.3.24 Digital temperature sensor characteristics | outline/toc=5.3.25 V monitoring characteristics
2026-07-26 21:48:32 | stm32h543ce | table_99 | page=182 | Y=5.3.26 Temperature and V monitoring | outline/toc=5.3.27 Voltage booster for analog switch
2026-07-26 21:48:32 | stm32h543ce | table_100 | page=182 | Y=5.3.26 Temperature and V monitoring | outline/toc=5.3.27 Voltage booster for analog switch
2026-07-26 21:48:32 | stm32h543ce | table_101 | page=182 | Y=5.3.26 Temperature and V monitoring | outline/toc=5.3.27 Voltage booster for analog switch
2026-07-26 21:48:32 | stm32h543ce | table_106 | page=186 | Y=5.3.31 Low-power timer characteristics | outline/toc=5.3.32 Communication interfaces
2026-07-26 21:48:32 | stm32h543ce | table_125 | page=206 | Y=6.1 Device marking | outline/toc=6.2 LQFP48 package information (5B)
2026-07-26 21:48:32 | stm32h543ce | table_126 | page=209 | Y=6.1 Device marking | outline/toc=6.3 UFQFPN48 package information (A0B9)
2026-07-26 21:48:32 | stm32h543ce | table_127 | page=211 | Y=6.1 Device marking | outline/toc=6.4 WLCSP63 package information (C02A)
2026-07-26 21:48:32 | stm32h543ce | table_128 | page=213 | Y=6.1 Device marking | outline/toc=6.5 LQFP64 package information (5W)
2026-07-26 21:48:32 | stm32h543ce | table_129 | page=216 | Y=6.1 Device marking | outline/toc=6.6 LQFP100 package information (1L)
2026-07-26 21:48:32 | stm32h543ce | table_130 | page=219 | Y=6.1 Device marking | outline/toc=6.7 LQFP100 package information (OS)
2026-07-26 21:48:32 | stm32h543ce | table_131 | page=222 | Y=6.1 Device marking | outline/toc=6.8 UFBGA100 package information (A0C2)
2026-07-26 21:48:32 | stm32h543ce | table_132 | page=223 | Y=6.1 Device marking | outline/toc=6.8 UFBGA100 package information (A0C2)
2026-07-26 21:48:32 | stm32h543ce | table_133 | page=225 | Y=6.1 Device marking | outline/toc=6.9 LQFP144 package information (1A)
2026-07-26 21:48:32 | stm32h543ce | table_134 | page=228 | Y=6.1 Device marking | outline/toc=6.10 LQFP144 package information (ZO)
2026-07-26 21:48:32 | stm32h543ce | table_135 | page=231 | Y=6.1 Device marking | outline/toc=6.11 UFBGA144 package information (A0Y2)
2026-07-26 21:48:32 | stm32h543ce | table_136 | page=232 | Y=6.1 Device marking | outline/toc=6.11 UFBGA144 package information (A0Y2)
2026-07-26 21:48:39 | stm32h553cg | table_3 | page=39 | Y=3.23 Delay block (DLYB) | outline/toc=3.24.1 Analog temperature sensor
2026-07-26 21:48:39 | stm32h553cg | table_4 | page=44 | Y=3.30 True random number generator (RNG) | outline/toc=3.32 HASH hardware accelerator (HASH)
2026-07-26 21:48:39 | stm32h553cg | table_5 | page=47 | Y=3.35 Timers and watchdogs | outline/toc=3.35.2 General-purpose timers (TIM2, TIM3, TIM4, TIM5, TIM15)
2026-07-26 21:48:39 | stm32h553cg | table_6 | page=52 | Y=3.36.2 Tamper and backup registers (TAMP) | outline/toc=3.38 Improved inter-integrated circuit (I3C)
2026-07-26 21:48:39 | stm32h553cg | table_7 | page=53 | Y=3.36.2 Tamper and backup registers (TAMP) | outline/toc=3.38 Improved inter-integrated circuit (I3C)
2026-07-26 21:48:39 | stm32h553cg | table_8 | page=54 | Y=3.36.2 Tamper and backup registers (TAMP) | outline/toc=3.38 Improved inter-integrated circuit (I3C)
2026-07-26 21:48:39 | stm32h553cg | table_9 | page=58 | Y=3.40 Serial peripheral interface (SPI) / inter-integrated sound | outline/toc=3.41 Secure digital input/output and MultiMediaCards interface (SDMMC)
2026-07-26 21:48:39 | stm32h553cg | table_10 | page=59 | Y=3.41 Secure digital input/output and MultiMediaCards interface | outline/toc=3.42 Controller area network (FDCAN)
2026-07-26 21:48:39 | stm32h553cg | table_16 | page=99 | Y=5.2 Absolute maximum ratings | outline/toc=5.3.1 General operating conditions
2026-07-26 21:48:39 | stm32h553cg | table_17 | page=99 | Y=5.2 Absolute maximum ratings | outline/toc=5.3.1 General operating conditions
2026-07-26 21:48:39 | stm32h553cg | table_19 | page=102 | Y=5.5 V) | outline/toc=5.3.1 General operating conditions
2026-07-26 21:48:39 | stm32h553cg | table_21 | page=104 | Y=5.3.3 Operating conditions at power-up/down | outline/toc=5.3.4 Embedded reset and power control block characteristics
2026-07-26 21:48:39 | stm32h553cg | table_23 | page=106 | Y=5.3.5 Embedded reference voltage | outline/toc=5.3.6 Supply current characteristics
2026-07-26 21:48:39 | stm32h553cg | table_24 | page=106 | Y=5.3.5 Embedded reference voltage | outline/toc=5.3.6 Supply current characteristics
2026-07-26 21:48:39 | stm32h553cg | table_36 | page=117 | Y=5.3.6 Supply current characteristics | outline/toc=5.3.7 External clock source characteristics
2026-07-26 21:48:39 | stm32h553cg | table_40 | page=121 | Y=8 MHz | outline/toc=5.3.7 External clock source characteristics
2026-07-26 21:48:39 | stm32h553cg | table_44 | page=124 | Y=5.3.8 Internal clock source characteristics | outline/toc=5.3.9 PLL characteristics
2026-07-26 21:48:39 | stm32h553cg | table_49 | page=127 | Y=5.3.10 Memory characteristics | outline/toc=5.3.11 EMC characteristics
2026-07-26 21:48:39 | stm32h553cg | table_51 | page=129 | Y=5.3.11 EMC characteristics | outline/toc=5.3.12 Absolute maximum ratings (electrical sensitivity)
2026-07-26 21:48:39 | stm32h553cg | table_54 | page=130 | Y=5.3.13 I/O current injection characteristics | outline/toc=5.3.14 I/O port characteristics
2026-07-26 21:48:39 | stm32h553cg | table_64 | page=144 | Y=5.3.14 I/O port characteristics | outline/toc=5.3.15 NRST pin characteristics
2026-07-26 21:48:39 | stm32h553cg | table_65 | page=145 | Y=5.3.15 NRST pin characteristics | outline/toc=5.3.17 PLAY characteristics
2026-07-26 21:48:39 | stm32h553cg | table_66 | page=145 | Y=5.3.16 Extended interrupt and event controller input (EXTI) characteristics | outline/toc=5.3.17 PLAY characteristics
2026-07-26 21:48:39 | stm32h553cg | table_97 | page=184 | Y=5.3.23 Analog temperature sensor characteristics | outline/toc=5.3.25 V monitoring characteristics
2026-07-26 21:48:39 | stm32h553cg | table_98 | page=184 | Y=5.3.24 Digital temperature sensor characteristics | outline/toc=5.3.25 V monitoring characteristics
2026-07-26 21:48:39 | stm32h553cg | table_100 | page=185 | Y=5.3.26 Temperature and V monitoring | outline/toc=5.3.27 Voltage booster for analog switch
2026-07-26 21:48:39 | stm32h553cg | table_101 | page=185 | Y=5.3.26 Temperature and V monitoring | outline/toc=5.3.27 Voltage booster for analog switch
2026-07-26 21:48:39 | stm32h553cg | table_102 | page=185 | Y=5.3.26 Temperature and V monitoring | outline/toc=5.3.27 Voltage booster for analog switch
2026-07-26 21:48:39 | stm32h553cg | table_107 | page=189 | Y=5.3.31 Low-power timer characteristics | outline/toc=5.3.32 Communication interfaces
2026-07-26 21:48:39 | stm32h553cg | table_126 | page=209 | Y=6.1 Device marking | outline/toc=6.2 LQFP48 package information (5B)
2026-07-26 21:48:39 | stm32h553cg | table_127 | page=212 | Y=6.1 Device marking | outline/toc=6.3 UFQFPN48 package information (A0B9)
2026-07-26 21:48:39 | stm32h553cg | table_128 | page=214 | Y=6.1 Device marking | outline/toc=6.4 WLCSP63 package information (C02A)
2026-07-26 21:48:39 | stm32h553cg | table_129 | page=216 | Y=6.1 Device marking | outline/toc=6.5 LQFP64 package information (5W)
2026-07-26 21:48:39 | stm32h553cg | table_130 | page=219 | Y=6.1 Device marking | outline/toc=6.6 LQFP100 package information (1L)
2026-07-26 21:48:39 | stm32h553cg | table_131 | page=222 | Y=6.1 Device marking | outline/toc=6.7 LQFP100 package information (OS)
2026-07-26 21:48:39 | stm32h553cg | table_132 | page=225 | Y=6.1 Device marking | outline/toc=6.8 UFBGA100 package information (A0C2)
2026-07-26 21:48:39 | stm32h553cg | table_133 | page=226 | Y=6.1 Device marking | outline/toc=6.8 UFBGA100 package information (A0C2)
2026-07-26 21:48:39 | stm32h553cg | table_134 | page=228 | Y=6.1 Device marking | outline/toc=6.9 LQFP144 package information (1A)
2026-07-26 21:48:39 | stm32h553cg | table_135 | page=231 | Y=6.1 Device marking | outline/toc=6.10 LQFP144 package information (ZO)
2026-07-26 21:48:39 | stm32h553cg | table_136 | page=234 | Y=6.1 Device marking | outline/toc=6.11 UFBGA144 package information (A0Y2)
2026-07-26 21:48:39 | stm32h553cg | table_137 | page=235 | Y=6.1 Device marking | outline/toc=6.11 UFBGA144 package information (A0Y2)
2026-07-26 21:49:14 | stm32h562ag | table_3 | page=25 | Y=3.7 Boot modes | outline/toc=3.7.1 STM32H562/H563xx boot modes
2026-07-26 21:49:14 | stm32h562ag | table_4 | page=25 | Y=3.7 Boot modes | outline/toc=3.7.1 STM32H562/H563xx boot modes
2026-07-26 21:49:14 | stm32h562ag | table_5 | page=42 | Y=3.23 Delay block (DLYB) | outline/toc=3.24.1 Analog temperature sensor
2026-07-26 21:49:14 | stm32h562ag | table_6 | page=47 | Y=3.33 Timers and watchdogs | outline/toc=3.33.1 Advanced-control timers (TIM1, TIM8)
2026-07-26 21:49:14 | stm32h562ag | table_7 | page=52 | Y=3.34.2 Tamper and backup registers (TAMP) | outline/toc=3.36 Improved inter-integrated circuit (I3C)
2026-07-26 21:49:14 | stm32h562ag | table_8 | page=53 | Y=3.34.2 Tamper and backup registers (TAMP) | outline/toc=3.36 Improved inter-integrated circuit (I3C)
2026-07-26 21:49:14 | stm32h562ag | table_9 | page=53 | Y=3.34.2 Tamper and backup registers (TAMP) | outline/toc=3.36 Improved inter-integrated circuit (I3C)
2026-07-26 21:49:14 | stm32h562ag | table_10 | page=58 | Y=3.38 Serial peripheral interface (SPI) / inter-integrated sound | outline/toc=3.39 Serial audio interface (SAI)
2026-07-26 21:49:14 | stm32h562ag | table_18 | page=128 | Y=5.2 Absolute maximum ratings | outline/toc=5.3.1 General operating conditions
2026-07-26 21:49:14 | stm32h562ag | table_19 | page=128 | Y=5.2 Absolute maximum ratings | outline/toc=5.3.1 General operating conditions
2026-07-26 21:49:14 | stm32h562ag | table_21 | page=132 | Y=5.5 V) | outline/toc=5.3.1 General operating conditions
2026-07-26 21:49:15 | stm32h562ag | table_22 | page=133 | Y=5.3.2 VCAP external capacitor | outline/toc=5.3.3 SMPS step-down converter
2026-07-26 21:49:15 | stm32h562ag | table_24 | page=136 | Y=5.3.4 Operating conditions at power-up/down | outline/toc=5.3.5 Embedded reset and power control block characteristics
2026-07-26 21:49:15 | stm32h562ag | table_26 | page=138 | Y=5.3.6 Embedded reference voltage | outline/toc=5.3.7 Supply current characteristics
2026-07-26 21:49:15 | stm32h562ag | table_27 | page=138 | Y=5.3.6 Embedded reference voltage | outline/toc=5.3.7 Supply current characteristics
2026-07-26 21:49:15 | stm32h562ag | table_39 | page=150 | Y=5.3.7 Supply current characteristics | outline/toc=5.3.8 External clock source characteristics
2026-07-26 21:49:15 | stm32h562ag | table_43 | page=154 | Y=8 MHz | outline/toc=5.3.8 External clock source characteristics
2026-07-26 21:49:15 | stm32h562ag | table_47 | page=157 | Y=5.3.9 Internal clock source characteristics | outline/toc=5.3.10 PLL characteristics
2026-07-26 21:49:15 | stm32h562ag | table_52 | page=160 | Y=5.3.11 Memory characteristics | outline/toc=5.3.12 EMC characteristics
2026-07-26 21:49:15 | stm32h562ag | table_55 | page=162 | Y=5.3.13 Absolute maximum ratings (electrical sensitivity) | outline/toc=5.3.14 I/O current injection characteristics
2026-07-26 21:49:15 | stm32h562ag | table_56 | page=162 | Y=5.3.13 Absolute maximum ratings (electrical sensitivity) | outline/toc=5.3.14 I/O current injection characteristics
2026-07-26 21:49:15 | stm32h562ag | table_57 | page=163 | Y=5.3.14 I/O current injection characteristics | outline/toc=5.3.15 I/O port characteristics
2026-07-26 21:49:15 | stm32h562ag | table_67 | page=177 | Y=5.3.15 I/O port characteristics | outline/toc=5.3.16 NRST pin characteristics
2026-07-26 21:49:15 | stm32h562ag | table_68 | page=178 | Y=5.3.16 NRST pin characteristics | outline/toc=5.3.18 FMC characteristics
2026-07-26 21:49:15 | stm32h562ag | table_69 | page=178 | Y=5.3.17 Extended interrupt and event controller input (EXTI) characteristics | outline/toc=5.3.18 FMC characteristics
2026-07-26 21:49:15 | stm32h562ag | table_91 | page=202 | Y=5.3.20 Delay block (DLYB) characteristics | outline/toc=5.3.21 DCMI interface characteristics
2026-07-26 21:49:15 | stm32h562ag | table_92 | page=203 | Y=5.3.21 DCMI interface characteristics | outline/toc=5.3.22 PSSI interface characteristics
2026-07-26 21:49:15 | stm32h562ag | table_102 | page=218 | Y=5.3.26 Digital temperature sensor characteristics | outline/toc=5.3.28 Temperature and V monitoring
2026-07-26 21:49:15 | stm32h562ag | table_103 | page=218 | Y=5.3.27 V monitoring characteristics | outline/toc=5.3.28 Temperature and V monitoring
2026-07-26 21:49:15 | stm32h562ag | table_105 | page=219 | Y=5.3.28 Temperature and V monitoring | outline/toc=5.3.30 V characteristics
2026-07-26 21:49:15 | stm32h562ag | table_106 | page=219 | Y=5.3.28 Temperature and V monitoring | outline/toc=5.3.30 V characteristics
2026-07-26 21:49:15 | stm32h562ag | table_107 | page=219 | Y=5.3.29 Voltage booster for analog switch | outline/toc=5.3.30 V characteristics
2026-07-26 21:49:15 | stm32h562ag | table_109 | page=221 | Y=5.3.31 Timer characteristics | outline/toc=5.3.33 Communication interfaces
2026-07-26 21:49:15 | stm32h562ag | table_110 | page=221 | Y=5.3.32 Low-power timer characteristics | outline/toc=5.3.33 Communication interfaces
2026-07-26 21:49:15 | stm32h562ag | table_129 | page=244 | Y=6.1 Device marking | outline/toc=6.2 LQFP64 package information (5W)
2026-07-26 21:49:15 | stm32h562ag | table_130 | page=247 | Y=6.1 Device marking | outline/toc=6.3 VFQFPN68 package information (B029)
2026-07-26 21:49:15 | stm32h562ag | table_131 | page=249 | Y=6.1 Device marking | outline/toc=6.4 WLCSP80 package information (B0D4)
2026-07-26 21:49:15 | stm32h562ag | table_132 | page=250 | Y=6.1 Device marking | outline/toc=6.4 WLCSP80 package information (B0D4)
2026-07-26 21:49:15 | stm32h562ag | table_133 | page=252 | Y=6.1 Device marking | outline/toc=6.5 LQFP100 package information (1L)
2026-07-26 21:49:15 | stm32h562ag | table_134 | page=255 | Y=6.1 Device marking | outline/toc=6.6 LQFP144 package information (1A)
2026-07-26 21:49:15 | stm32h562ag | table_135 | page=259 | Y=6.1 Device marking | outline/toc=6.7 UFBGA169 package information (A0YV)
2026-07-26 21:49:15 | stm32h562ag | table_136 | page=260 | Y=6.1 Device marking | outline/toc=6.7 UFBGA169 package information (A0YV)
2026-07-26 21:49:15 | stm32h562ag | table_137 | page=262 | Y=6.1 Device marking | outline/toc=6.8 LQFP176 package information (1T)
2026-07-26 21:49:15 | stm32h562ag | table_138 | page=265 | Y=6.1 Device marking | outline/toc=6.8 LQFP176 package information (1T)
2026-07-26 21:49:15 | stm32h562ag | table_139 | page=266 | Y=6.1 Device marking | outline/toc=6.8 LQFP176 package information (1T)
2026-07-26 21:49:15 | stm32h562ag | table_140 | page=268 | Y=6.1 Device marking | outline/toc=6.10 TFBGA225 package information (B04V)
2026-07-26 21:49:15 | stm32h562ag | table_141 | page=269 | Y=6.1 Device marking | outline/toc=6.11 Package thermal characteristics
2026-07-26 21:49:15 | stm32h573ai | table_3 | page=25 | Y=3.7 Boot modes | outline/toc=3.7.1 STM32H573xx boot modes
2026-07-26 21:49:15 | stm32h573ai | table_5 | page=42 | Y=3.23 Delay block (DLYB) | outline/toc=3.24.1 Analog temperature sensor
2026-07-26 21:49:15 | stm32h573ai | table_6 | page=47 | Y=3.30 True random number generator (RNG) | outline/toc=3.32 HASH hardware accelerator (HASH)
2026-07-26 21:49:15 | stm32h573ai | table_8 | page=55 | Y=3.36.2 Tamper and backup registers (TAMP) | outline/toc=3.38 Improved inter-integrated circuit (I3C)
2026-07-26 21:49:15 | stm32h573ai | table_9 | page=56 | Y=3.36.2 Tamper and backup registers (TAMP) | outline/toc=3.38 Improved inter-integrated circuit (I3C)
2026-07-26 21:49:15 | stm32h573ai | table_10 | page=56 | Y=3.36.2 Tamper and backup registers (TAMP) | outline/toc=3.38 Improved inter-integrated circuit (I3C)
2026-07-26 21:49:15 | stm32h573ai | table_11 | page=61 | Y=3.40 Serial peripheral interface (SPI) / inter-integrated sound | outline/toc=3.41 Serial audio interface (SAI)
2026-07-26 21:49:15 | stm32h573ai | table_16 | page=109 | Y=4.2 Pin description | outline/toc=4.3 Alternate functions
2026-07-26 21:49:15 | stm32h573ai | table_17 | page=118 | Y=4.2 Pin description | outline/toc=4.3 Alternate functions
2026-07-26 21:49:15 | stm32h573ai | table_19 | page=131 | Y=5.2 Absolute maximum ratings | outline/toc=5.3.1 General operating conditions
2026-07-26 21:49:15 | stm32h573ai | table_20 | page=131 | Y=5.2 Absolute maximum ratings | outline/toc=5.3.1 General operating conditions
2026-07-26 21:49:15 | stm32h573ai | table_22 | page=135 | Y=5.5 V) | outline/toc=5.3.1 General operating conditions
2026-07-26 21:49:15 | stm32h573ai | table_23 | page=136 | Y=5.3.2 VCAP external capacitor | outline/toc=5.3.3 SMPS step-down converter
2026-07-26 21:49:15 | stm32h573ai | table_25 | page=139 | Y=5.3.4 Operating conditions at power-up/down | outline/toc=5.3.5 Embedded reset and power control block characteristics
2026-07-26 21:49:15 | stm32h573ai | table_27 | page=141 | Y=5.3.6 Embedded reference voltage | outline/toc=5.3.7 Supply current characteristics
2026-07-26 21:49:15 | stm32h573ai | table_28 | page=141 | Y=5.3.6 Embedded reference voltage | outline/toc=5.3.7 Supply current characteristics
2026-07-26 21:49:15 | stm32h573ai | table_40 | page=153 | Y=5.3.7 Supply current characteristics | outline/toc=5.3.8 External clock source characteristics
2026-07-26 21:49:15 | stm32h573ai | table_44 | page=157 | Y=8 MHz | outline/toc=5.3.8 External clock source characteristics
2026-07-26 21:49:15 | stm32h573ai | table_48 | page=160 | Y=5.3.9 Internal clock source characteristics | outline/toc=5.3.10 PLL characteristics
2026-07-26 21:49:16 | stm32h573ai | table_53 | page=163 | Y=5.3.11 Memory characteristics | outline/toc=5.3.12 EMC characteristics
2026-07-26 21:49:16 | stm32h573ai | table_56 | page=165 | Y=5.3.13 Absolute maximum ratings (electrical sensitivity) | outline/toc=5.3.14 I/O current injection characteristics
2026-07-26 21:49:16 | stm32h573ai | table_57 | page=165 | Y=5.3.13 Absolute maximum ratings (electrical sensitivity) | outline/toc=5.3.14 I/O current injection characteristics
2026-07-26 21:49:16 | stm32h573ai | table_58 | page=166 | Y=5.3.14 I/O current injection characteristics | outline/toc=5.3.15 I/O port characteristics
2026-07-26 21:49:16 | stm32h573ai | table_68 | page=180 | Y=5.3.15 I/O port characteristics | outline/toc=5.3.16 NRST pin characteristics
2026-07-26 21:49:16 | stm32h573ai | table_69 | page=181 | Y=5.3.16 NRST pin characteristics | outline/toc=5.3.18 FMC characteristics
2026-07-26 21:49:16 | stm32h573ai | table_70 | page=181 | Y=5.3.17 Extended interrupt and event controller input (EXTI) characteristics | outline/toc=5.3.18 FMC characteristics
2026-07-26 21:49:16 | stm32h573ai | table_92 | page=205 | Y=5.3.20 Delay block (DLYB) characteristics | outline/toc=5.3.21 DCMI interface characteristics
2026-07-26 21:49:16 | stm32h573ai | table_93 | page=206 | Y=5.3.21 DCMI interface characteristics | outline/toc=5.3.22 PSSI interface characteristics
2026-07-26 21:49:16 | stm32h573ai | table_103 | page=221 | Y=5.3.26 Digital temperature sensor characteristics | outline/toc=5.3.28 Temperature and V monitoring
2026-07-26 21:49:16 | stm32h573ai | table_104 | page=221 | Y=5.3.27 V monitoring characteristics | outline/toc=5.3.28 Temperature and V monitoring
2026-07-26 21:49:16 | stm32h573ai | table_106 | page=222 | Y=5.3.28 Temperature and V monitoring | outline/toc=5.3.30 V characteristics
2026-07-26 21:49:16 | stm32h573ai | table_107 | page=222 | Y=5.3.28 Temperature and V monitoring | outline/toc=5.3.30 V characteristics
2026-07-26 21:49:16 | stm32h573ai | table_108 | page=222 | Y=5.3.29 Voltage booster for analog switch | outline/toc=5.3.30 V characteristics
2026-07-26 21:49:16 | stm32h573ai | table_110 | page=224 | Y=5.3.31 Timer characteristics | outline/toc=5.3.33 Communication interfaces
2026-07-26 21:49:16 | stm32h573ai | table_111 | page=224 | Y=5.3.32 Low-power timer characteristics | outline/toc=5.3.33 Communication interfaces
2026-07-26 21:49:16 | stm32h573ai | table_130 | page=247 | Y=6.1 Device marking | outline/toc=6.2 LQFP64 package information (5W)
2026-07-26 21:49:16 | stm32h573ai | table_131 | page=250 | Y=6.1 Device marking | outline/toc=6.3 VFQFPN68 package information (B029)
2026-07-26 21:49:16 | stm32h573ai | table_132 | page=252 | Y=6.1 Device marking | outline/toc=6.4 WLCSP80 package information (B0D4)
2026-07-26 21:49:16 | stm32h573ai | table_133 | page=253 | Y=6.1 Device marking | outline/toc=6.4 WLCSP80 package information (B0D4)
2026-07-26 21:49:16 | stm32h573ai | table_134 | page=255 | Y=6.1 Device marking | outline/toc=6.5 LQFP100 package information (1L)
2026-07-26 21:49:16 | stm32h573ai | table_135 | page=258 | Y=6.1 Device marking | outline/toc=6.6 LQFP144 package information (1A)
2026-07-26 21:49:16 | stm32h573ai | table_136 | page=262 | Y=6.1 Device marking | outline/toc=6.7 UFBGA169 package information (A0YV)
2026-07-26 21:49:16 | stm32h573ai | table_137 | page=263 | Y=6.1 Device marking | outline/toc=6.7 UFBGA169 package information (A0YV)
2026-07-26 21:49:16 | stm32h573ai | table_138 | page=265 | Y=6.1 Device marking | outline/toc=6.8 LQFP176 package information (1T)
2026-07-26 21:49:16 | stm32h573ai | table_139 | page=268 | Y=6.1 Device marking | outline/toc=6.8 LQFP176 package information (1T)
2026-07-26 21:49:16 | stm32h573ai | table_140 | page=269 | Y=6.1 Device marking | outline/toc=6.8 LQFP176 package information (1T)
2026-07-26 21:49:16 | stm32h573ai | table_141 | page=271 | Y=6.1 Device marking | outline/toc=6.10 TFBGA225 package information (B04V)
2026-07-26 21:49:16 | stm32h573ai | table_142 | page=272 | Y=6.1 Device marking | outline/toc=6.11 Package thermal characteristics
2026-07-26 21:49:44 | stm32h723ve | table_2 | page=27 | Y=3.8 Low-power strategy | outline/toc=3.9.1 Clock management
2026-07-26 21:49:44 | stm32h723ve | table_5 | page=46 | Y=3.34 Universal synchronous/asynchronous receiver transmitter | outline/toc=3.35 Low-power universal asynchronous receiver transmitter (LPUART)
2026-07-26 21:49:44 | stm32h723ve | table_13 | page=92 | Y=6.3.1 General operating conditions | outline/toc=6.3.2 VCAP external capacitor
2026-07-26 21:49:44 | stm32h723ve | table_18 | page=96 | Y=6.3.5 Embedded reference voltage characteristics | outline/toc=6.3.7 Supply current characteristics
2026-07-26 21:49:44 | stm32h723ve | table_19 | page=96 | Y=6.3.6 Embedded USB regulator characteristics | outline/toc=6.3.7 Supply current characteristics
2026-07-26 21:49:44 | stm32h723ve | table_34 | page=114 | Y=8 MHz | outline/toc=6.3.9 External clock source characteristics
2026-07-26 21:49:44 | stm32h723ve | table_47 | page=124 | Y=6.3.13 EMC characteristics | outline/toc=6.3.14 Absolute maximum ratings (electrical sensitivity)
2026-07-26 21:49:44 | stm32h723ve | table_49 | page=125 | Y=6.3.14 Absolute maximum ratings (electrical sensitivity) | outline/toc=6.3.15 I/O current injection characteristics
2026-07-26 21:49:44 | stm32h723ve | table_56 | page=134 | Y=6.3.16 I/O port characteristics | outline/toc=6.3.17 NRST pin characteristics
2026-07-26 21:49:44 | stm32h723ve | table_91 | page=183 | Y=6.3.26 Digital temperature sensor characteristics | outline/toc=6.3.27 Temperature and V monitoring
2026-07-26 21:49:44 | stm32h723ve | table_94 | page=184 | Y=6.3.27 Temperature and V monitoring | outline/toc=6.3.29 Comparator characteristics
2026-07-26 21:49:44 | stm32h723ve | table_95 | page=184 | Y=6.3.28 Voltage booster for analog switch | outline/toc=6.3.29 Comparator characteristics
2026-07-26 21:49:44 | stm32h723ve | table_103 | page=195 | Y=6.3.35 Timer characteristics | outline/toc=6.3.37 Communication interfaces
2026-07-26 21:49:44 | stm32h723ve | table_121 | page=218 | Y=7.1 Device marking | outline/toc=7.2 LQFP100 package information (1L)
2026-07-26 21:49:44 | stm32h723ve | table_122 | page=221 | Y=7.1 Device marking | outline/toc=7.3 TFBGA100 package information (A08Q)
2026-07-26 21:49:44 | stm32h723ve | table_123 | page=222 | Y=7.1 Device marking | outline/toc=7.3 TFBGA100 package information (A08Q)
2026-07-26 21:49:44 | stm32h723ve | table_124 | page=224 | Y=7.1 Device marking | outline/toc=7.4 LQFP144 package information (1A)
2026-07-26 21:49:44 | stm32h723ve | table_125 | page=227 | Y=7.1 Device marking | outline/toc=7.5 UFBGA144 package information (A0AS)
2026-07-26 21:49:44 | stm32h723ve | table_126 | page=228 | Y=7.1 Device marking | outline/toc=7.5 UFBGA144 package information (A0AS)
2026-07-26 21:49:44 | stm32h723ve | table_128 | page=233 | Y=9 Important security notice | outline/toc=10 Revision history
2026-07-26 21:49:59 | stm32h5e4aj | table_3 | page=45 | Y=3.27 Delay block (DLYB) | outline/toc=3.28.2 Internal voltage reference (VREFINT)
2026-07-26 21:49:59 | stm32h5e4aj | table_4 | page=48 | Y=3.34 Multi-function digital filter (MDF) and audio digital filter (ADF) | outline/toc=3.34.1 Multi-function digital filter (MDF)
2026-07-26 21:49:59 | stm32h5e4aj | table_5 | page=55 | Y=3.42 Timers and watchdogs | outline/toc=3.42.1 Advanced-control timers (TIM1, TIM8)
2026-07-26 21:49:59 | stm32h5e4aj | table_6 | page=60 | Y=3.43.2 Tamper and backup registers (TAMP) | outline/toc=3.45 Improved inter-integrated circuit (I3C)
2026-07-26 21:49:59 | stm32h5e4aj | table_7 | page=61 | Y=3.43.2 Tamper and backup registers (TAMP) | outline/toc=3.45 Improved inter-integrated circuit (I3C)
2026-07-26 21:49:59 | stm32h5e4aj | table_8 | page=61 | Y=3.43.2 Tamper and backup registers (TAMP) | outline/toc=3.45 Improved inter-integrated circuit (I3C)
2026-07-26 21:49:59 | stm32h5e4aj | table_9 | page=66 | Y=3.47 Serial peripheral interface (SPI) / inter-integrated sound | outline/toc=3.48 Serial audio interface (SAI)
2026-07-26 21:49:59 | stm32h5e4aj | table_11 | page=68 | Y=3.49 Secure digital input/output and MultiMediaCards interface | outline/toc=3.50 Controller area network (FDCAN1, FDCAN2, FDCAN3)
2026-07-26 21:49:59 | stm32h5e4aj | table_14 | page=137 | Y=4.2 Pin description | outline/toc=4.3 Alternate functions
2026-07-26 21:49:59 | stm32h5e4aj | table_15 | page=148 | Y=4.2 Pin description | outline/toc=4.3 Alternate functions
2026-07-26 21:49:59 | stm32h5e4aj | table_17 | page=163 | Y=5.2 Absolute maximum ratings | outline/toc=5.3.1 General operating conditions
2026-07-26 21:49:59 | stm32h5e4aj | table_18 | page=163 | Y=5.2 Absolute maximum ratings | outline/toc=5.3.1 General operating conditions
2026-07-26 21:49:59 | stm32h5e4aj | table_20 | page=167 | Y=5.5 V) | outline/toc=5.3.1 General operating conditions
2026-07-26 21:49:59 | stm32h5e4aj | table_21 | page=168 | Y=5.3.2 VCAP external capacitor | outline/toc=5.3.3 SMPS step-down converter
2026-07-26 21:49:59 | stm32h5e4aj | table_23 | page=171 | Y=5.3.4 Operating conditions at power-up/down | outline/toc=5.3.5 Embedded reset and power control block characteristics
2026-07-26 21:49:59 | stm32h5e4aj | table_25 | page=173 | Y=5.3.6 Embedded reference voltage | outline/toc=5.3.7 Supply current characteristics
2026-07-26 21:49:59 | stm32h5e4aj | table_26 | page=173 | Y=5.3.6 Embedded reference voltage | outline/toc=5.3.7 Supply current characteristics
2026-07-26 21:49:59 | stm32h5e4aj | table_38 | page=186 | Y=5.3.7 Supply current characteristics | outline/toc=5.3.8 External clock source characteristics
2026-07-26 21:49:59 | stm32h5e4aj | table_42 | page=190 | Y=8 MHz | outline/toc=5.3.8 External clock source characteristics
2026-07-26 21:49:59 | stm32h5e4aj | table_46 | page=193 | Y=5.3.9 Internal clock source characteristics | outline/toc=5.3.10 PLL characteristics
2026-07-26 21:49:59 | stm32h5e4aj | table_51 | page=196 | Y=5.3.11 Memory characteristics | outline/toc=5.3.12 EMC characteristics
2026-07-26 21:49:59 | stm32h5e4aj | table_54 | page=198 | Y=5.3.13 Absolute maximum ratings (electrical sensitivity) | outline/toc=5.3.14 I/O current injection characteristics
2026-07-26 21:49:59 | stm32h5e4aj | table_55 | page=198 | Y=5.3.13 Absolute maximum ratings (electrical sensitivity) | outline/toc=5.3.14 I/O current injection characteristics
2026-07-26 21:49:59 | stm32h5e4aj | table_56 | page=199 | Y=5.3.14 I/O current injection characteristics | outline/toc=5.3.15 I/O port characteristics
2026-07-26 21:49:59 | stm32h5e4aj | table_66 | page=213 | Y=5.3.15 I/O port characteristics | outline/toc=5.3.16 NRST pin characteristics
2026-07-26 21:49:59 | stm32h5e4aj | table_67 | page=214 | Y=5.3.16 NRST pin characteristics | outline/toc=5.3.18 PLAY characteristics
2026-07-26 21:49:59 | stm32h5e4aj | table_68 | page=214 | Y=5.3.17 Extended interrupt and event controller input (EXTI) characteristics | outline/toc=5.3.18 PLAY characteristics
2026-07-26 21:49:59 | stm32h5e4aj | table_69 | page=215 | Y=5.3.18 PLAY characteristics | outline/toc=5.3.19 FMC characteristics
2026-07-26 21:49:59 | stm32h5e4aj | table_70 | page=215 | Y=5.3.18 PLAY characteristics | outline/toc=5.3.19 FMC characteristics
2026-07-26 21:49:59 | stm32h5e4aj | table_92 | page=239 | Y=5.3.21 Delay block (DLYB) characteristics | outline/toc=5.3.22 DCMI interface characteristics
2026-07-26 21:49:59 | stm32h5e4aj | table_93 | page=240 | Y=5.3.22 DCMI interface characteristics | outline/toc=5.3.23 PSSI interface characteristics
2026-07-26 21:49:59 | stm32h5e4aj | table_103 | page=255 | Y=5.3.27 Digital temperature sensor characteristics | outline/toc=5.3.29 Temperature and V monitoring
2026-07-26 21:49:59 | stm32h5e4aj | table_104 | page=255 | Y=5.3.28 V monitoring characteristics | outline/toc=5.3.29 Temperature and V monitoring
2026-07-26 21:49:59 | stm32h5e4aj | table_106 | page=256 | Y=5.3.29 Temperature and V monitoring | outline/toc=5.3.31 V characteristics
2026-07-26 21:49:59 | stm32h5e4aj | table_107 | page=256 | Y=5.3.29 Temperature and V monitoring | outline/toc=5.3.31 V characteristics
2026-07-26 21:49:59 | stm32h5e4aj | table_108 | page=256 | Y=5.3.30 Voltage booster for analog switch | outline/toc=5.3.31 V characteristics
2026-07-26 21:49:59 | stm32h5e4aj | table_117 | page=268 | Y=5.3.37 Low-power timer characteristics | outline/toc=5.3.38 Communication interfaces
2026-07-26 21:50:00 | stm32h5e4aj | table_139 | page=293 | Y=6.1 Device marking | outline/toc=6.2 LQFP100 package information (1L)
2026-07-26 21:50:00 | stm32h5e4aj | table_140 | page=296 | Y=6.1 Device marking | outline/toc=6.3 WLCSP105 package information (B0PT)
2026-07-26 21:50:00 | stm32h5e4aj | table_141 | page=299 | Y=6.1 Device marking | outline/toc=6.4 LQFP144 package information (1A)
2026-07-26 21:50:00 | stm32h5e4aj | table_142 | page=302 | Y=6.1 Device marking | outline/toc=6.5 UFBGA144 package information (A0Y2)
2026-07-26 21:50:00 | stm32h5e4aj | table_143 | page=303 | Y=6.1 Device marking | outline/toc=6.5 UFBGA144 package information (A0Y2)
2026-07-26 21:50:00 | stm32h5e4aj | table_144 | page=305 | Y=6.1 Device marking | outline/toc=6.6 UFBGA169 package information (A0YV)
2026-07-26 21:50:00 | stm32h5e4aj | table_145 | page=306 | Y=6.1 Device marking | outline/toc=6.6 UFBGA169 package information (A0YV)
2026-07-26 21:50:00 | stm32h5e4aj | table_146 | page=308 | Y=6.1 Device marking | outline/toc=6.7 LQFP176 package information (1T)
2026-07-26 21:50:00 | stm32h5e4aj | table_147 | page=311 | Y=6.1 Device marking | outline/toc=6.7 LQFP176 package information (1T)
2026-07-26 21:50:00 | stm32h5e4aj | table_148 | page=312 | Y=6.1 Device marking | outline/toc=6.7 LQFP176 package information (1T)
2026-07-26 21:50:00 | stm32h5e4aj | table_149 | page=314 | Y=6.1 Device marking | outline/toc=6.9 TFBGA225 package information (B04V)
2026-07-26 21:50:00 | stm32h5e4aj | table_150 | page=315 | Y=6.1 Device marking | outline/toc=6.9 TFBGA225 package information (B04V)
2026-07-26 21:50:01 | stm32h733vg | table_2 | page=27 | Y=3.9 Low-power strategy | outline/toc=3.10.1 Clock management
2026-07-26 21:50:01 | stm32h733vg | table_5 | page=47 | Y=3.37 Universal synchronous/asynchronous receiver transmitter | outline/toc=3.38 Low-power universal asynchronous receiver transmitter (LPUART)
2026-07-26 21:50:01 | stm32h733vg | table_13 | page=93 | Y=6.3.1 General operating conditions | outline/toc=6.3.2 VCAP external capacitor
2026-07-26 21:50:01 | stm32h733vg | table_18 | page=97 | Y=6.3.5 Embedded reference voltage characteristics | outline/toc=6.3.7 Supply current characteristics
2026-07-26 21:50:01 | stm32h733vg | table_19 | page=97 | Y=6.3.6 Embedded USB regulator characteristics | outline/toc=6.3.7 Supply current characteristics
2026-07-26 21:50:01 | stm32h733vg | table_34 | page=116 | Y=8 MHz | outline/toc=6.3.9 External clock source characteristics
2026-07-26 21:50:02 | stm32h733vg | table_47 | page=126 | Y=6.3.13 EMC characteristics | outline/toc=6.3.14 Absolute maximum ratings (electrical sensitivity)
2026-07-26 21:50:02 | stm32h733vg | table_49 | page=127 | Y=6.3.14 Absolute maximum ratings (electrical sensitivity) | outline/toc=6.3.15 I/O current injection characteristics
2026-07-26 21:50:02 | stm32h733vg | table_56 | page=136 | Y=6.3.16 I/O port characteristics | outline/toc=6.3.17 NRST pin characteristics
2026-07-26 21:50:02 | stm32h733vg | table_91 | page=184 | Y=6.3.26 Digital temperature sensor characteristics | outline/toc=6.3.27 Temperature and V monitoring
2026-07-26 21:50:02 | stm32h733vg | table_94 | page=185 | Y=6.3.27 Temperature and V monitoring | outline/toc=6.3.29 Comparator characteristics
2026-07-26 21:50:02 | stm32h733vg | table_95 | page=185 | Y=6.3.28 Voltage booster for analog switch | outline/toc=6.3.29 Comparator characteristics
2026-07-26 21:50:02 | stm32h733vg | table_103 | page=196 | Y=6.3.35 Timer characteristics | outline/toc=6.3.37 Communication interfaces
2026-07-26 21:50:02 | stm32h733vg | table_121 | page=218 | Y=7.1 Device marking | outline/toc=7.2 LQFP100 package information (1L)
2026-07-26 21:50:02 | stm32h733vg | table_122 | page=222 | Y=7.1 Device marking | outline/toc=7.3 TFBGA100 package information (A08Q)
2026-07-26 21:50:02 | stm32h733vg | table_123 | page=223 | Y=7.1 Device marking | outline/toc=7.3 TFBGA100 package information (A08Q)
2026-07-26 21:50:02 | stm32h733vg | table_124 | page=225 | Y=7.1 Device marking | outline/toc=7.4 LQFP144 package information (1A)
2026-07-26 21:50:02 | stm32h733vg | table_125 | page=228 | Y=7.1 Device marking | outline/toc=7.5 UFBGA144 package information
2026-07-26 21:50:02 | stm32h733vg | table_126 | page=229 | Y=7.1 Device marking | outline/toc=7.5 UFBGA144 package information
2026-07-26 21:50:02 | stm32h733vg | table_128 | page=234 | Y=9 Important security notice | outline/toc=10 Revision history
2026-07-26 21:50:11 | stm32h5f4aj | table_3 | page=45 | Y=3.27 Delay block (DLYB) | outline/toc=3.28.2 Internal voltage reference (VREFINT)
2026-07-26 21:50:11 | stm32h5f4aj | table_4 | page=48 | Y=3.34 Multi-function digital filter (MDF) and audio digital filter (ADF) | outline/toc=3.34.1 Multi-function digital filter (MDF)
2026-07-26 21:50:11 | stm32h5f4aj | table_6 | page=58 | Y=3.45 Timers and watchdogs | outline/toc=3.45.1 Advanced-control timers (TIM1, TIM8)
2026-07-26 21:50:11 | stm32h5f4aj | table_7 | page=63 | Y=3.46.2 Tamper and backup registers (TAMP) | outline/toc=3.48 Improved inter-integrated circuit (I3C)
2026-07-26 21:50:11 | stm32h5f4aj | table_8 | page=64 | Y=3.46.2 Tamper and backup registers (TAMP) | outline/toc=3.48 Improved inter-integrated circuit (I3C)
2026-07-26 21:50:11 | stm32h5f4aj | table_9 | page=64 | Y=3.46.2 Tamper and backup registers (TAMP) | outline/toc=3.48 Improved inter-integrated circuit (I3C)
2026-07-26 21:50:11 | stm32h5f4aj | table_10 | page=69 | Y=3.50 Serial peripheral interface (SPI) / inter-integrated sound | outline/toc=3.51 Serial audio interface (SAI)
2026-07-26 21:50:12 | stm32h5f4aj | table_12 | page=71 | Y=3.52 Secure digital input/output and MultiMediaCards interface | outline/toc=3.53 Controller area network (FDCAN1, FDCAN2, FDCAN3)
2026-07-26 21:50:12 | stm32h5f4aj | table_18 | page=166 | Y=5.2 Absolute maximum ratings | outline/toc=5.3.1 General operating conditions
2026-07-26 21:50:12 | stm32h5f4aj | table_19 | page=166 | Y=5.2 Absolute maximum ratings | outline/toc=5.3.1 General operating conditions
2026-07-26 21:50:12 | stm32h5f4aj | table_21 | page=170 | Y=5.5 V) | outline/toc=5.3.1 General operating conditions
2026-07-26 21:50:12 | stm32h5f4aj | table_22 | page=171 | Y=5.3.2 VCAP external capacitor | outline/toc=5.3.3 SMPS step-down converter
2026-07-26 21:50:12 | stm32h5f4aj | table_24 | page=174 | Y=5.3.4 Operating conditions at power-up/down | outline/toc=5.3.5 Embedded reset and power control block characteristics
2026-07-26 21:50:12 | stm32h5f4aj | table_26 | page=176 | Y=5.3.6 Embedded reference voltage | outline/toc=5.3.7 Supply current characteristics
2026-07-26 21:50:12 | stm32h5f4aj | table_27 | page=176 | Y=5.3.6 Embedded reference voltage | outline/toc=5.3.7 Supply current characteristics
2026-07-26 21:50:12 | stm32h5f4aj | table_39 | page=190 | Y=5.3.7 Supply current characteristics | outline/toc=5.3.8 External clock source characteristics
2026-07-26 21:50:12 | stm32h5f4aj | table_43 | page=194 | Y=8 MHz | outline/toc=5.3.8 External clock source characteristics
2026-07-26 21:50:12 | stm32h5f4aj | table_47 | page=197 | Y=5.3.9 Internal clock source characteristics | outline/toc=5.3.10 PLL characteristics
2026-07-26 21:50:12 | stm32h5f4aj | table_52 | page=200 | Y=5.3.11 Memory characteristics | outline/toc=5.3.12 EMC characteristics
2026-07-26 21:50:12 | stm32h5f4aj | table_55 | page=202 | Y=5.3.13 Absolute maximum ratings (electrical sensitivity) | outline/toc=5.3.14 I/O current injection characteristics
2026-07-26 21:50:12 | stm32h5f4aj | table_56 | page=202 | Y=5.3.13 Absolute maximum ratings (electrical sensitivity) | outline/toc=5.3.14 I/O current injection characteristics
2026-07-26 21:50:12 | stm32h5f4aj | table_57 | page=203 | Y=5.3.14 I/O current injection characteristics | outline/toc=5.3.15 I/O port characteristics
2026-07-26 21:50:12 | stm32h5f4aj | table_67 | page=217 | Y=5.3.15 I/O port characteristics | outline/toc=5.3.16 NRST pin characteristics
2026-07-26 21:50:12 | stm32h5f4aj | table_68 | page=218 | Y=5.3.16 NRST pin characteristics | outline/toc=5.3.18 PLAY characteristics
2026-07-26 21:50:12 | stm32h5f4aj | table_69 | page=218 | Y=5.3.17 Extended interrupt and event controller input (EXTI) characteristics | outline/toc=5.3.18 PLAY characteristics
2026-07-26 21:50:12 | stm32h5f4aj | table_70 | page=219 | Y=5.3.18 PLAY characteristics | outline/toc=5.3.19 FMC characteristics
2026-07-26 21:50:12 | stm32h5f4aj | table_71 | page=219 | Y=5.3.18 PLAY characteristics | outline/toc=5.3.19 FMC characteristics
2026-07-26 21:50:12 | stm32h5f4aj | table_93 | page=243 | Y=5.3.21 Delay block (DLYB) characteristics | outline/toc=5.3.22 DCMI interface characteristics
2026-07-26 21:50:12 | stm32h5f4aj | table_94 | page=244 | Y=5.3.22 DCMI interface characteristics | outline/toc=5.3.23 PSSI interface characteristics
2026-07-26 21:50:12 | stm32h5f4aj | table_104 | page=259 | Y=5.3.27 Digital temperature sensor characteristics | outline/toc=5.3.29 Temperature and V monitoring
2026-07-26 21:50:12 | stm32h5f4aj | table_105 | page=259 | Y=5.3.28 V monitoring characteristics | outline/toc=5.3.29 Temperature and V monitoring
2026-07-26 21:50:12 | stm32h5f4aj | table_107 | page=260 | Y=5.3.29 Temperature and V monitoring | outline/toc=5.3.31 V characteristics
2026-07-26 21:50:12 | stm32h5f4aj | table_108 | page=260 | Y=5.3.29 Temperature and V monitoring | outline/toc=5.3.31 V characteristics
2026-07-26 21:50:12 | stm32h5f4aj | table_109 | page=260 | Y=5.3.30 Voltage booster for analog switch | outline/toc=5.3.31 V characteristics
2026-07-26 21:50:12 | stm32h5f4aj | table_118 | page=272 | Y=5.3.37 Low-power timer characteristics | outline/toc=5.3.38 Communication interfaces
2026-07-26 21:50:12 | stm32h5f4aj | table_140 | page=297 | Y=6.1 Device marking | outline/toc=6.2 LQFP100 package information (1L)
2026-07-26 21:50:12 | stm32h5f4aj | table_141 | page=300 | Y=6.1 Device marking | outline/toc=6.3 WLCSP105 package information (B0PT)
2026-07-26 21:50:12 | stm32h5f4aj | table_142 | page=303 | Y=6.1 Device marking | outline/toc=6.4 LQFP144 package information (1A)
2026-07-26 21:50:12 | stm32h5f4aj | table_143 | page=306 | Y=6.1 Device marking | outline/toc=6.5 UFBGA144 package information (A0Y2)
2026-07-26 21:50:12 | stm32h5f4aj | table_144 | page=307 | Y=6.1 Device marking | outline/toc=6.5 UFBGA144 package information (A0Y2)
2026-07-26 21:50:12 | stm32h5f4aj | table_145 | page=309 | Y=6.1 Device marking | outline/toc=6.6 UFBGA169 package information (A0YV)
2026-07-26 21:50:12 | stm32h5f4aj | table_146 | page=310 | Y=6.1 Device marking | outline/toc=6.6 UFBGA169 package information (A0YV)
2026-07-26 21:50:12 | stm32h5f4aj | table_147 | page=312 | Y=6.1 Device marking | outline/toc=6.7 LQFP176 package information (1T)
2026-07-26 21:50:12 | stm32h5f4aj | table_148 | page=315 | Y=6.1 Device marking | outline/toc=6.7 LQFP176 package information (1T)
2026-07-26 21:50:12 | stm32h5f4aj | table_149 | page=316 | Y=6.1 Device marking | outline/toc=6.7 LQFP176 package information (1T)
2026-07-26 21:50:12 | stm32h5f4aj | table_150 | page=318 | Y=6.1 Device marking | outline/toc=6.9 TFBGA225 package information (B04V)
2026-07-26 21:50:12 | stm32h5f4aj | table_151 | page=319 | Y=6.1 Device marking | outline/toc=6.9 TFBGA225 package information (B04V)
2026-07-26 21:50:15 | stm32h745bg | table_1 | page=2 | Y=4 DMA controllers to unload the CPU | outline/toc=
2026-07-26 21:50:15 | stm32h745bg | table_3 | page=28 | Y=3.6 Low-power strategy | outline/toc=3.7.1 Clock management
2026-07-26 21:50:15 | stm32h745bg | table_4 | page=37 | Y=3.23 Digital filter for sigma-delta modulators (DFSDM) | outline/toc=3.24 Digital camera interface (DCMI)
2026-07-26 21:50:15 | stm32h745bg | table_6 | page=45 | Y=3.31 Universal synchronous/asynchronous receiver transmitter | outline/toc=3.32 Low-power universal asynchronous receiver transmitter (LPUART)
2026-07-26 21:50:15 | stm32h745bg | table_15 | page=105 | Y=6.3.2 VCAP external capacitor | outline/toc=6.3.3 SMPS step-down converter
2026-07-26 21:50:15 | stm32h745bg | table_21 | page=110 | Y=6.3.6 Embedded reference voltage | outline/toc=6.3.7 Supply current characteristics
2026-07-26 21:50:15 | stm32h745bg | table_53 | page=141 | Y=6.3.12 Memory characteristics | outline/toc=6.3.13 EMC characteristics
2026-07-26 21:50:15 | stm32h745bg | table_64 | page=152 | Y=6.3.17 NRST pin characteristics | outline/toc=6.3.18 FMC characteristics
2026-07-26 21:50:15 | stm32h745bg | table_82 | page=173 | Y=6.3.18 FMC characteristics | outline/toc=6.3.19 Quad-SPI interface characteristics
2026-07-26 21:50:15 | stm32h745bg | table_94 | page=191 | Y=6.3.25 Temperature and V monitoring | outline/toc=6.3.26 Voltage booster for analog switch
2026-07-26 21:50:15 | stm32h745bg | table_95 | page=191 | Y=6.3.25 Temperature and V monitoring | outline/toc=6.3.26 Voltage booster for analog switch
2026-07-26 21:50:15 | stm32h745bg | table_96 | page=191 | Y=6.3.25 Temperature and V monitoring | outline/toc=6.3.26 Voltage booster for analog switch
2026-07-26 21:50:15 | stm32h745bg | table_103 | page=201 | Y=6.3.32 Timer characteristics | outline/toc=6.3.33 Communication interfaces
2026-07-26 21:50:15 | stm32h745bg | table_120 | page=223 | Y=7.1 Device marking | outline/toc=7.2 LQFP144 package information (1A)
2026-07-26 21:50:15 | stm32h745bg | table_121 | page=227 | Y=7.1 Device marking | outline/toc=7.3 LQFP176 package information (1T)
2026-07-26 21:50:15 | stm32h745bg | table_122 | page=231 | Y=7.1 Device marking | outline/toc=7.4 LQFP208 package information (UH)
2026-07-26 21:50:15 | stm32h745bg | table_123 | page=233 | Y=7.1 Device marking | outline/toc=7.4 LQFP208 package information (UH)
2026-07-26 21:50:15 | stm32h745bg | table_124 | page=234 | Y=7.1 Device marking | outline/toc=7.4 LQFP208 package information (UH)
2026-07-26 21:50:15 | stm32h745bg | table_125 | page=236 | Y=7.1 Device marking | outline/toc=7.4 LQFP208 package information (UH)
2026-07-26 21:50:15 | stm32h745bg | table_126 | page=236 | Y=7.1 Device marking | outline/toc=7.4 LQFP208 package information (UH)
2026-07-26 21:50:15 | stm32h745bg | table_127 | page=237 | Y=7.1 Device marking | outline/toc=7.4 LQFP208 package information (UH)
2026-07-26 21:50:15 | stm32h745bg | table_128 | page=238 | Y=7.1 Device marking | outline/toc=7.7 Thermal characteristics
2026-07-26 21:50:15 | stm32h745bg | table_129 | page=239 | Y=7.7 Thermal characteristics | outline/toc=7.7.1 Reference documents
2026-07-26 21:50:15 | stm32h745bg | table_130 | page=242 | Y=9 Important security notice | outline/toc=10 Revision history
2026-07-26 21:50:23 | stm32h725ae | table_1 | page=2 | Y=4 Kbytes of backup SRAM (available in the | outline/toc=
2026-07-26 21:50:23 | stm32h725ae | table_3 | page=30 | Y=3.8 Low-power strategy | outline/toc=3.9.1 Clock management
2026-07-26 21:50:23 | stm32h725ae | table_6 | page=49 | Y=3.34 Universal synchronous/asynchronous receiver transmitter | outline/toc=3.35 Low-power universal asynchronous receiver transmitter (LPUART)
2026-07-26 21:50:23 | stm32h725ae | table_15 | page=119 | Y=6.3.2 VCAP external capacitor | outline/toc=6.3.3 SMPS step-down converter
2026-07-26 21:50:23 | stm32h725ae | table_22 | page=126 | Y=6.3.6 Embedded reference voltage characteristics | outline/toc=6.3.8 Supply current characteristics
2026-07-26 21:50:23 | stm32h725ae | table_23 | page=126 | Y=6.3.7 Embedded USB regulator characteristics | outline/toc=6.3.8 Supply current characteristics
2026-07-26 21:50:23 | stm32h725ae | table_38 | page=147 | Y=8 MHz | outline/toc=6.3.10 External clock source characteristics
2026-07-26 21:50:23 | stm32h725ae | table_51 | page=157 | Y=6.3.14 EMC characteristics | outline/toc=6.3.15 Absolute maximum ratings (electrical sensitivity)
2026-07-26 21:50:23 | stm32h725ae | table_53 | page=158 | Y=6.3.15 Absolute maximum ratings (electrical sensitivity) | outline/toc=6.3.16 I/O current injection characteristics
2026-07-26 21:50:23 | stm32h725ae | table_60 | page=167 | Y=6.3.17 I/O port characteristics | outline/toc=6.3.18 NRST pin characteristics
2026-07-26 21:50:23 | stm32h725ae | table_95 | page=216 | Y=6.3.27 Digital temperature sensor characteristics | outline/toc=6.3.28 Temperature and V monitoring
2026-07-26 21:50:23 | stm32h725ae | table_98 | page=217 | Y=6.3.28 Temperature and V monitoring | outline/toc=6.3.30 Comparator characteristics
2026-07-26 21:50:23 | stm32h725ae | table_99 | page=217 | Y=6.3.29 Voltage booster for analog switch | outline/toc=6.3.30 Comparator characteristics
2026-07-26 21:50:23 | stm32h725ae | table_107 | page=228 | Y=6.3.36 Timer characteristics | outline/toc=6.3.38 Communication interfaces
2026-07-26 21:50:24 | stm32h725ae | table_125 | page=251 | Y=7.1 Device marking | outline/toc=7.3 LQFP100 package information (1L)
2026-07-26 21:50:24 | stm32h725ae | table_126 | page=252 | Y=7.1 Device marking | outline/toc=7.3 LQFP100 package information (1L)
2026-07-26 21:50:24 | stm32h725ae | table_127 | page=256 | Y=7.1 Device marking | outline/toc=7.4 TFBGA100 package information (A08Q)
2026-07-26 21:50:24 | stm32h725ae | table_128 | page=257 | Y=7.1 Device marking | outline/toc=7.4 TFBGA100 package information (A08Q)
2026-07-26 21:50:24 | stm32h725ae | table_129 | page=259 | Y=7.1 Device marking | outline/toc=7.5 WLCSP115 package information (B08U)
2026-07-26 21:50:24 | stm32h725ae | table_130 | page=260 | Y=7.1 Device marking | outline/toc=7.5 WLCSP115 package information (B08U)
2026-07-26 21:50:24 | stm32h725ae | table_131 | page=263 | Y=7.1 Device marking | outline/toc=7.6 LQFP144 package information (1A)
2026-07-26 21:50:24 | stm32h725ae | table_132 | page=266 | Y=7.1 Device marking | outline/toc=7.7 UFBGA144 package information
2026-07-26 21:50:24 | stm32h725ae | table_133 | page=267 | Y=7.1 Device marking | outline/toc=7.8 UFBGA169 package information (A0YV)
2026-07-26 21:50:24 | stm32h725ae | table_134 | page=268 | Y=7.1 Device marking | outline/toc=7.8 UFBGA169 package information (A0YV)
2026-07-26 21:50:24 | stm32h725ae | table_135 | page=269 | Y=7.1 Device marking | outline/toc=7.8 UFBGA169 package information (A0YV)
2026-07-26 21:50:24 | stm32h725ae | table_136 | page=271 | Y=7.1 Device marking | outline/toc=7.9 LQFP176 package information (1T)
2026-07-26 21:50:24 | stm32h725ae | table_137 | page=274 | Y=7.1 Device marking | outline/toc=7.9 LQFP176 package information (1T)
2026-07-26 21:50:24 | stm32h725ae | table_138 | page=275 | Y=7.1 Device marking | outline/toc=7.9 LQFP176 package information (1T)
2026-07-26 21:50:24 | stm32h725ae | table_140 | page=280 | Y=9 Important security notice | outline/toc=10 Revision history
2026-07-26 21:50:24 | stm32h730ab | table_2 | page=29 | Y=3.9 Low-power strategy | outline/toc=3.10.1 Clock management
2026-07-26 21:50:24 | stm32h730ab | table_5 | page=49 | Y=3.37 Universal synchronous/asynchronous receiver transmitter | outline/toc=3.38 Low-power universal asynchronous receiver transmitter (LPUART)
2026-07-26 21:50:24 | stm32h730ab | table_14 | page=109 | Y=6.3.2 VCAP external capacitor | outline/toc=6.3.3 SMPS step-down converter
2026-07-26 21:50:25 | stm32h730ab | table_21 | page=116 | Y=6.3.6 Embedded reference voltage characteristics | outline/toc=6.3.8 Supply current characteristics
2026-07-26 21:50:25 | stm32h730ab | table_22 | page=116 | Y=6.3.7 Embedded USB regulator characteristics | outline/toc=6.3.8 Supply current characteristics
2026-07-26 21:50:25 | stm32h730ab | table_37 | page=138 | Y=8 MHz | outline/toc=6.3.10 External clock source characteristics
2026-07-26 21:50:25 | stm32h730ab | table_53 | page=150 | Y=6.3.16 I/O current injection characteristics | outline/toc=6.3.17 I/O port characteristics
2026-07-26 21:50:25 | stm32h730ab | table_59 | page=158 | Y=6.3.17 I/O port characteristics | outline/toc=6.3.18 NRST pin characteristics
2026-07-26 21:50:25 | stm32h730ab | table_94 | page=207 | Y=6.3.27 Digital temperature sensor characteristics | outline/toc=6.3.28 Temperature and V monitoring
2026-07-26 21:50:25 | stm32h730ab | table_97 | page=208 | Y=6.3.28 Temperature and V monitoring | outline/toc=6.3.30 Comparator characteristics
2026-07-26 21:50:25 | stm32h730ab | table_98 | page=208 | Y=6.3.29 Voltage booster for analog switch | outline/toc=6.3.30 Comparator characteristics
2026-07-26 21:50:25 | stm32h730ab | table_106 | page=219 | Y=6.3.36 Timer characteristics | outline/toc=6.3.38 Communication interfaces
2026-07-26 21:50:25 | stm32h730ab | table_124 | page=242 | Y=7.1 Device marking | outline/toc=7.2 LQFP100 package information (1L)
2026-07-26 21:50:25 | stm32h730ab | table_125 | page=245 | Y=7.1 Device marking | outline/toc=7.3 TFBGA100 package information (A08Q)
2026-07-26 21:50:25 | stm32h730ab | table_126 | page=246 | Y=7.1 Device marking | outline/toc=7.3 TFBGA100 package information (A08Q)
2026-07-26 21:50:25 | stm32h730ab | table_127 | page=248 | Y=7.1 Device marking | outline/toc=7.4 LQFP144 package information (1A)
2026-07-26 21:50:25 | stm32h730ab | table_128 | page=251 | Y=7.1 Device marking | outline/toc=7.5 UFBGA144 package information (A0AS)
2026-07-26 21:50:25 | stm32h730ab | table_129 | page=252 | Y=7.1 Device marking | outline/toc=7.5 UFBGA144 package information (A0AS)
2026-07-26 21:50:25 | stm32h730ab | table_130 | page=254 | Y=7.1 Device marking | outline/toc=7.6 UFBGA169 package information (A0YV)
2026-07-26 21:50:25 | stm32h730ab | table_131 | page=255 | Y=7.1 Device marking | outline/toc=7.6 UFBGA169 package information (A0YV)
2026-07-26 21:50:25 | stm32h730ab | table_132 | page=257 | Y=7.1 Device marking | outline/toc=7.7 LQFP176 package information (1T)
2026-07-26 21:50:25 | stm32h730ab | table_133 | page=260 | Y=7.1 Device marking | outline/toc=7.7 LQFP176 package information (1T)
2026-07-26 21:50:25 | stm32h730ab | table_134 | page=261 | Y=7.1 Device marking | outline/toc=7.7 LQFP176 package information (1T)
2026-07-26 21:50:25 | stm32h730ab | table_136 | page=266 | Y=9 Important security notice | outline/toc=10 Revision history
2026-07-26 21:50:36 | stm32h735ag | table_1 | page=2 | Y=4 Kbytes of backup SRAM (available in the | outline/toc=
2026-07-26 21:50:36 | stm32h735ag | table_3 | page=30 | Y=3.9 Low-power strategy | outline/toc=3.10.1 Clock management
2026-07-26 21:50:36 | stm32h735ag | table_6 | page=50 | Y=3.37 Universal synchronous/asynchronous receiver transmitter | outline/toc=3.38 Low-power universal asynchronous receiver transmitter (LPUART)
2026-07-26 21:50:36 | stm32h735ag | table_15 | page=120 | Y=6.3.2 VCAP external capacitor | outline/toc=6.3.3 SMPS step-down converter
2026-07-26 21:50:36 | stm32h735ag | table_22 | page=127 | Y=6.3.6 Embedded reference voltage characteristics | outline/toc=6.3.8 Supply current characteristics
2026-07-26 21:50:36 | stm32h735ag | table_23 | page=127 | Y=6.3.7 Embedded USB regulator characteristics | outline/toc=6.3.8 Supply current characteristics
2026-07-26 21:50:36 | stm32h735ag | table_38 | page=149 | Y=8 MHz | outline/toc=6.3.10 External clock source characteristics
2026-07-26 21:50:36 | stm32h735ag | table_51 | page=159 | Y=6.3.14 EMC characteristics | outline/toc=6.3.15 Absolute maximum ratings (electrical sensitivity)
2026-07-26 21:50:36 | stm32h735ag | table_53 | page=160 | Y=6.3.15 Absolute maximum ratings (electrical sensitivity) | outline/toc=6.3.16 I/O current injection characteristics
2026-07-26 21:50:36 | stm32h735ag | table_60 | page=169 | Y=6.3.17 I/O port characteristics | outline/toc=6.3.18 NRST pin characteristics
2026-07-26 21:50:36 | stm32h735ag | table_95 | page=218 | Y=6.3.27 Digital temperature sensor characteristics | outline/toc=6.3.28 Temperature and V monitoring
2026-07-26 21:50:36 | stm32h735ag | table_98 | page=219 | Y=6.3.28 Temperature and V monitoring | outline/toc=6.3.30 Comparator characteristics
2026-07-26 21:50:36 | stm32h735ag | table_99 | page=219 | Y=6.3.29 Voltage booster for analog switch | outline/toc=6.3.30 Comparator characteristics
2026-07-26 21:50:37 | stm32h735ag | table_107 | page=230 | Y=6.3.36 Timer characteristics | outline/toc=6.3.38 Communication interfaces
2026-07-26 21:50:37 | stm32h735ag | table_125 | page=253 | Y=7.1 Device marking | outline/toc=7.3 LQFP100 package information (1L)
2026-07-26 21:50:37 | stm32h735ag | table_126 | page=254 | Y=7.1 Device marking | outline/toc=7.3 LQFP100 package information (1L)
2026-07-26 21:50:37 | stm32h735ag | table_127 | page=258 | Y=7.1 Device marking | outline/toc=7.4 TFBGA100 package information (A08Q)
2026-07-26 21:50:37 | stm32h735ag | table_128 | page=259 | Y=7.1 Device marking | outline/toc=7.4 TFBGA100 package information (A08Q)
2026-07-26 21:50:37 | stm32h735ag | table_129 | page=262 | Y=7.1 Device marking | outline/toc=7.5 WLCSP115 package information (B08U)
2026-07-26 21:50:37 | stm32h735ag | table_130 | page=263 | Y=7.1 Device marking | outline/toc=7.5 WLCSP115 package information (B08U)
2026-07-26 21:50:37 | stm32h735ag | table_131 | page=265 | Y=7.1 Device marking | outline/toc=7.6 LQFP144 package information (1A)
2026-07-26 21:50:37 | stm32h735ag | table_132 | page=268 | Y=7.1 Device marking | outline/toc=7.6 LQFP144 package information (1A)
2026-07-26 21:50:37 | stm32h735ag | table_133 | page=269 | Y=7.1 Device marking | outline/toc=7.7 UFBGA144 package information
2026-07-26 21:50:37 | stm32h735ag | table_134 | page=270 | Y=7.1 Device marking | outline/toc=7.8 UFBGA169 package information (A0YV)
2026-07-26 21:50:37 | stm32h735ag | table_135 | page=271 | Y=7.1 Device marking | outline/toc=7.8 UFBGA169 package information (A0YV)
2026-07-26 21:50:37 | stm32h735ag | table_136 | page=273 | Y=7.1 Device marking | outline/toc=7.9 LQFP176 package information (1T)
2026-07-26 21:50:37 | stm32h735ag | table_137 | page=276 | Y=7.1 Device marking | outline/toc=7.9 LQFP176 package information (1T)
2026-07-26 21:50:37 | stm32h735ag | table_138 | page=277 | Y=7.1 Device marking | outline/toc=7.9 LQFP176 package information (1T)
2026-07-26 21:50:37 | stm32h735ag | table_140 | page=282 | Y=9 Important security notice | outline/toc=10 Revision history
2026-07-26 21:50:39 | stm32h747ag | table_4 | page=38 | Y=3.23 Digital filter for sigma-delta modulators (DFSDM) | outline/toc=3.24 Digital camera interface (DCMI)
2026-07-26 21:50:39 | stm32h747ag | table_6 | page=48 | Y=3.32 Universal synchronous/asynchronous receiver transmitter | outline/toc=3.33 Low-power universal asynchronous receiver transmitter (LPUART)
2026-07-26 21:50:39 | stm32h747ag | table_12 | page=106 | Y=6.2 Absolute maximum ratings | outline/toc=6.3.1 General operating conditions
2026-07-26 21:50:39 | stm32h747ag | table_15 | page=109 | Y=6.3.2 VCAP external capacitor | outline/toc=6.3.3 SMPS step-down converter
2026-07-26 21:50:39 | stm32h747ag | table_21 | page=114 | Y=6.3.6 Embedded reference voltage | outline/toc=6.3.7 Supply current characteristics
2026-07-26 21:50:39 | stm32h747ag | table_50 | page=144 | Y=6.3.11 PLL characteristics | outline/toc=6.3.12 MIPI D-PHY characteristics
2026-07-26 21:50:39 | stm32h747ag | table_56 | page=149 | Y=6.3.14 Memory characteristics | outline/toc=6.3.15 EMC characteristics
2026-07-26 21:50:39 | stm32h747ag | table_67 | page=160 | Y=6.3.19 NRST pin characteristics | outline/toc=6.3.20 FMC characteristics
2026-07-26 21:50:39 | stm32h747ag | table_85 | page=181 | Y=6.3.20 FMC characteristics | outline/toc=6.3.21 Quad-SPI interface characteristics
2026-07-26 21:50:39 | stm32h747ag | table_97 | page=199 | Y=6.3.27 Temperature and V monitoring | outline/toc=6.3.28 Voltage booster for analog switch
2026-07-26 21:50:39 | stm32h747ag | table_98 | page=199 | Y=6.3.27 Temperature and V monitoring | outline/toc=6.3.28 Voltage booster for analog switch
2026-07-26 21:50:39 | stm32h747ag | table_99 | page=199 | Y=6.3.27 Temperature and V monitoring | outline/toc=6.3.28 Voltage booster for analog switch
2026-07-26 21:50:39 | stm32h747ag | table_106 | page=209 | Y=6.3.34 Timer characteristics | outline/toc=6.3.35 Communication interfaces
2026-07-26 21:50:39 | stm32h747ag | table_123 | page=230 | Y=7.1 Device marking | outline/toc=7.2 WLCSP156 package information (A086)
2026-07-26 21:50:39 | stm32h747ag | table_124 | page=231 | Y=7.1 Device marking | outline/toc=7.2 WLCSP156 package information (A086)
2026-07-26 21:50:39 | stm32h747ag | table_125 | page=233 | Y=7.1 Device marking | outline/toc=7.3 UFBGA169 package information (A0YV)
2026-07-26 21:50:39 | stm32h747ag | table_126 | page=235 | Y=7.1 Device marking | outline/toc=7.3 UFBGA169 package information (A0YV)
2026-07-26 21:50:39 | stm32h747ag | table_127 | page=237 | Y=7.1 Device marking | outline/toc=7.4 LQFP176 package information (1T)
2026-07-26 21:50:39 | stm32h747ag | table_128 | page=241 | Y=7.1 Device marking | outline/toc=7.5 LQFP208 package information (UH)
2026-07-26 21:50:39 | stm32h747ag | table_129 | page=244 | Y=7.1 Device marking | outline/toc=7.5 LQFP208 package information (UH)
2026-07-26 21:50:39 | stm32h747ag | table_130 | page=244 | Y=7.1 Device marking | outline/toc=7.5 LQFP208 package information (UH)
2026-07-26 21:50:39 | stm32h747ag | table_131 | page=245 | Y=7.1 Device marking | outline/toc=7.5 LQFP208 package information (UH)
2026-07-26 21:50:39 | stm32h747ag | table_132 | page=246 | Y=7.1 Device marking | outline/toc=7.7 Thermal characteristics
2026-07-26 21:50:39 | stm32h747ag | table_133 | page=247 | Y=7.7 Thermal characteristics | outline/toc=7.7.1 Reference documents
2026-07-26 21:50:39 | stm32h747ag | table_134 | page=250 | Y=9 Important security notice | outline/toc=10 Revision history
2026-07-26 21:50:55 | stm32l010c6 | table_5 | page=24 | Y=3.13 Timers and watchdogs | outline/toc=3.13.1 General-purpose timers (TIM2, TIM21)
2026-07-26 21:50:55 | stm32l010c6 | table_6 | page=26 | Y=3.14 Communication interfaces | outline/toc=3.14.2 Universal synchronous/asynchronous receiver transmitter (USART)
2026-07-26 21:50:55 | stm32l010c6 | table_8 | page=27 | Y=3.14.4 Serial peripheral interface (SPI) | outline/toc=3.15 Cyclic redundancy check (CRC) calculation unit
2026-07-26 21:50:55 | stm32l010c6 | table_11 | page=33 | Y=8 VSSA S - - - - | outline/toc=4 Pin descriptions
2026-07-26 21:50:55 | stm32l010c6 | table_15 | page=40 | Y=6.3.1 General operating conditions | outline/toc=6.3.2 Embedded reset and power control block characteristics
2026-07-26 21:50:55 | stm32l010c6 | table_30 | page=53 | Y=6.3.4 Supply current characteristics | outline/toc=6.3.5 Wakeup time from low-power mode
2026-07-26 21:50:55 | stm32l010c6 | table_42 | page=63 | Y=6.3.9 Memory characteristics | outline/toc=6.3.10 EMC characteristics
2026-07-26 21:50:55 | stm32l010c6 | table_44 | page=64 | Y=6.3.10 EMC characteristics | outline/toc=6.3.11 Electrical sensitivity characteristics
2026-07-26 21:50:55 | stm32l010c6 | table_45 | page=65 | Y=6.3.11 Electrical sensitivity characteristics | outline/toc=6.3.12 I/O current injection characteristics
2026-07-26 21:50:55 | stm32l010c6 | table_46 | page=65 | Y=6.3.11 Electrical sensitivity characteristics | outline/toc=6.3.12 I/O current injection characteristics
2026-07-26 21:50:55 | stm32l010c6 | table_47 | page=66 | Y=6.3.12 I/O current injection characteristics | outline/toc=6.3.13 I/O port characteristics
2026-07-26 21:50:55 | stm32l010c6 | table_49 | page=68 | Y=1.3 VILmax | outline/toc=6.3.13 I/O port characteristics
2026-07-26 21:50:55 | stm32l010c6 | table_50 | page=69 | Y=1.3 VILmax | outline/toc=6.3.13 I/O port characteristics
2026-07-26 21:50:55 | stm32l010c6 | table_60 | page=83 | Y=7 Package information | outline/toc=7.1 LQFP48 package information
2026-07-26 21:51:03 | stm32h755bi | table_1 | page=2 | Y=4 DMA controllers to unload the CPU | outline/toc=
2026-07-26 21:51:03 | stm32h755bi | table_3 | page=28 | Y=3.6 Low-power strategy | outline/toc=3.7.1 Clock management
2026-07-26 21:51:03 | stm32h755bi | table_4 | page=37 | Y=3.23 Digital filter for sigma-delta modulators (DFSDM) | outline/toc=3.24 Digital camera interface (DCMI)
2026-07-26 21:51:03 | stm32h755bi | table_6 | page=46 | Y=3.32 Universal synchronous/asynchronous receiver transmitter | outline/toc=3.33 Low-power universal asynchronous receiver transmitter (LPUART)
2026-07-26 21:51:03 | stm32h755bi | table_15 | page=106 | Y=6.3.2 VCAP external capacitor | outline/toc=6.3.3 SMPS step-down converter
2026-07-26 21:51:03 | stm32h755bi | table_21 | page=111 | Y=6.3.6 Embedded reference voltage | outline/toc=6.3.7 Supply current characteristics
2026-07-26 21:51:03 | stm32h755bi | table_53 | page=142 | Y=6.3.12 Memory characteristics | outline/toc=6.3.13 EMC characteristics
2026-07-26 21:51:04 | stm32h755bi | table_64 | page=153 | Y=6.3.17 NRST pin characteristics | outline/toc=6.3.18 FMC characteristics
2026-07-26 21:51:04 | stm32h755bi | table_82 | page=174 | Y=6.3.18 FMC characteristics | outline/toc=6.3.19 Quad-SPI interface characteristics
2026-07-26 21:51:04 | stm32h755bi | table_94 | page=192 | Y=6.3.25 Temperature and V monitoring | outline/toc=6.3.26 Voltage booster for analog switch
2026-07-26 21:51:04 | stm32h755bi | table_95 | page=192 | Y=6.3.25 Temperature and V monitoring | outline/toc=6.3.26 Voltage booster for analog switch
2026-07-26 21:51:04 | stm32h755bi | table_96 | page=192 | Y=6.3.25 Temperature and V monitoring | outline/toc=6.3.26 Voltage booster for analog switch
2026-07-26 21:51:04 | stm32h755bi | table_103 | page=202 | Y=6.3.32 Timer characteristics | outline/toc=6.3.33 Communication interfaces
2026-07-26 21:51:04 | stm32h755bi | table_120 | page=224 | Y=7.1 Device marking | outline/toc=7.2 LQFP144 package information (1A)
2026-07-26 21:51:04 | stm32h755bi | table_121 | page=228 | Y=7.1 Device marking | outline/toc=7.3 LQFP176 package information (1T)
2026-07-26 21:51:04 | stm32h755bi | table_122 | page=232 | Y=7.1 Device marking | outline/toc=7.4 LQFP208 package information (UH)
2026-07-26 21:51:04 | stm32h755bi | table_123 | page=234 | Y=7.1 Device marking | outline/toc=7.4 LQFP208 package information (UH)
2026-07-26 21:51:04 | stm32h755bi | table_124 | page=235 | Y=7.1 Device marking | outline/toc=7.4 LQFP208 package information (UH)
2026-07-26 21:51:04 | stm32h755bi | table_125 | page=237 | Y=7.1 Device marking | outline/toc=7.4 LQFP208 package information (UH)
2026-07-26 21:51:04 | stm32h755bi | table_126 | page=237 | Y=7.1 Device marking | outline/toc=7.4 LQFP208 package information (UH)
2026-07-26 21:51:04 | stm32h755bi | table_127 | page=238 | Y=7.1 Device marking | outline/toc=7.4 LQFP208 package information (UH)
2026-07-26 21:51:04 | stm32h755bi | table_128 | page=239 | Y=7.1 Device marking | outline/toc=7.7 Thermal characteristics
2026-07-26 21:51:04 | stm32h755bi | table_129 | page=240 | Y=7.7 Thermal characteristics | outline/toc=7.7.1 Reference documents
2026-07-26 21:51:04 | stm32h755bi | table_130 | page=243 | Y=9 Important security notice | outline/toc=10 Revision history
2026-07-26 21:51:06 | stm32l010f4 | table_5 | page=24 | Y=3.13 Timers and watchdogs | outline/toc=3.13.1 General-purpose timers (TIM2, TIM21)
2026-07-26 21:51:06 | stm32l010f4 | table_6 | page=26 | Y=3.14 Communication interfaces | outline/toc=3.14.2 Universal synchronous/asynchronous receiver transmitter (USART)
2026-07-26 21:51:06 | stm32l010f4 | table_8 | page=27 | Y=3.14.4 Serial peripheral interface (SPI) | outline/toc=3.15 Cyclic redundancy check (CRC) calculation unit
2026-07-26 21:51:06 | stm32l010f4 | table_15 | page=40 | Y=6.3.1 General operating conditions | outline/toc=6.3.2 Embedded reset and power control block characteristics
2026-07-26 21:51:06 | stm32l010f4 | table_30 | page=53 | Y=6.3.4 Supply current characteristics | outline/toc=6.3.5 Wakeup time from low-power mode
2026-07-26 21:51:06 | stm32l010f4 | table_42 | page=63 | Y=6.3.9 Memory characteristics | outline/toc=6.3.10 EMC characteristics
2026-07-26 21:51:06 | stm32l010f4 | table_44 | page=64 | Y=6.3.10 EMC characteristics | outline/toc=6.3.11 Electrical sensitivity characteristics
2026-07-26 21:51:06 | stm32l010f4 | table_45 | page=65 | Y=6.3.11 Electrical sensitivity characteristics | outline/toc=6.3.12 I/O current injection characteristics
2026-07-26 21:51:06 | stm32l010f4 | table_46 | page=65 | Y=6.3.11 Electrical sensitivity characteristics | outline/toc=6.3.12 I/O current injection characteristics
2026-07-26 21:51:06 | stm32l010f4 | table_47 | page=66 | Y=6.3.12 I/O current injection characteristics | outline/toc=6.3.13 I/O port characteristics
2026-07-26 21:51:06 | stm32l010f4 | table_49 | page=68 | Y=1.3 VILmax | outline/toc=6.3.13 I/O port characteristics
2026-07-26 21:51:06 | stm32l010f4 | table_50 | page=69 | Y=1.3 VILmax | outline/toc=6.3.13 I/O port characteristics
2026-07-26 21:51:06 | stm32l010f4 | table_60 | page=82 | Y=7 Package information | outline/toc=7.1 TSSOP20 package information
2026-07-26 21:51:06 | stm32l010f4 | table_61 | page=86 | Y=7 Package information | outline/toc=7.2 LQFP32 package information
2026-07-26 21:51:07 | stm32l010k8 | table_5 | page=24 | Y=3.13 Timers and watchdogs | outline/toc=3.13.1 General-purpose timers (TIM2, TIM21)
2026-07-26 21:51:07 | stm32l010k8 | table_6 | page=26 | Y=3.14 Communication interfaces | outline/toc=3.14.2 Universal synchronous/asynchronous receiver transmitter (USART)
2026-07-26 21:51:07 | stm32l010k8 | table_15 | page=41 | Y=6.3.1 General operating conditions | outline/toc=6.3.2 Embedded reset and power control block characteristics
2026-07-26 21:51:07 | stm32l010k8 | table_30 | page=54 | Y=6.3.4 Supply current characteristics | outline/toc=6.3.5 Wakeup time from low-power mode
2026-07-26 21:51:07 | stm32l010k8 | table_42 | page=64 | Y=6.3.9 Memory characteristics | outline/toc=6.3.10 EMC characteristics
2026-07-26 21:51:07 | stm32l010k8 | table_44 | page=65 | Y=6.3.10 EMC characteristics | outline/toc=6.3.11 Electrical sensitivity characteristics
2026-07-26 21:51:07 | stm32l010k8 | table_45 | page=66 | Y=6.3.11 Electrical sensitivity characteristics | outline/toc=6.3.12 I/O current injection characteristics
2026-07-26 21:51:07 | stm32l010k8 | table_46 | page=66 | Y=6.3.11 Electrical sensitivity characteristics | outline/toc=6.3.12 I/O current injection characteristics
2026-07-26 21:51:07 | stm32l010k8 | table_47 | page=67 | Y=6.3.12 I/O current injection characteristics | outline/toc=6.3.13 I/O port characteristics
2026-07-26 21:51:07 | stm32l010k8 | table_49 | page=69 | Y=1.3 VILmax | outline/toc=6.3.13 I/O port characteristics
2026-07-26 21:51:07 | stm32l010k8 | table_50 | page=70 | Y=1.3 VILmax | outline/toc=6.3.13 I/O port characteristics
2026-07-26 21:51:08 | stm32l010k8 | table_60 | page=84 | Y=7 Package information | outline/toc=7.1 LQFP32 package information
2026-07-26 21:51:08 | stm32l010k8 | table_61 | page=86 | Y=7 Package information | outline/toc=7.2 LQFP64 package information
2026-07-26 21:51:18 | stm32l010rb | table_5 | page=24 | Y=3.13 Timers and watchdogs | outline/toc=3.13.1 General-purpose timers (TIM2, TIM21, TIM22)
2026-07-26 21:51:18 | stm32l010rb | table_6 | page=26 | Y=3.14 Communication interfaces | outline/toc=3.14.2 Universal synchronous/asynchronous receiver transmitter (USART)
2026-07-26 21:51:18 | stm32l010rb | table_15 | page=41 | Y=6.3.1 General operating conditions | outline/toc=6.3.2 Embedded reset and power control block characteristics
2026-07-26 21:51:19 | stm32l010rb | table_30 | page=54 | Y=6.3.4 Supply current characteristics | outline/toc=6.3.5 Wakeup time from low-power mode
2026-07-26 21:51:19 | stm32l010rb | table_42 | page=64 | Y=6.3.9 Memory characteristics | outline/toc=6.3.10 EMC characteristics
2026-07-26 21:51:19 | stm32l010rb | table_44 | page=65 | Y=6.3.10 EMC characteristics | outline/toc=6.3.11 Electrical sensitivity characteristics
2026-07-26 21:51:19 | stm32l010rb | table_45 | page=66 | Y=6.3.11 Electrical sensitivity characteristics | outline/toc=6.3.12 I/O current injection characteristics
2026-07-26 21:51:19 | stm32l010rb | table_46 | page=66 | Y=6.3.11 Electrical sensitivity characteristics | outline/toc=6.3.12 I/O current injection characteristics
2026-07-26 21:51:19 | stm32l010rb | table_47 | page=67 | Y=6.3.12 I/O current injection characteristics | outline/toc=6.3.13 I/O port characteristics
2026-07-26 21:51:19 | stm32l010rb | table_49 | page=69 | Y=1.3 VILmax | outline/toc=6.3.13 I/O port characteristics
2026-07-26 21:51:19 | stm32l010rb | table_50 | page=70 | Y=1.3 VILmax | outline/toc=6.3.13 I/O port characteristics
2026-07-26 21:51:19 | stm32l010rb | table_60 | page=83 | Y=7 Package information | outline/toc=7.1 LQFP64 package information
2026-07-26 21:51:25 | stm32h742ag | table_1 | page=2 | Y=4 Kbytes of SRAM in Backup domain | outline/toc=
2026-07-26 21:51:25 | stm32h742ag | table_4 | page=40 | Y=3.23 Digital filter for sigma-delta modulators (DFSDM) | outline/toc=3.25 LCD-TFT controller
2026-07-26 21:51:25 | stm32h742ag | table_6 | page=48 | Y=3.31 Universal synchronous/asynchronous receiver transmitter | outline/toc=3.32 Low-power universal asynchronous receiver transmitter (LPUART)
2026-07-26 21:51:25 | stm32h742ag | table_7 | page=54 | Y=3.43 Debug infrastructure | outline/toc=4 Memory mapping
2026-07-26 21:51:25 | stm32h742ag | table_15 | page=106 | Y=6.3.2 VCAP external capacitor | outline/toc=6.3.3 Operating conditions at power-up / power-down
2026-07-26 21:51:25 | stm32h742ag | table_19 | page=109 | Y=6.3.5 Embedded reference voltage | outline/toc=6.3.6 Supply current characteristics
2026-07-26 21:51:25 | stm32h742ag | table_35 | page=126 | Y=8 MHz | outline/toc=6.3.8 External clock source characteristics
2026-07-26 21:51:25 | stm32h742ag | table_39 | page=129 | Y=6.3.9 Internal clock source characteristics | outline/toc=6.3.10 PLL characteristics
2026-07-26 21:51:25 | stm32h742ag | table_47 | page=135 | Y=6.3.13 Absolute maximum ratings (electrical sensitivity) | outline/toc=6.3.14 I/O current injection characteristics
2026-07-26 21:51:25 | stm32h742ag | table_48 | page=135 | Y=6.3.13 Absolute maximum ratings (electrical sensitivity) | outline/toc=6.3.14 I/O current injection characteristics
2026-07-26 21:51:25 | stm32h742ag | table_49 | page=136 | Y=6.3.14 I/O current injection characteristics | outline/toc=6.3.15 I/O port characteristics
2026-07-26 21:51:26 | stm32h742ag | table_84 | page=176 | Y=6.3.24 Temperature and V monitoring | outline/toc=6.3.25 Voltage booster for analog switch
2026-07-26 21:51:26 | stm32h742ag | table_85 | page=176 | Y=6.3.24 Temperature and V monitoring | outline/toc=6.3.25 Voltage booster for analog switch
2026-07-26 21:51:26 | stm32h742ag | table_86 | page=176 | Y=6.3.24 Temperature and V monitoring | outline/toc=6.3.25 Voltage booster for analog switch
2026-07-26 21:51:26 | stm32h742ag | table_106 | page=202 | Y=6.3.32 Communications interfaces | outline/toc=6.3.33 JTAG/SWD interface characteristics
2026-07-26 21:51:26 | stm32h742ag | table_114 | page=211 | Y=7.3.2 VCAP external capacitor | outline/toc=7.3.3 Operating conditions at power-up / power-down
2026-07-26 21:51:26 | stm32h742ag | table_118 | page=214 | Y=7.3.5 Embedded reference voltage | outline/toc=7.3.6 Supply current characteristics
2026-07-26 21:51:26 | stm32h742ag | table_141 | page=237 | Y=7.3.11 Memory characteristics | outline/toc=7.3.12 EMC characteristics
2026-07-26 21:51:26 | stm32h742ag | table_152 | page=248 | Y=7.3.16 NRST pin characteristics | outline/toc=7.3.17 FMC characteristics
2026-07-26 21:51:26 | stm32h742ag | table_170 | page=269 | Y=7.3.17 FMC characteristics | outline/toc=7.3.18 Quad-SPI interface characteristics
2026-07-26 21:51:26 | stm32h742ag | table_182 | page=287 | Y=7.3.24 Temperature and V monitoring | outline/toc=7.3.25 Voltage booster for analog switch
2026-07-26 21:51:26 | stm32h742ag | table_183 | page=287 | Y=7.3.24 Temperature and V monitoring | outline/toc=7.3.25 Voltage booster for analog switch
2026-07-26 21:51:26 | stm32h742ag | table_184 | page=287 | Y=7.3.24 Temperature and V monitoring | outline/toc=7.3.25 Voltage booster for analog switch
2026-07-26 21:51:26 | stm32h742ag | table_191 | page=297 | Y=7.3.31 Timer characteristics | outline/toc=7.3.32 Communication interfaces
2026-07-26 21:51:26 | stm32h742ag | table_208 | page=319 | Y=8.1 Device marking | outline/toc=8.2 LQFP100 package information (1L)
2026-07-26 21:51:26 | stm32h742ag | table_209 | page=321 | Y=8.1 Device marking | outline/toc=8.3 TFBGA100 package information (A08Q)
2026-07-26 21:51:26 | stm32h742ag | table_210 | page=323 | Y=8.1 Device marking | outline/toc=8.3 TFBGA100 package information (A08Q)
2026-07-26 21:51:26 | stm32h742ag | table_211 | page=325 | Y=8.1 Device marking | outline/toc=8.4 LQFP144 package information (1A)
2026-07-26 21:51:26 | stm32h742ag | table_212 | page=328 | Y=8.1 Device marking | outline/toc=8.5 UFBGA169 package information (A0YV)
2026-07-26 21:51:26 | stm32h742ag | table_213 | page=330 | Y=8.1 Device marking | outline/toc=8.5 UFBGA169 package information (A0YV)
2026-07-26 21:51:26 | stm32h742ag | table_214 | page=332 | Y=8.1 Device marking | outline/toc=8.6 LQFP176 package information (1T)
2026-07-26 21:51:26 | stm32h742ag | table_215 | page=336 | Y=8.1 Device marking | outline/toc=8.7 LQFP208 package information (UH)
2026-07-26 21:51:26 | stm32h742ag | table_216 | page=338 | Y=8.1 Device marking | outline/toc=8.7 LQFP208 package information (UH)
2026-07-26 21:51:26 | stm32h742ag | table_217 | page=339 | Y=8.1 Device marking | outline/toc=8.7 LQFP208 package information (UH)
2026-07-26 21:51:26 | stm32h742ag | table_218 | page=341 | Y=8.1 Device marking | outline/toc=8.7 LQFP208 package information (UH)
2026-07-26 21:51:26 | stm32h742ag | table_219 | page=341 | Y=8.1 Device marking | outline/toc=8.7 LQFP208 package information (UH)
2026-07-26 21:51:26 | stm32h742ag | table_220 | page=342 | Y=8.1 Device marking | outline/toc=8.7 LQFP208 package information (UH)
2026-07-26 21:51:26 | stm32h742ag | table_221 | page=343 | Y=8.1 Device marking | outline/toc=8.10 Thermal characteristics
2026-07-26 21:51:39 | stm32l011d3 | table_8 | page=29 | Y=3.15 Communication interfaces | outline/toc=3.15.1 I2C bus
2026-07-26 21:51:39 | stm32l011d3 | table_9 | page=30 | Y=3.15 Communication interfaces | outline/toc=3.15.2 Universal synchronous/asynchronous receiver transmitter (USART)
2026-07-26 21:51:39 | stm32l011d3 | table_11 | page=31 | Y=3.15.4 Serial peripheral interface (SPI) | outline/toc=3.16 Cyclic redundancy check (CRC) calculation unit
2026-07-26 21:51:39 | stm32l011d3 | table_33 | page=62 | Y=6.3.4 Supply current characteristics | outline/toc=6.3.5 Wakeup time from low-power mode
2026-07-26 21:51:39 | stm32l011d3 | table_46 | page=73 | Y=6.3.10 EMC characteristics | outline/toc=6.3.11 Electrical sensitivity characteristics
2026-07-26 21:51:39 | stm32l011d3 | table_48 | page=74 | Y=6.3.11 Electrical sensitivity characteristics | outline/toc=6.3.12 I/O current injection characteristics
2026-07-26 21:51:39 | stm32l011d3 | table_67 | page=95 | Y=7 Package information | outline/toc=7.1 LQFP32 package information
2026-07-26 21:51:39 | stm32l011d3 | table_68 | page=98 | Y=7 Package information | outline/toc=7.2 UFQFPN32 package information
2026-07-26 21:51:39 | stm32l011d3 | table_69 | page=100 | Y=7 Package information | outline/toc=7.3 WLCSP25 package information
2026-07-26 21:51:39 | stm32l011d3 | table_70 | page=101 | Y=7 Package information | outline/toc=7.3 WLCSP25 package information
2026-07-26 21:51:39 | stm32l011d3 | table_71 | page=103 | Y=7 Package information | outline/toc=7.4 UFQFPN28 4 x 4 mm package information
2026-07-26 21:51:39 | stm32l011d3 | table_72 | page=106 | Y=7 Package information | outline/toc=7.5 UFQFPN20 package information
2026-07-26 21:51:39 | stm32l011d3 | table_73 | page=109 | Y=7 Package information | outline/toc=7.6 TSSOP20 package information
2026-07-26 21:51:39 | stm32l011d3 | table_74 | page=112 | Y=7 Package information | outline/toc=7.7 TSSOP14 package information
2026-07-26 21:51:39 | stm32l011d3 | table_75 | page=114 | Y=7.8 Thermal characteristics | outline/toc=7.8.1 Reference document
2026-07-26 21:51:40 | stm32h750ib | table_2 | page=28 | Y=3.6 Low-power strategy | outline/toc=3.7.1 Clock management
2026-07-26 21:51:40 | stm32h750ib | table_3 | page=37 | Y=3.23 Digital filter for sigma-delta modulators (DFSDM) | outline/toc=3.24 Digital camera interface (DCMI)
2026-07-26 21:51:40 | stm32h750ib | table_5 | page=46 | Y=3.32 Universal synchronous/asynchronous receiver transmitter | outline/toc=3.33 Low-power universal asynchronous receiver transmitter (LPUART)
2026-07-26 21:51:40 | stm32h750ib | table_13 | page=96 | Y=6.3.2 VCAP external capacitor | outline/toc=6.3.3 Operating conditions at power-up / power-down
2026-07-26 21:51:41 | stm32h750ib | table_17 | page=99 | Y=6.3.5 Embedded reference voltage | outline/toc=6.3.6 Supply current characteristics
2026-07-26 21:51:41 | stm32h750ib | table_33 | page=116 | Y=8 MHz | outline/toc=6.3.8 External clock source characteristics
2026-07-26 21:51:41 | stm32h750ib | table_37 | page=119 | Y=6.3.9 Internal clock source characteristics | outline/toc=6.3.10 PLL characteristics
2026-07-26 21:51:41 | stm32h750ib | table_45 | page=125 | Y=6.3.13 Absolute maximum ratings (electrical sensitivity) | outline/toc=6.3.14 I/O current injection characteristics
2026-07-26 21:51:41 | stm32h750ib | table_46 | page=125 | Y=6.3.13 Absolute maximum ratings (electrical sensitivity) | outline/toc=6.3.14 I/O current injection characteristics
2026-07-26 21:51:41 | stm32h750ib | table_47 | page=126 | Y=6.3.14 I/O current injection characteristics | outline/toc=6.3.15 I/O port characteristics
2026-07-26 21:51:41 | stm32h750ib | table_82 | page=166 | Y=6.3.24 Temperature and V monitoring | outline/toc=6.3.25 Voltage booster for analog switch
2026-07-26 21:51:41 | stm32h750ib | table_83 | page=166 | Y=6.3.24 Temperature and V monitoring | outline/toc=6.3.25 Voltage booster for analog switch
2026-07-26 21:51:41 | stm32h750ib | table_84 | page=166 | Y=6.3.24 Temperature and V monitoring | outline/toc=6.3.25 Voltage booster for analog switch
2026-07-26 21:51:41 | stm32h750ib | table_104 | page=192 | Y=6.3.32 Communications interfaces | outline/toc=6.3.33 JTAG/SWD interface characteristics
2026-07-26 21:51:41 | stm32h750ib | table_112 | page=201 | Y=7.3.2 VCAP external capacitor | outline/toc=7.3.3 Operating conditions at power-up / power-down
2026-07-26 21:51:41 | stm32h750ib | table_116 | page=204 | Y=7.3.5 Embedded reference voltage | outline/toc=7.3.6 Supply current characteristics
2026-07-26 21:51:41 | stm32h750ib | table_139 | page=227 | Y=7.3.11 Memory characteristics | outline/toc=7.3.12 EMC characteristics
2026-07-26 21:51:41 | stm32h750ib | table_150 | page=238 | Y=7.3.16 NRST pin characteristics | outline/toc=7.3.17 FMC characteristics
2026-07-26 21:51:41 | stm32h750ib | table_168 | page=259 | Y=7.3.17 FMC characteristics | outline/toc=7.3.18 Quad-SPI interface characteristics
2026-07-26 21:51:41 | stm32h750ib | table_180 | page=277 | Y=7.3.24 Temperature and V monitoring | outline/toc=7.3.25 Voltage booster for analog switch
2026-07-26 21:51:41 | stm32h750ib | table_181 | page=277 | Y=7.3.24 Temperature and V monitoring | outline/toc=7.3.25 Voltage booster for analog switch
2026-07-26 21:51:41 | stm32h750ib | table_182 | page=277 | Y=7.3.24 Temperature and V monitoring | outline/toc=7.3.25 Voltage booster for analog switch
2026-07-26 21:51:41 | stm32h750ib | table_189 | page=287 | Y=7.3.31 Timer characteristics | outline/toc=7.3.32 Communication interfaces
2026-07-26 21:51:41 | stm32h750ib | table_206 | page=309 | Y=8.1 Device marking | outline/toc=8.2 LQFP100 package information (1L)
2026-07-26 21:51:41 | stm32h750ib | table_207 | page=312 | Y=8.1 Device marking | outline/toc=8.3 LQFP144 package information (1A)
2026-07-26 21:51:41 | stm32h750ib | table_208 | page=316 | Y=8.1 Device marking | outline/toc=8.4 LQFP176 package information (1T)
2026-07-26 21:51:41 | stm32h750ib | table_209 | page=319 | Y=8.1 Device marking | outline/toc=8.4 LQFP176 package information (1T)
2026-07-26 21:51:41 | stm32h750ib | table_210 | page=320 | Y=8.1 Device marking | outline/toc=8.4 LQFP176 package information (1T)
2026-07-26 21:51:41 | stm32h750ib | table_211 | page=322 | Y=8.1 Device marking | outline/toc=8.4 LQFP176 package information (1T)
2026-07-26 21:51:41 | stm32h750ib | table_212 | page=322 | Y=8.1 Device marking | outline/toc=8.4 LQFP176 package information (1T)
2026-07-26 21:51:41 | stm32h750ib | table_213 | page=323 | Y=8.1 Device marking | outline/toc=8.4 LQFP176 package information (1T)
2026-07-26 21:51:41 | stm32h750ib | table_214 | page=324 | Y=8.1 Device marking | outline/toc=8.7 Thermal characteristics
2026-07-26 21:51:41 | stm32h750ib | table_215 | page=325 | Y=8.7 Thermal characteristics | outline/toc=8.7.1 Reference documents
2026-07-26 21:51:42 | stm32h757ai | table_3 | page=29 | Y=3.6 Low-power strategy | outline/toc=3.7.1 Clock management
2026-07-26 21:51:42 | stm32h757ai | table_4 | page=38 | Y=3.23 Digital filter for sigma-delta modulators (DFSDM) | outline/toc=3.24 Digital camera interface (DCMI)
2026-07-26 21:51:42 | stm32h757ai | table_6 | page=48 | Y=3.33 Universal synchronous/asynchronous receiver transmitter | outline/toc=3.34 Low-power universal asynchronous receiver transmitter (LPUART)
2026-07-26 21:51:42 | stm32h757ai | table_12 | page=106 | Y=6.2 Absolute maximum ratings | outline/toc=6.3.1 General operating conditions
2026-07-26 21:51:42 | stm32h757ai | table_15 | page=109 | Y=6.3.2 VCAP external capacitor | outline/toc=6.3.3 SMPS step-down converter
2026-07-26 21:51:43 | stm32h757ai | table_21 | page=114 | Y=6.3.6 Embedded reference voltage | outline/toc=6.3.7 Supply current characteristics
2026-07-26 21:51:43 | stm32h757ai | table_50 | page=144 | Y=6.3.11 PLL characteristics | outline/toc=6.3.12 MIPI D-PHY characteristics
2026-07-26 21:51:43 | stm32h757ai | table_56 | page=149 | Y=6.3.14 Memory characteristics | outline/toc=6.3.15 EMC characteristics
2026-07-26 21:51:43 | stm32h757ai | table_67 | page=160 | Y=6.3.19 NRST pin characteristics | outline/toc=6.3.20 FMC characteristics
2026-07-26 21:51:43 | stm32h757ai | table_85 | page=181 | Y=6.3.20 FMC characteristics | outline/toc=6.3.21 Quad-SPI interface characteristics
2026-07-26 21:51:43 | stm32h757ai | table_97 | page=199 | Y=6.3.27 Temperature and V monitoring | outline/toc=6.3.28 Voltage booster for analog switch
2026-07-26 21:51:43 | stm32h757ai | table_98 | page=199 | Y=6.3.27 Temperature and V monitoring | outline/toc=6.3.28 Voltage booster for analog switch
2026-07-26 21:51:43 | stm32h757ai | table_99 | page=199 | Y=6.3.27 Temperature and V monitoring | outline/toc=6.3.28 Voltage booster for analog switch
2026-07-26 21:51:43 | stm32h757ai | table_106 | page=209 | Y=6.3.34 Timer characteristics | outline/toc=6.3.35 Communication interfaces
2026-07-26 21:51:43 | stm32h757ai | table_123 | page=230 | Y=7.1 Device marking | outline/toc=7.2 WLCSP156 package information (A086)
2026-07-26 21:51:43 | stm32h757ai | table_124 | page=231 | Y=7.1 Device marking | outline/toc=7.2 WLCSP156 package information (A086)
2026-07-26 21:51:43 | stm32h757ai | table_125 | page=233 | Y=7.1 Device marking | outline/toc=7.3 UFBGA169 package information (A0YV)
2026-07-26 21:51:43 | stm32h757ai | table_126 | page=235 | Y=7.1 Device marking | outline/toc=7.3 UFBGA169 package information (A0YV)
2026-07-26 21:51:43 | stm32h757ai | table_127 | page=237 | Y=7.1 Device marking | outline/toc=7.4 LQFP176 package information (1T)
2026-07-26 21:51:43 | stm32h757ai | table_128 | page=241 | Y=7.1 Device marking | outline/toc=7.5 LQFP208 package information (UH)
2026-07-26 21:51:43 | stm32h757ai | table_129 | page=244 | Y=7.1 Device marking | outline/toc=7.5 LQFP208 package information (UH)
2026-07-26 21:51:43 | stm32h757ai | table_130 | page=244 | Y=7.1 Device marking | outline/toc=7.5 LQFP208 package information (UH)
2026-07-26 21:51:43 | stm32h757ai | table_131 | page=245 | Y=7.1 Device marking | outline/toc=7.5 LQFP208 package information (UH)
2026-07-26 21:51:43 | stm32h757ai | table_132 | page=246 | Y=7.1 Device marking | outline/toc=7.7 Thermal characteristics
2026-07-26 21:51:43 | stm32h757ai | table_133 | page=247 | Y=7.7 Thermal characteristics | outline/toc=7.7.1 Reference documents
2026-07-26 21:51:43 | stm32h757ai | table_134 | page=250 | Y=9 Important security notice | outline/toc=10 Revision history
2026-07-26 21:51:57 | stm32l021d4 | table_6 | page=28 | Y=3.15 Timers and watchdogs | outline/toc=3.15.1 General-purpose timers (TIM2, TIM21)
2026-07-26 21:51:57 | stm32l021d4 | table_7 | page=30 | Y=3.16 Communication interfaces | outline/toc=3.16.1 I2C bus
2026-07-26 21:51:57 | stm32l021d4 | table_8 | page=30 | Y=3.16 Communication interfaces | outline/toc=3.16.1 I2C bus
2026-07-26 21:51:57 | stm32l021d4 | table_9 | page=31 | Y=3.16.2 Universal synchronous/asynchronous receiver transmitter (USART) | outline/toc=3.16.3 Low-power universal asynchronous receiver transmitter (LPUART)
2026-07-26 21:51:57 | stm32l021d4 | table_10 | page=32 | Y=3.16.4 Serial peripheral interface (SPI) | outline/toc=3.18 Serial wire debug port (SW-DP)
2026-07-26 21:51:57 | stm32l021d4 | table_32 | page=62 | Y=6.3.4 Supply current characteristics | outline/toc=6.3.5 Wakeup time from low-power mode
2026-07-26 21:51:57 | stm32l021d4 | table_45 | page=73 | Y=6.3.10 EMC characteristics | outline/toc=6.3.11 Electrical sensitivity characteristics
2026-07-26 21:51:57 | stm32l021d4 | table_47 | page=74 | Y=6.3.11 Electrical sensitivity characteristics | outline/toc=6.3.12 I/O current injection characteristics
2026-07-26 21:51:57 | stm32l021d4 | table_66 | page=95 | Y=7 Package information | outline/toc=7.1 LQFP32 package information
2026-07-26 21:51:57 | stm32l021d4 | table_67 | page=98 | Y=7 Package information | outline/toc=7.2 UFQFPN32 package information
2026-07-26 21:51:57 | stm32l021d4 | table_68 | page=99 | Y=7 Package information | outline/toc=7.3 UFQFPN28 4 x 4 mm package information
2026-07-26 21:51:57 | stm32l021d4 | table_69 | page=100 | Y=7 Package information | outline/toc=7.3 UFQFPN28 4 x 4 mm package information
2026-07-26 21:51:57 | stm32l021d4 | table_70 | page=102 | Y=7 Package information | outline/toc=7.4 UFQFPN20 package information
2026-07-26 21:51:57 | stm32l021d4 | table_71 | page=105 | Y=7 Package information | outline/toc=7.5 TSSOP20 package information
2026-07-26 21:51:57 | stm32l021d4 | table_72 | page=107 | Y=7 Package information | outline/toc=7.6 TSSOP14 package information
2026-07-26 21:52:10 | stm32h753ai | table_1 | page=2 | Y=4 DMA controllers to unload the CPU resolution) | outline/toc=
2026-07-26 21:52:10 | stm32h753ai | table_3 | page=30 | Y=3.6 Low-power strategy | outline/toc=3.7.1 Clock management
2026-07-26 21:52:10 | stm32h753ai | table_4 | page=39 | Y=3.23 Digital filter for sigma-delta modulators (DFSDM) | outline/toc=3.24 Digital camera interface (DCMI)
2026-07-26 21:52:10 | stm32h753ai | table_6 | page=48 | Y=3.32 Universal synchronous/asynchronous receiver transmitter | outline/toc=3.33 Low-power universal asynchronous receiver transmitter (LPUART)
2026-07-26 21:52:10 | stm32h753ai | table_14 | page=106 | Y=6.3.2 VCAP external capacitor | outline/toc=6.3.3 Operating conditions at power-up / power-down
2026-07-26 21:52:10 | stm32h753ai | table_18 | page=109 | Y=6.3.5 Embedded reference voltage | outline/toc=6.3.6 Supply current characteristics
2026-07-26 21:52:10 | stm32h753ai | table_34 | page=126 | Y=8 MHz | outline/toc=6.3.8 External clock source characteristics
2026-07-26 21:52:10 | stm32h753ai | table_38 | page=129 | Y=6.3.9 Internal clock source characteristics | outline/toc=6.3.10 PLL characteristics
2026-07-26 21:52:10 | stm32h753ai | table_46 | page=135 | Y=6.3.13 Absolute maximum ratings (electrical sensitivity) | outline/toc=6.3.14 I/O current injection characteristics
2026-07-26 21:52:10 | stm32h753ai | table_47 | page=135 | Y=6.3.13 Absolute maximum ratings (electrical sensitivity) | outline/toc=6.3.14 I/O current injection characteristics
2026-07-26 21:52:10 | stm32h753ai | table_48 | page=136 | Y=6.3.14 I/O current injection characteristics | outline/toc=6.3.15 I/O port characteristics
2026-07-26 21:52:10 | stm32h753ai | table_83 | page=176 | Y=6.3.24 Temperature and V monitoring | outline/toc=6.3.25 Voltage booster for analog switch
2026-07-26 21:52:10 | stm32h753ai | table_84 | page=176 | Y=6.3.24 Temperature and V monitoring | outline/toc=6.3.25 Voltage booster for analog switch
2026-07-26 21:52:10 | stm32h753ai | table_85 | page=176 | Y=6.3.24 Temperature and V monitoring | outline/toc=6.3.25 Voltage booster for analog switch
2026-07-26 21:52:11 | stm32h753ai | table_105 | page=202 | Y=6.3.32 Communications interfaces | outline/toc=6.3.33 JTAG/SWD interface characteristics
2026-07-26 21:52:11 | stm32h753ai | table_113 | page=211 | Y=7.3.2 VCAP external capacitor | outline/toc=7.3.3 Operating conditions at power-up / power-down
2026-07-26 21:52:11 | stm32h753ai | table_117 | page=214 | Y=7.3.5 Embedded reference voltage | outline/toc=7.3.6 Supply current characteristics
2026-07-26 21:52:11 | stm32h753ai | table_140 | page=237 | Y=7.3.11 Memory characteristics | outline/toc=7.3.12 EMC characteristics
2026-07-26 21:52:11 | stm32h753ai | table_151 | page=248 | Y=7.3.16 NRST pin characteristics | outline/toc=7.3.17 FMC characteristics
2026-07-26 21:52:11 | stm32h753ai | table_169 | page=269 | Y=7.3.17 FMC characteristics | outline/toc=7.3.18 Quad-SPI interface characteristics
2026-07-26 21:52:11 | stm32h753ai | table_181 | page=287 | Y=7.3.24 Temperature and V monitoring | outline/toc=7.3.25 Voltage booster for analog switch
2026-07-26 21:52:11 | stm32h753ai | table_182 | page=287 | Y=7.3.24 Temperature and V monitoring | outline/toc=7.3.25 Voltage booster for analog switch
2026-07-26 21:52:11 | stm32h753ai | table_183 | page=287 | Y=7.3.24 Temperature and V monitoring | outline/toc=7.3.25 Voltage booster for analog switch
2026-07-26 21:52:11 | stm32h753ai | table_190 | page=297 | Y=7.3.31 Timer characteristics | outline/toc=7.3.32 Communication interfaces
2026-07-26 21:52:11 | stm32h753ai | table_207 | page=319 | Y=8.1 Device marking | outline/toc=8.2 LQFP100 package information (1L)
2026-07-26 21:52:11 | stm32h753ai | table_208 | page=321 | Y=8.1 Device marking | outline/toc=8.3 TFBGA100 package information (A08Q)
2026-07-26 21:52:11 | stm32h753ai | table_209 | page=323 | Y=8.1 Device marking | outline/toc=8.3 TFBGA100 package information (A08Q)
2026-07-26 21:52:11 | stm32h753ai | table_210 | page=325 | Y=8.1 Device marking | outline/toc=8.4 LQFP144 package information (1A)
2026-07-26 21:52:11 | stm32h753ai | table_211 | page=328 | Y=8.1 Device marking | outline/toc=8.5 UFBGA169 package information (A0YV)
2026-07-26 21:52:11 | stm32h753ai | table_212 | page=330 | Y=8.1 Device marking | outline/toc=8.5 UFBGA169 package information (A0YV)
2026-07-26 21:52:11 | stm32h753ai | table_213 | page=332 | Y=8.1 Device marking | outline/toc=8.6 LQFP176 package information (1T)
2026-07-26 21:52:11 | stm32h753ai | table_214 | page=336 | Y=8.1 Device marking | outline/toc=8.7 LQFP208 package information (UH)
2026-07-26 21:52:11 | stm32h753ai | table_215 | page=338 | Y=8.1 Device marking | outline/toc=8.7 LQFP208 package information (UH)
2026-07-26 21:52:11 | stm32h753ai | table_216 | page=339 | Y=8.1 Device marking | outline/toc=8.7 LQFP208 package information (UH)
2026-07-26 21:52:11 | stm32h753ai | table_217 | page=341 | Y=8.1 Device marking | outline/toc=8.7 LQFP208 package information (UH)
2026-07-26 21:52:11 | stm32h753ai | table_218 | page=341 | Y=8.1 Device marking | outline/toc=8.7 LQFP208 package information (UH)
2026-07-26 21:52:11 | stm32h753ai | table_219 | page=342 | Y=8.1 Device marking | outline/toc=8.7 LQFP208 package information (UH)
2026-07-26 21:52:11 | stm32h753ai | table_220 | page=343 | Y=8.1 Device marking | outline/toc=8.10 Thermal characteristics
2026-07-26 21:52:16 | stm32l031c4 | table_8 | page=28 | Y=3.12.1 Internal voltage reference (V ) | outline/toc=3.14 System configuration controller
2026-07-26 21:52:16 | stm32l031c4 | table_9 | page=29 | Y=3.15 Timers and watchdogs | outline/toc=3.15.1 General-purpose timers (TIM2, TIM21 and TIM22)
2026-07-26 21:52:16 | stm32l031c4 | table_10 | page=31 | Y=3.16 Communication interfaces | outline/toc=3.16.2 Universal synchronous/asynchronous receiver transmitter (USART)
2026-07-26 21:52:16 | stm32l031c4 | table_11 | page=31 | Y=3.16 Communication interfaces | outline/toc=3.16.2 Universal synchronous/asynchronous receiver transmitter (USART)
2026-07-26 21:52:16 | stm32l031c4 | table_12 | page=32 | Y=3.16.2 Universal synchronous/asynchronous receiver transmitter (USART) | outline/toc=3.16.3 Low-power universal asynchronous receiver transmitter (LPUART)
2026-07-26 21:52:16 | stm32l031c4 | table_13 | page=33 | Y=3.16.4 Serial peripheral interface (SPI) | outline/toc=3.18 Serial wire debug port (SW-DP)
2026-07-26 21:52:16 | stm32l031c4 | table_35 | page=66 | Y=6.3.4 Supply current characteristics | outline/toc=6.3.5 Wakeup time from low-power mode
2026-07-26 21:52:16 | stm32l031c4 | table_44 | page=75 | Y=6.3.8 PLL characteristics | outline/toc=6.3.9 Memory characteristics
2026-07-26 21:52:16 | stm32l031c4 | table_49 | page=78 | Y=6.3.10 EMC characteristics | outline/toc=6.3.11 Electrical sensitivity characteristics
2026-07-26 21:52:16 | stm32l031c4 | table_51 | page=79 | Y=6.3.11 Electrical sensitivity characteristics | outline/toc=6.3.12 I/O current injection characteristics
2026-07-26 21:52:16 | stm32l031c4 | table_61 | page=89 | Y=6.3.16 Temperature sensor characteristics | outline/toc=6.3.17 Comparators
2026-07-26 21:52:16 | stm32l031c4 | table_63 | page=90 | Y=6.3.17 Comparators | outline/toc=6.3.18 Timer characteristics
2026-07-26 21:52:16 | stm32l031c4 | table_69 | page=98 | Y=7 Package information | outline/toc=7.1 LQFP48 package information
2026-07-26 21:52:16 | stm32l031c4 | table_70 | page=102 | Y=7 Package information | outline/toc=7.2 UFQFPN48 package information
2026-07-26 21:52:16 | stm32l031c4 | table_71 | page=105 | Y=7 Package information | outline/toc=7.3 LQFP32 package information
2026-07-26 21:52:16 | stm32l031c4 | table_72 | page=107 | Y=7 Package information | outline/toc=7.4 UFQFPN32 package information
2026-07-26 21:52:16 | stm32l031c4 | table_73 | page=109 | Y=7 Package information | outline/toc=7.5 UFQFPN28 package information
2026-07-26 21:52:16 | stm32l031c4 | table_74 | page=112 | Y=7 Package information | outline/toc=7.6 WLCSP25 package information
2026-07-26 21:52:16 | stm32l031c4 | table_75 | page=113 | Y=7 Package information | outline/toc=7.6 WLCSP25 package information
2026-07-26 21:52:16 | stm32l031c4 | table_76 | page=115 | Y=7 Package information | outline/toc=7.7 TSSOP20 package information
2026-07-26 21:52:18 | stm32l041c6 | table_7 | page=26 | Y=3.11 Temperature sensor | outline/toc=3.11.1 Internal voltage reference (V )
2026-07-26 21:52:18 | stm32l041c6 | table_9 | page=28 | Y=3.15 Timers and watchdogs | outline/toc=3.15.1 General-purpose timers (TIM2, TIM21 and TIM22)
2026-07-26 21:52:18 | stm32l041c6 | table_10 | page=30 | Y=3.16 Communication interfaces | outline/toc=3.16.1 I2C bus
2026-07-26 21:52:18 | stm32l041c6 | table_11 | page=30 | Y=3.16 Communication interfaces | outline/toc=3.16.1 I2C bus
2026-07-26 21:52:18 | stm32l041c6 | table_12 | page=31 | Y=3.16.2 Universal synchronous/asynchronous receiver transmitter (USART) | outline/toc=3.16.3 Low-power universal asynchronous receiver transmitter (LPUART)
2026-07-26 21:52:18 | stm32l041c6 | table_13 | page=32 | Y=3.16.4 Serial peripheral interface (SPI) | outline/toc=3.18 Serial wire debug port (SW-DP)
2026-07-26 21:52:18 | stm32l041c6 | table_35 | page=65 | Y=6.3.4 Supply current characteristics | outline/toc=6.3.5 Wakeup time from low-power mode
2026-07-26 21:52:18 | stm32l041c6 | table_49 | page=77 | Y=6.3.10 EMC characteristics | outline/toc=6.3.11 Electrical sensitivity characteristics
2026-07-26 21:52:18 | stm32l041c6 | table_51 | page=78 | Y=6.3.11 Electrical sensitivity characteristics | outline/toc=6.3.12 I/O current injection characteristics
2026-07-26 21:52:18 | stm32l041c6 | table_61 | page=88 | Y=6.3.16 Temperature sensor characteristics | outline/toc=6.3.17 Comparators
2026-07-26 21:52:18 | stm32l041c6 | table_63 | page=89 | Y=6.3.17 Comparators | outline/toc=6.3.18 Timer characteristics
2026-07-26 21:52:18 | stm32l041c6 | table_69 | page=97 | Y=7 Package information | outline/toc=7.1 LQFP48 package information
2026-07-26 21:52:18 | stm32l041c6 | table_70 | page=101 | Y=7 Package information | outline/toc=7.2 UFQFPN48 package information
2026-07-26 21:52:18 | stm32l041c6 | table_71 | page=103 | Y=7 Package information | outline/toc=7.3 LQFP32 package information
2026-07-26 21:52:18 | stm32l041c6 | table_72 | page=105 | Y=7 Package information | outline/toc=7.4 UFQFPN32 package information
2026-07-26 21:52:18 | stm32l041c6 | table_73 | page=107 | Y=7 Package information | outline/toc=7.5 UFQFPN28 package information
2026-07-26 21:52:18 | stm32l041c6 | table_74 | page=110 | Y=7 Package information | outline/toc=7.6 WLCSP25 package information
2026-07-26 21:52:18 | stm32l041c6 | table_75 | page=111 | Y=7 Package information | outline/toc=7.6 WLCSP25 package information
2026-07-26 21:52:19 | stm32l041c6 | table_76 | page=113 | Y=7 Package information | outline/toc=7.7 TSSOP20 package information
2026-07-26 21:52:28 | stm32l051c6 | table_7 | page=27 | Y=3.12 Temperature sensor | outline/toc=3.13 Ultra-low-power comparators and reference voltage
2026-07-26 21:52:28 | stm32l051c6 | table_8 | page=27 | Y=3.12.1 Internal voltage reference (V ) | outline/toc=3.13 Ultra-low-power comparators and reference voltage
2026-07-26 21:52:28 | stm32l051c6 | table_9 | page=28 | Y=3.15 Timers and watchdogs | outline/toc=3.15.1 General-purpose timers (TIM2, TIM21 and TIM22)
2026-07-26 21:52:28 | stm32l051c6 | table_10 | page=30 | Y=3.16 Communication interfaces | outline/toc=3.16.1 I2C bus
2026-07-26 21:52:28 | stm32l051c6 | table_11 | page=30 | Y=3.16 Communication interfaces | outline/toc=3.16.1 I2C bus
2026-07-26 21:52:28 | stm32l051c6 | table_12 | page=31 | Y=4 Mbit/s | outline/toc=3.16.3 Low-power universal asynchronous receiver transmitter (LPUART)
2026-07-26 21:52:28 | stm32l051c6 | table_13 | page=32 | Y=3.16.3 Low-power universal asynchronous receiver transmitter (LPUART) | outline/toc=3.18 Serial wire debug port (SW-DP)
2026-07-26 21:52:28 | stm32l051c6 | table_14 | page=37 | Y=3.18 Serial wire debug port (SW-DP) | outline/toc=4 Pin descriptions
2026-07-26 21:52:28 | stm32l051c6 | table_15 | page=38 | Y=3.18 Serial wire debug port (SW-DP) | outline/toc=4 Pin descriptions
2026-07-26 21:52:28 | stm32l051c6 | table_16 | page=43 | Y=3.18 Serial wire debug port (SW-DP) | outline/toc=4 Pin descriptions
2026-07-26 21:52:28 | stm32l051c6 | table_17 | page=44 | Y=3.18 Serial wire debug port (SW-DP) | outline/toc=4 Pin descriptions
2026-07-26 21:52:29 | stm32l051c6 | table_36 | page=64 | Y=6.3.3 Embedded internal reference voltage | outline/toc=6.3.4 Supply current characteristics
2026-07-26 21:52:29 | stm32l051c6 | table_46 | page=73 | Y=6.3.9 Memory characteristics | outline/toc=6.3.8 PLL characteristics
2026-07-26 21:52:29 | stm32l051c6 | table_47 | page=73 | Y=6.3.9 Memory characteristics | outline/toc=6.3.8 PLL characteristics
2026-07-26 21:52:29 | stm32l051c6 | table_65 | page=91 | Y=6.3.18 Timer characteristics | outline/toc=6.3.19 Communications interfaces
2026-07-26 21:52:29 | stm32l051c6 | table_71 | page=101 | Y=7 Package information | outline/toc=7.1 LQFP64 package information
2026-07-26 21:52:29 | stm32l051c6 | table_72 | page=104 | Y=7 Package information | outline/toc=7.2 TFBGA64 package information
2026-07-26 21:52:29 | stm32l051c6 | table_73 | page=105 | Y=7 Package information | outline/toc=7.2 TFBGA64 package information
2026-07-26 21:52:29 | stm32l051c6 | table_74 | page=108 | Y=7 Package information | outline/toc=7.3 LQFP48 package information
2026-07-26 21:52:29 | stm32l051c6 | table_75 | page=111 | Y=7 Package information | outline/toc=7.4 UFQFPN48 package information
2026-07-26 21:52:29 | stm32l051c6 | table_76 | page=112 | Y=7 Package information | outline/toc=7.5 Standard WLCSP36 package information
2026-07-26 21:52:29 | stm32l051c6 | table_77 | page=113 | Y=7 Package information | outline/toc=7.5 Standard WLCSP36 package information
2026-07-26 21:52:29 | stm32l051c6 | table_78 | page=116 | Y=7 Package information | outline/toc=7.6 Thin WLCSP36 package information
2026-07-26 21:52:29 | stm32l051c6 | table_79 | page=117 | Y=7 Package information | outline/toc=7.7 LQFP32 package information
2026-07-26 21:52:29 | stm32l051c6 | table_80 | page=118 | Y=7 Package information | outline/toc=7.7 LQFP32 package information
2026-07-26 21:52:29 | stm32l051c6 | table_81 | page=121 | Y=7 Package information | outline/toc=7.8 UFQFPN32 package information
2026-07-26 21:52:38 | stm32h7r3a8 | table_4 | page=31 | Y=3.6 Low-power modes | outline/toc=3.7 Reset and clock controller (RCC)
2026-07-26 21:52:38 | stm32h7r3a8 | table_5 | page=31 | Y=3.6 Low-power modes | outline/toc=3.7 Reset and clock controller (RCC)
2026-07-26 21:52:38 | stm32h7r3a8 | table_7 | page=51 | Y=3.19.1 XSPI I/O manager (XSPIM) | outline/toc=3.19.2 Extended-SPI interface (XSPI)
2026-07-26 21:52:38 | stm32h7r3a8 | table_10 | page=55 | Y=3.25 Audio digital filter (ADF) | outline/toc=3.26 Digital camera interface (DCMIPP)
2026-07-26 21:52:38 | stm32h7r3a8 | table_12 | page=63 | Y=3.35 Tamper and backup registers (TAMP) | outline/toc=3.37 Improved inter-integrated circuit (I3C)
2026-07-26 21:52:38 | stm32h7r3a8 | table_13 | page=64 | Y=3.35 Tamper and backup registers (TAMP) | outline/toc=3.38.2 Low-power universal asynchronous receiver transmitter (LPUART)
2026-07-26 21:52:38 | stm32h7r3a8 | table_14 | page=66 | Y=3.39.3 SPI implementation | outline/toc=3.40.1 SAI main features
2026-07-26 21:52:38 | stm32h7r3a8 | table_15 | page=67 | Y=3.40.2 SAI implementation | outline/toc=3.41 SPDIFRX receiver interface (SPDIFRX)
2026-07-26 21:52:38 | stm32h7r3a8 | table_16 | page=69 | Y=3.43 Secure digital input/output MultiMediaCard interface | outline/toc=3.44 Controller area network (FDCAN1, FDCAN2)
2026-07-26 21:52:38 | stm32h7r3a8 | table_17 | page=70 | Y=3.43 Secure digital input/output MultiMediaCard interface | outline/toc=3.44 Controller area network (FDCAN1, FDCAN2)
2026-07-26 21:52:38 | stm32h7r3a8 | table_26 | page=157 | Y=6.3.2 VCAP external capacitor | outline/toc=6.3.3 SMPS step-down converter
2026-07-26 21:52:38 | stm32h7r3a8 | table_30 | page=162 | Y=6.3.4 Operating conditions at power-up / power-down | outline/toc=6.3.5 Embedded reset and power control block characteristics
2026-07-26 21:52:38 | stm32h7r3a8 | table_57 | page=193 | Y=8 MHz | outline/toc=6.3.9 External clock source characteristics
2026-07-26 21:52:38 | stm32h7r3a8 | table_64 | page=200 | Y=6.3.11 PLL characteristics | outline/toc=6.3.12 EMC characteristics
2026-07-26 21:52:38 | stm32h7r3a8 | table_69 | page=203 | Y=6.3.14 I/O current injection characteristics | outline/toc=6.3.15 I/O port characteristics
2026-07-26 21:52:38 | stm32h7r3a8 | table_78 | page=217 | Y=6.3.16 NRST pin characteristics | outline/toc=6.3.17 FMC characteristics
2026-07-26 21:52:38 | stm32h7r3a8 | table_107 | page=253 | Y=6.3.23 Voltage booster for analog switch | outline/toc=6.3.25 V monitoring characteristics
2026-07-26 21:52:38 | stm32h7r3a8 | table_108 | page=253 | Y=6.3.24 Digital temperature sensor characteristics | outline/toc=6.3.25 V monitoring characteristics
2026-07-26 21:52:38 | stm32h7r3a8 | table_118 | page=263 | Y=6.3.31 Timer characteristics | outline/toc=6.3.32 Low-power timer characteristics
2026-07-26 21:52:38 | stm32h7r3a8 | table_139 | page=287 | Y=7.1 Device marking | outline/toc=7.2 VFQFPN68 package information (B029)
2026-07-26 21:52:38 | stm32h7r3a8 | table_140 | page=289 | Y=7.1 Device marking | outline/toc=7.3 LQFP100 package information (1L)
2026-07-26 21:52:38 | stm32h7r3a8 | table_141 | page=292 | Y=7.1 Device marking | outline/toc=7.4 TFBGA100 package information (A08Q)
2026-07-26 21:52:38 | stm32h7r3a8 | table_142 | page=293 | Y=7.1 Device marking | outline/toc=7.4 TFBGA100 package information (A08Q)
2026-07-26 21:52:38 | stm32h7r3a8 | table_143 | page=295 | Y=7.1 Device marking | outline/toc=7.5 LQFP144 package information (1A)
2026-07-26 21:52:38 | stm32h7r3a8 | table_144 | page=298 | Y=7.1 Device marking | outline/toc=7.6 UFBGA144 package information (A02Y)
2026-07-26 21:52:38 | stm32h7r3a8 | table_145 | page=299 | Y=7.1 Device marking | outline/toc=7.6 UFBGA144 package information (A02Y)
2026-07-26 21:52:38 | stm32h7r3a8 | table_146 | page=301 | Y=7.1 Device marking | outline/toc=7.7 UFBGA169 package information (A0YV)
2026-07-26 21:52:38 | stm32h7r3a8 | table_147 | page=302 | Y=7.1 Device marking | outline/toc=7.7 UFBGA169 package information (A0YV)
2026-07-26 21:52:38 | stm32h7r3a8 | table_148 | page=304 | Y=7.1 Device marking | outline/toc=7.8 LQFP176 package information (1T)
2026-07-26 21:52:38 | stm32h7r3a8 | table_149 | page=308 | Y=7.1 Device marking | outline/toc=7.9 WLCSP101 package information (B0FA)
2026-07-26 21:52:38 | stm32h7r3a8 | table_150 | page=309 | Y=7.1 Device marking | outline/toc=7.9 WLCSP101 package information (B0FA)
2026-07-26 21:52:38 | stm32h7r3a8 | table_151 | page=311 | Y=7.1 Device marking | outline/toc=7.9.1 Device marking for WLCSP101
2026-07-26 21:52:38 | stm32h7r3a8 | table_152 | page=312 | Y=7.1 Device marking | outline/toc=7.9.1 Device marking for WLCSP101
2026-07-26 21:52:38 | stm32h7r3a8 | table_153 | page=314 | Y=7.1 Device marking | outline/toc=7.11 TFBGA225 package information (B04V)
2026-07-26 21:52:38 | stm32h7r3a8 | table_154 | page=315 | Y=7.1 Device marking | outline/toc=7.11 TFBGA225 package information (B04V)
2026-07-26 21:52:40 | stm32l053c6 | table_6 | page=29 | Y=3.13 Temperature sensor | outline/toc=3.13.1 Internal voltage reference (V )
2026-07-26 21:52:40 | stm32l053c6 | table_9 | page=32 | Y=3.18 Timers and watchdogs | outline/toc=3.18.1 General-purpose timers (TIM2, TIM21 and TIM22)
2026-07-26 21:52:40 | stm32l053c6 | table_10 | page=34 | Y=3.19 Communication interfaces | outline/toc=3.19.1 I2C bus
2026-07-26 21:52:40 | stm32l053c6 | table_11 | page=34 | Y=3.19 Communication interfaces | outline/toc=3.19.1 I2C bus
2026-07-26 21:52:40 | stm32l053c6 | table_12 | page=35 | Y=4 Mbit/s | outline/toc=3.19.3 Low-power universal asynchronous receiver transmitter (LPUART)
2026-07-26 21:52:40 | stm32l053c6 | table_13 | page=36 | Y=3.19.3 Low-power universal asynchronous receiver transmitter (LPUART) | outline/toc=3.19.5 Universal serial bus (USB)
2026-07-26 21:52:40 | stm32l053c6 | table_14 | page=41 | Y=3.22 Serial wire debug port (SW-DP) | outline/toc=4 Pin descriptions
2026-07-26 21:52:40 | stm32l053c6 | table_15 | page=41 | Y=3.22 Serial wire debug port (SW-DP) | outline/toc=4 Pin descriptions
2026-07-26 21:52:40 | stm32l053c6 | table_16 | page=47 | Y=3.22 Serial wire debug port (SW-DP) | outline/toc=4 Pin descriptions
2026-07-26 21:52:40 | stm32l053c6 | table_17 | page=48 | Y=3.22 Serial wire debug port (SW-DP) | outline/toc=4 Pin descriptions
2026-07-26 21:52:40 | stm32l053c6 | table_18 | page=49 | Y=3.22 Serial wire debug port (SW-DP) | outline/toc=4 Pin descriptions
2026-07-26 21:52:40 | stm32l053c6 | table_19 | page=49 | Y=3.22 Serial wire debug port (SW-DP) | outline/toc=4 Pin descriptions
2026-07-26 21:52:40 | stm32l053c6 | table_20 | page=50 | Y=3.22 Serial wire debug port (SW-DP) | outline/toc=4 Pin descriptions
2026-07-26 21:52:40 | stm32l053c6 | table_38 | page=70 | Y=6.3.4 Supply current characteristics | outline/toc=6.3.11 Electrical sensitivity characteristics
2026-07-26 21:52:40 | stm32l053c6 | table_39 | page=72 | Y=6.3.3 Embedded internal reference voltage | outline/toc=6.3.5 Wake-up time from low-power mode
2026-07-26 21:52:40 | stm32l053c6 | table_55 | page=85 | Y=6.3.11 Electrical sensitivity characteristics | outline/toc=6.3.10 EMC characteristics
2026-07-26 21:52:40 | stm32l053c6 | table_56 | page=85 | Y=6.3.11 Electrical sensitivity characteristics | outline/toc=6.3.10 EMC characteristics
2026-07-26 21:52:40 | stm32l053c6 | table_59 | page=89 | Y=1.3 VILmax | outline/toc=6.3.13 I/O port characteristics
2026-07-26 21:52:40 | stm32l053c6 | table_60 | page=90 | Y=1.3 VILmax | outline/toc=6.3.13 I/O port characteristics
2026-07-26 21:52:40 | stm32l053c6 | table_66 | page=101 | Y=6.3.17 Temperature sensor characteristics | outline/toc=6.3.18 Comparators
2026-07-26 21:52:40 | stm32l053c6 | table_67 | page=101 | Y=6.3.17 Temperature sensor characteristics | outline/toc=6.3.18 Comparators
2026-07-26 21:52:40 | stm32l053c6 | table_70 | page=103 | Y=6.3.19 Timer characteristics | outline/toc=6.3.20 Communications interfaces
2026-07-26 21:52:40 | stm32l053c6 | table_78 | page=113 | Y=6.3.20 Communications interfaces | outline/toc=6.3.21 LCD controller
2026-07-26 21:52:40 | stm32l053c6 | table_80 | page=117 | Y=7.1 Device marking | outline/toc=7.2 LQFP64 package information (5W)
2026-07-26 21:52:40 | stm32l053c6 | table_81 | page=120 | Y=7.1 Device marking | outline/toc=7.3 TFBGA64 package information (R8)
2026-07-26 21:52:40 | stm32l053c6 | table_82 | page=121 | Y=7.1 Device marking | outline/toc=7.3 TFBGA64 package information (R8)
2026-07-26 21:52:40 | stm32l053c6 | table_83 | page=124 | Y=7.1 Device marking | outline/toc=7.4 LQFP48 package information (5B)
2026-07-26 21:52:40 | stm32l053c6 | table_84 | page=128 | Y=7.1 Device marking | outline/toc=7.5 UFQFPN48 package information (A0B9)
2026-07-26 21:52:45 | stm32l052c6 | table_1 | page=1 | Y=1.65 V) | outline/toc=
2026-07-26 21:52:45 | stm32l052c6 | table_7 | page=30 | Y=3.12 Temperature sensor | outline/toc=3.13 Digital-to-analog converter (DAC)
2026-07-26 21:52:45 | stm32l052c6 | table_8 | page=30 | Y=3.12.1 Internal voltage reference (V ) | outline/toc=3.13 Digital-to-analog converter (DAC)
2026-07-26 21:52:45 | stm32l052c6 | table_9 | page=32 | Y=3.16 Touch sensing controller (TSC) | outline/toc=3.17 Timers and watchdogs
2026-07-26 21:52:45 | stm32l052c6 | table_11 | page=34 | Y=3.18 Communication interfaces | outline/toc=3.18.1 I2C bus
2026-07-26 21:52:45 | stm32l052c6 | table_12 | page=35 | Y=3.18 Communication interfaces | outline/toc=3.18.2 Universal synchronous/asynchronous receiver transmitter (USART)
2026-07-26 21:52:45 | stm32l052c6 | table_13 | page=35 | Y=4 Mbit/s | outline/toc=3.18.2 Universal synchronous/asynchronous receiver transmitter (USART)
2026-07-26 21:52:45 | stm32l052c6 | table_14 | page=37 | Y=3.18.3 Low-power universal asynchronous receiver transmitter (LPUART) | outline/toc=3.21 Serial wire debug port (SW-DP)
2026-07-26 21:52:45 | stm32l052c6 | table_15 | page=42 | Y=3.21 Serial wire debug port (SW-DP) | outline/toc=4 Pin descriptions
2026-07-26 21:52:45 | stm32l052c6 | table_16 | page=43 | Y=3.21 Serial wire debug port (SW-DP) | outline/toc=4 Pin descriptions
2026-07-26 21:52:45 | stm32l052c6 | table_17 | page=49 | Y=3.21 Serial wire debug port (SW-DP) | outline/toc=4 Pin descriptions
2026-07-26 21:52:45 | stm32l052c6 | table_18 | page=50 | Y=3.21 Serial wire debug port (SW-DP) | outline/toc=4 Pin descriptions
2026-07-26 21:52:45 | stm32l052c6 | table_19 | page=51 | Y=3.21 Serial wire debug port (SW-DP) | outline/toc=4 Pin descriptions
2026-07-26 21:52:45 | stm32l052c6 | table_20 | page=52 | Y=3.21 Serial wire debug port (SW-DP) | outline/toc=4 Pin descriptions
2026-07-26 21:52:45 | stm32l052c6 | table_21 | page=52 | Y=3.21 Serial wire debug port (SW-DP) | outline/toc=4 Pin descriptions
2026-07-26 21:52:45 | stm32l052c6 | table_40 | page=73 | Y=6.3.3 Embedded internal reference voltage | outline/toc=6.3.5 Wakeup time from low-power mode
2026-07-26 21:52:45 | stm32l052c6 | table_60 | page=90 | Y=1.3 VILmax | outline/toc=6.3.13 I/O port characteristics
2026-07-26 21:52:45 | stm32l052c6 | table_61 | page=91 | Y=1.3 VILmax | outline/toc=6.3.13 I/O port characteristics
2026-07-26 21:52:45 | stm32l052c6 | table_67 | page=102 | Y=6.3.17 Temperature sensor characteristics | outline/toc=6.3.18 Comparators
2026-07-26 21:52:45 | stm32l052c6 | table_68 | page=102 | Y=6.3.17 Temperature sensor characteristics | outline/toc=6.3.18 Comparators
2026-07-26 21:52:45 | stm32l052c6 | table_71 | page=104 | Y=6.3.19 Timer characteristics | outline/toc=6.3.20 Communications interfaces
2026-07-26 21:52:45 | stm32l052c6 | table_80 | page=116 | Y=7 Package information | outline/toc=7.1 LQFP64 package information
2026-07-26 21:52:45 | stm32l052c6 | table_81 | page=119 | Y=7 Package information | outline/toc=7.2 TFBGA64 package information
2026-07-26 21:52:45 | stm32l052c6 | table_82 | page=120 | Y=7 Package information | outline/toc=7.2 TFBGA64 package information
2026-07-26 21:52:45 | stm32l052c6 | table_83 | page=123 | Y=7 Package information | outline/toc=7.3 LQFP48 package information
2026-07-26 21:52:45 | stm32l052c6 | table_84 | page=126 | Y=7 Package information | outline/toc=7.4 UFQFPN48 package information
2026-07-26 21:52:45 | stm32l052c6 | table_85 | page=128 | Y=7 Package information | outline/toc=7.5 Standard WLCSP36 package information
2026-07-26 21:52:45 | stm32l052c6 | table_86 | page=129 | Y=7 Package information | outline/toc=7.5 Standard WLCSP36 package information
2026-07-26 21:52:45 | stm32l052c6 | table_87 | page=132 | Y=7 Package information | outline/toc=7.6 Thin WLCSP36 package information
2026-07-26 21:52:45 | stm32l052c6 | table_88 | page=133 | Y=7 Package information | outline/toc=7.6 Thin WLCSP36 package information
2026-07-26 21:52:45 | stm32l052c6 | table_89 | page=135 | Y=7 Package information | outline/toc=7.7 LQFP32 package information
2026-07-26 21:52:45 | stm32l052c6 | table_90 | page=138 | Y=7 Package information | outline/toc=7.8 UFQFPN32 package information
2026-07-26 21:52:47 | stm32l062c8 | table_6 | page=28 | Y=3.12 Temperature sensor | outline/toc=3.13 Digital-to-analog converter (DAC)
2026-07-26 21:52:47 | stm32l062c8 | table_7 | page=28 | Y=3.12.1 Internal voltage reference (V ) | outline/toc=3.13 Digital-to-analog converter (DAC)
2026-07-26 21:52:47 | stm32l062c8 | table_8 | page=30 | Y=3.16 Touch sensing controller (TSC) | outline/toc=3.17 AES
2026-07-26 21:52:47 | stm32l062c8 | table_9 | page=31 | Y=3.18 Timers and watchdogs | outline/toc=3.18.1 General-purpose timers (TIM2, TIM21 and TIM22)
2026-07-26 21:52:47 | stm32l062c8 | table_10 | page=33 | Y=3.19 Communication interfaces | outline/toc=3.19.1 I2C bus
2026-07-26 21:52:47 | stm32l062c8 | table_11 | page=33 | Y=3.19 Communication interfaces | outline/toc=3.19.1 I2C bus
2026-07-26 21:52:47 | stm32l062c8 | table_12 | page=34 | Y=4 Mbit/s | outline/toc=3.19.3 Low-power universal asynchronous receiver transmitter (LPUART)
2026-07-26 21:52:47 | stm32l062c8 | table_13 | page=35 | Y=3.19.3 Low-power universal asynchronous receiver transmitter (LPUART) | outline/toc=3.20 Clock recovery system (CRS)
2026-07-26 21:52:47 | stm32l062c8 | table_14 | page=39 | Y=3.22 Serial wire debug port (SW-DP) | outline/toc=4 Pin descriptions
2026-07-26 21:52:47 | stm32l062c8 | table_15 | page=39 | Y=3.22 Serial wire debug port (SW-DP) | outline/toc=4 Pin descriptions
2026-07-26 21:52:47 | stm32l062c8 | table_16 | page=44 | Y=3.22 Serial wire debug port (SW-DP) | outline/toc=4 Pin descriptions
2026-07-26 21:52:47 | stm32l062c8 | table_17 | page=45 | Y=3.22 Serial wire debug port (SW-DP) | outline/toc=4 Pin descriptions
2026-07-26 21:52:47 | stm32l062c8 | table_34 | page=63 | Y=6.3.3 Embedded internal reference voltage | outline/toc=6.3.4 Supply current characteristics
2026-07-26 21:52:47 | stm32l062c8 | table_52 | page=79 | Y=1.3 VILmax | outline/toc=6.3.13 I/O port characteristics
2026-07-26 21:52:47 | stm32l062c8 | table_53 | page=80 | Y=1.3 VILmax | outline/toc=6.3.13 I/O port characteristics
2026-07-26 21:52:47 | stm32l062c8 | table_59 | page=91 | Y=6.3.17 Temperature sensor characteristics | outline/toc=6.3.18 Comparators
2026-07-26 21:52:47 | stm32l062c8 | table_60 | page=91 | Y=6.3.17 Temperature sensor characteristics | outline/toc=6.3.18 Comparators
2026-07-26 21:52:47 | stm32l062c8 | table_63 | page=93 | Y=6.3.19 Timer characteristics | outline/toc=6.3.20 Communications interfaces
2026-07-26 21:52:48 | stm32l062c8 | table_71 | page=103 | Y=7 Package information | outline/toc=7.1 UFQFPN48 package information
2026-07-26 21:52:48 | stm32l062c8 | table_72 | page=105 | Y=7 Package information | outline/toc=7.2 Standard WLCSP36 package information
2026-07-26 21:52:48 | stm32l062c8 | table_73 | page=106 | Y=7 Package information | outline/toc=7.2 Standard WLCSP36 package information
2026-07-26 21:52:48 | stm32l062c8 | table_74 | page=108 | Y=7 Package information | outline/toc=7.3 Thin WLCSP36 package information
2026-07-26 21:52:48 | stm32l062c8 | table_75 | page=109 | Y=7 Package information | outline/toc=7.4 LQFP32 package information
2026-07-26 21:52:48 | stm32l062c8 | table_76 | page=110 | Y=7 Package information | outline/toc=7.4 LQFP32 package information
2026-07-26 21:52:48 | stm32l062c8 | table_77 | page=113 | Y=7 Package information | outline/toc=7.5 UFQFPN32 package information
2026-07-26 21:52:52 | stm32l063c8 | table_6 | page=28 | Y=3.13 Temperature sensor | outline/toc=3.13.1 Internal voltage reference (V )
2026-07-26 21:52:52 | stm32l063c8 | table_9 | page=31 | Y=3.19 Timers and watchdogs | outline/toc=3.19.1 General-purpose timers (TIM2, TIM21 and TIM22)
2026-07-26 21:52:52 | stm32l063c8 | table_10 | page=33 | Y=3.20 Communication interfaces | outline/toc=3.20.1 I2C bus
2026-07-26 21:52:52 | stm32l063c8 | table_11 | page=33 | Y=3.20 Communication interfaces | outline/toc=3.20.1 I2C bus
2026-07-26 21:52:52 | stm32l063c8 | table_12 | page=34 | Y=4 Mbit/s | outline/toc=3.20.3 Low-power universal asynchronous receiver transmitter (LPUART)
2026-07-26 21:52:52 | stm32l063c8 | table_13 | page=35 | Y=3.20.3 Low-power universal asynchronous receiver transmitter (LPUART) | outline/toc=3.20.4 Serial peripheral interface (SPI)/Inter-integrated sound (I2S)
2026-07-26 21:52:52 | stm32l063c8 | table_14 | page=39 | Y=3.23 Serial wire debug port (SW-DP) | outline/toc=4 Pin descriptions
2026-07-26 21:52:52 | stm32l063c8 | table_15 | page=39 | Y=3.23 Serial wire debug port (SW-DP) | outline/toc=4 Pin descriptions
2026-07-26 21:52:52 | stm32l063c8 | table_16 | page=46 | Y=3.23 Serial wire debug port (SW-DP) | outline/toc=4 Pin descriptions
2026-07-26 21:52:52 | stm32l063c8 | table_17 | page=47 | Y=3.23 Serial wire debug port (SW-DP) | outline/toc=4 Pin descriptions
2026-07-26 21:52:52 | stm32l063c8 | table_18 | page=48 | Y=3.23 Serial wire debug port (SW-DP) | outline/toc=4 Pin descriptions
2026-07-26 21:52:52 | stm32l063c8 | table_19 | page=48 | Y=3.23 Serial wire debug port (SW-DP) | outline/toc=4 Pin descriptions
2026-07-26 21:52:52 | stm32l063c8 | table_20 | page=49 | Y=3.23 Serial wire debug port (SW-DP) | outline/toc=4 Pin descriptions
2026-07-26 21:52:52 | stm32l063c8 | table_38 | page=69 | Y=6.3.4 Supply current characteristics | outline/toc=6.3.12 I/O current injection characteristics
2026-07-26 21:52:52 | stm32l063c8 | table_39 | page=71 | Y=6.3.3 Embedded internal reference voltage | outline/toc=6.3.5 Wakeup time from low-power mode
2026-07-26 21:52:52 | stm32h7s3a8 | table_4 | page=31 | Y=3.6 Low-power modes | outline/toc=3.7 Reset and clock controller (RCC)
2026-07-26 21:52:52 | stm32h7s3a8 | table_5 | page=31 | Y=3.6 Low-power modes | outline/toc=3.7 Reset and clock controller (RCC)
2026-07-26 21:52:52 | stm32h7s3a8 | table_7 | page=51 | Y=3.19.1 XSPI I/O manager (XSPIM) | outline/toc=3.19.2 Extended-SPI interface (XSPI)
2026-07-26 21:52:52 | stm32l063c8 | table_57 | page=85 | Y=6.3.12 I/O current injection characteristics | outline/toc=6.3.11 Electrical sensitivity characteristics
2026-07-26 21:52:52 | stm32h7s3a8 | table_10 | page=55 | Y=3.25 Audio digital filter (ADF) | outline/toc=3.26 Digital camera interface (DCMIPP)
2026-07-26 21:52:52 | stm32l063c8 | table_59 | page=88 | Y=1.3 VILmax | outline/toc=6.3.13 I/O port characteristics
2026-07-26 21:52:52 | stm32l063c8 | table_60 | page=89 | Y=1.3 VILmax | outline/toc=6.3.13 I/O port characteristics
2026-07-26 21:52:52 | stm32h7s3a8 | table_12 | page=60 | Y=3.35.2 Memory cipher implementation | outline/toc=3.36 Timers and watchdogs
2026-07-26 21:52:52 | stm32h7s3a8 | table_14 | page=66 | Y=3.38 Tamper and backup registers (TAMP) | outline/toc=3.40 Improved inter-integrated circuit (I3C)
2026-07-26 21:52:52 | stm32h7s3a8 | table_15 | page=67 | Y=3.38 Tamper and backup registers (TAMP) | outline/toc=3.41.2 Low-power universal asynchronous receiver transmitter (LPUART)
2026-07-26 21:52:52 | stm32h7s3a8 | table_16 | page=69 | Y=3.42.3 SPI implementation | outline/toc=3.43.1 SAI main features
2026-07-26 21:52:52 | stm32l063c8 | table_70 | page=99 | Y=6.3.19 Timer characteristics | outline/toc=6.3.20 Communications interfaces
2026-07-26 21:52:52 | stm32h7s3a8 | table_17 | page=70 | Y=3.43.2 SAI implementation | outline/toc=3.44 SPDIFRX receiver interface (SPDIFRX)
2026-07-26 21:52:52 | stm32h7s3a8 | table_18 | page=72 | Y=3.46 Secure digital input/output MultiMediaCard interface | outline/toc=3.47 Controller area network (FDCAN1, FDCAN2)
2026-07-26 21:52:52 | stm32l063c8 | table_78 | page=109 | Y=6.3.20 Communications interfaces | outline/toc=6.3.21 LCD controller
2026-07-26 21:52:52 | stm32h7s3a8 | table_19 | page=73 | Y=3.46 Secure digital input/output MultiMediaCard interface | outline/toc=3.47 Controller area network (FDCAN1, FDCAN2)
2026-07-26 21:52:52 | stm32l063c8 | table_80 | page=112 | Y=7 Package information | outline/toc=7.1 LQFP64 package information
2026-07-26 21:52:52 | stm32l063c8 | table_81 | page=116 | Y=7 Package information | outline/toc=7.2 LQFP48 package information
2026-07-26 21:52:52 | stm32l063c8 | table_82 | page=119 | Y=7 Package information | outline/toc=7.3 UFQFPN48 package information
2026-07-26 21:52:52 | stm32h7s3a8 | table_28 | page=160 | Y=6.3.2 VCAP external capacitor | outline/toc=6.3.3 SMPS step-down converter
2026-07-26 21:52:52 | stm32h7s3a8 | table_32 | page=165 | Y=6.3.4 Operating conditions at power-up / power-down | outline/toc=6.3.5 Embedded reset and power control block characteristics
2026-07-26 21:52:52 | stm32h7s3a8 | table_59 | page=196 | Y=8 MHz | outline/toc=6.3.9 External clock source characteristics
2026-07-26 21:52:52 | stm32h7s3a8 | table_66 | page=203 | Y=6.3.11 PLL characteristics | outline/toc=6.3.12 EMC characteristics
2026-07-26 21:52:52 | stm32h7s3a8 | table_71 | page=206 | Y=6.3.14 I/O current injection characteristics | outline/toc=6.3.15 I/O port characteristics
2026-07-26 21:52:52 | stm32h7s3a8 | table_80 | page=220 | Y=6.3.16 NRST pin characteristics | outline/toc=6.3.17 FMC characteristics
2026-07-26 21:52:52 | stm32h7s3a8 | table_109 | page=256 | Y=6.3.23 Voltage booster for analog switch | outline/toc=6.3.25 V monitoring characteristics
2026-07-26 21:52:52 | stm32h7s3a8 | table_110 | page=256 | Y=6.3.24 Digital temperature sensor characteristics | outline/toc=6.3.25 V monitoring characteristics
2026-07-26 21:52:52 | stm32h7s3a8 | table_120 | page=266 | Y=6.3.31 Timer characteristics | outline/toc=6.3.32 Low-power timer characteristics
2026-07-26 21:52:52 | stm32h7s3a8 | table_141 | page=290 | Y=7.1 Device marking | outline/toc=7.2 VFQFPN68 package information (B029)
2026-07-26 21:52:52 | stm32h7s3a8 | table_142 | page=292 | Y=7.1 Device marking | outline/toc=7.3 LQFP100 package information (1L)
2026-07-26 21:52:52 | stm32h7s3a8 | table_143 | page=295 | Y=7.1 Device marking | outline/toc=7.4 TFBGA100 package information (A08Q)
2026-07-26 21:52:52 | stm32h7s3a8 | table_144 | page=296 | Y=7.1 Device marking | outline/toc=7.4 TFBGA100 package information (A08Q)
2026-07-26 21:52:52 | stm32h7s3a8 | table_145 | page=298 | Y=7.1 Device marking | outline/toc=7.5 LQFP144 package information (1A)
2026-07-26 21:52:52 | stm32h7s3a8 | table_146 | page=301 | Y=7.1 Device marking | outline/toc=7.6 UFBGA144 package information (A02Y)
2026-07-26 21:52:52 | stm32h7s3a8 | table_147 | page=302 | Y=7.1 Device marking | outline/toc=7.6 UFBGA144 package information (A02Y)
2026-07-26 21:52:52 | stm32h7s3a8 | table_148 | page=304 | Y=7.1 Device marking | outline/toc=7.7 UFBGA169 package information (A0YV)
2026-07-26 21:52:52 | stm32h7s3a8 | table_149 | page=305 | Y=7.1 Device marking | outline/toc=7.7 UFBGA169 package information (A0YV)
2026-07-26 21:52:52 | stm32h7s3a8 | table_150 | page=307 | Y=7.1 Device marking | outline/toc=7.8 LQFP176 package information (1T)
2026-07-26 21:52:52 | stm32h7s3a8 | table_151 | page=311 | Y=7.1 Device marking | outline/toc=7.9 WLCSP101 package information (B0FA)
2026-07-26 21:52:52 | stm32h7s3a8 | table_152 | page=312 | Y=7.1 Device marking | outline/toc=7.9 WLCSP101 package information (B0FA)
2026-07-26 21:52:52 | stm32h7s3a8 | table_153 | page=314 | Y=7.1 Device marking | outline/toc=7.9.1 Device marking for WLCSP101
2026-07-26 21:52:52 | stm32h7s3a8 | table_154 | page=315 | Y=7.1 Device marking | outline/toc=7.9.1 Device marking for WLCSP101
2026-07-26 21:52:52 | stm32h7s3a8 | table_155 | page=317 | Y=7.1 Device marking | outline/toc=7.11 TFBGA225 package information (B04V)
2026-07-26 21:52:52 | stm32h7s3a8 | table_156 | page=318 | Y=7.1 Device marking | outline/toc=7.11 TFBGA225 package information (B04V)
2026-07-26 21:53:06 | stm32l071c8 | table_7 | page=28 | Y=3.12 Temperature sensor | outline/toc=3.13 Ultra-low-power comparators and reference voltage
2026-07-26 21:53:06 | stm32l071c8 | table_8 | page=28 | Y=3.12.1 Internal voltage reference (V ) | outline/toc=3.13 Ultra-low-power comparators and reference voltage
2026-07-26 21:53:06 | stm32l071c8 | table_9 | page=29 | Y=3.14 Timers and watchdogs | outline/toc=3.14.1 General-purpose timers (TIM2, TIM3, TIM21 and TIM22)
2026-07-26 21:53:06 | stm32l071c8 | table_10 | page=31 | Y=3.15 Communication interfaces | outline/toc=3.15.1 I2C bus
2026-07-26 21:53:06 | stm32l071c8 | table_11 | page=31 | Y=3.15 Communication interfaces | outline/toc=3.15.1 I2C bus
2026-07-26 21:53:06 | stm32l071c8 | table_12 | page=32 | Y=3.15.2 Universal synchronous/asynchronous receiver transmitter (USART) | outline/toc=3.15.3 Low-power universal asynchronous receiver transmitter (LPUART)
2026-07-26 21:53:06 | stm32l071c8 | table_13 | page=33 | Y=3.15.3 Low-power universal asynchronous receiver transmitter (LPUART) | outline/toc=3.17 Serial wire debug port (SW-DP)
2026-07-26 21:53:06 | stm32l071c8 | table_40 | page=77 | Y=6.3.3 Embedded internal reference voltage | outline/toc=6.3.5 Wakeup time from low-power mode
2026-07-26 21:53:06 | stm32l071c8 | table_50 | page=86 | Y=6.3.9 Memory characteristics | outline/toc=6.3.8 PLL characteristics
2026-07-26 21:53:06 | stm32l071c8 | table_51 | page=86 | Y=6.3.9 Memory characteristics | outline/toc=6.3.8 PLL characteristics
2026-07-26 21:53:06 | stm32l071c8 | table_59 | page=94 | Y=1.3 VILmax | outline/toc=6.3.13 I/O port characteristics
2026-07-26 21:53:06 | stm32l071c8 | table_60 | page=95 | Y=1.3 VILmax | outline/toc=6.3.13 I/O port characteristics
2026-07-26 21:53:06 | stm32l071c8 | table_69 | page=104 | Y=6.3.18 Timer characteristics | outline/toc=6.3.19 Communications interfaces
2026-07-26 21:53:06 | stm32l071c8 | table_75 | page=113 | Y=7 Package information | outline/toc=7.1 LQFP100 package information
2026-07-26 21:53:06 | stm32l071c8 | table_76 | page=116 | Y=7 Package information | outline/toc=7.2 UFBGA100 package information
2026-07-26 21:53:06 | stm32l071c8 | table_77 | page=117 | Y=7 Package information | outline/toc=7.2 UFBGA100 package information
2026-07-26 21:53:06 | stm32l071c8 | table_78 | page=118 | Y=7 Package information | outline/toc=7.3 LQFP64 package information
2026-07-26 21:53:06 | stm32l071c8 | table_79 | page=121 | Y=7 Package information | outline/toc=7.4 UFBGA64 package information
2026-07-26 21:53:06 | stm32l071c8 | table_80 | page=122 | Y=7 Package information | outline/toc=7.4 UFBGA64 package information
2026-07-26 21:53:06 | stm32l071c8 | table_81 | page=123 | Y=7 Package information | outline/toc=7.5 TFBGA64 package information
2026-07-26 21:53:06 | stm32l071c8 | table_82 | page=124 | Y=7 Package information | outline/toc=7.5 TFBGA64 package information
2026-07-26 21:53:06 | stm32l071c8 | table_83 | page=127 | Y=7 Package information | outline/toc=7.6 WLCSP49 package information
2026-07-26 21:53:06 | stm32l071c8 | table_84 | page=128 | Y=7 Package information | outline/toc=7.6 WLCSP49 package information
2026-07-26 21:53:06 | stm32l071c8 | table_85 | page=130 | Y=7 Package information | outline/toc=7.7 LQFP48 package information
2026-07-26 21:53:06 | stm32l071c8 | table_86 | page=133 | Y=7 Package information | outline/toc=7.8 UFQFPN48 package information
2026-07-26 21:53:06 | stm32l071c8 | table_87 | page=136 | Y=7 Package information | outline/toc=7.9 LQFP32 package information
2026-07-26 21:53:06 | stm32l071c8 | table_88 | page=139 | Y=7 Package information | outline/toc=7.10 UFQFPN32 package information
2026-07-26 21:53:23 | stm32h7a3ag | table_1 | page=7 | Y=4 Kbytes of backup SRAM), as well as an extensive range of enhanced I/Os and peripherals connected to four | outline/toc=2 Description
2026-07-26 21:53:23 | stm32h7a3ag | table_2 | page=16 | Y=4 Kbytes of backup SRAM), as well as an extensive range of enhanced I/Os and peripherals connected to four | outline/toc=3.6 Low-power modes
2026-07-26 21:53:23 | stm32h7a3ag | table_3 | page=16 | Y=4 Kbytes of backup SRAM), as well as an extensive range of enhanced I/Os and peripherals connected to four | outline/toc=3.6 Low-power modes
2026-07-26 21:53:23 | stm32h7a3ag | table_4 | page=26 | Y=3.32 Timers and watchdogs | outline/toc=3.32.2 General-purpose timers (TIMx)
2026-07-26 21:53:23 | stm32h7a3ag | table_6 | page=47 | Y=3.47 Debug infrastructure | outline/toc=5 Pin descriptions
2026-07-26 21:53:23 | stm32h7a3ag | table_7 | page=48 | Y=3.47 Debug infrastructure | outline/toc=5 Pin descriptions
2026-07-26 21:53:23 | stm32h7a3ag | table_8 | page=68 | Y=3.47 Debug infrastructure | outline/toc=5 Pin descriptions
2026-07-26 21:53:23 | stm32h7a3ag | table_9 | page=69 | Y=3.47 Debug infrastructure | outline/toc=5 Pin descriptions
2026-07-26 21:53:23 | stm32h7a3ag | table_10 | page=70 | Y=3.47 Debug infrastructure | outline/toc=5 Pin descriptions
2026-07-26 21:53:23 | stm32h7a3ag | table_11 | page=71 | Y=3.47 Debug infrastructure | outline/toc=5 Pin descriptions
2026-07-26 21:53:23 | stm32h7a3ag | table_12 | page=72 | Y=3.47 Debug infrastructure | outline/toc=5 Pin descriptions
2026-07-26 21:53:23 | stm32h7a3ag | table_13 | page=73 | Y=3.47 Debug infrastructure | outline/toc=5 Pin descriptions
2026-07-26 21:53:23 | stm32h7a3ag | table_14 | page=74 | Y=3.47 Debug infrastructure | outline/toc=5 Pin descriptions
2026-07-26 21:53:23 | stm32h7a3ag | table_15 | page=75 | Y=3.47 Debug infrastructure | outline/toc=5 Pin descriptions
2026-07-26 21:53:23 | stm32h7a3ag | table_16 | page=76 | Y=3.47 Debug infrastructure | outline/toc=5 Pin descriptions
2026-07-26 21:53:23 | stm32h7a3ag | table_17 | page=77 | Y=3.47 Debug infrastructure | outline/toc=5 Pin descriptions
2026-07-26 21:53:23 | stm32h7a3ag | table_18 | page=77 | Y=3.47 Debug infrastructure | outline/toc=5 Pin descriptions
2026-07-26 21:53:23 | stm32h7a3ag | table_25 | page=85 | Y=6.3.2 VCAP external capacitor | outline/toc=6.3.3 SMPS step-down converter
2026-07-26 21:53:23 | stm32h7a3ag | table_28 | page=90 | Y=6.3.4 Operating conditions at power-up / power-down | outline/toc=6.3.5 Embedded reset and power control block characteristics
2026-07-26 21:53:23 | stm32h7a3ag | table_31 | page=92 | Y=6.3.6 Embedded reference voltage | outline/toc=6.3.7 Supply current characteristics
2026-07-26 21:53:23 | stm32h7a3ag | table_32 | page=92 | Y=6.3.6 Embedded reference voltage | outline/toc=6.3.7 Supply current characteristics
2026-07-26 21:53:23 | stm32h7a3ag | table_45 | page=104 | Y=6.3.7 Supply current characteristics | outline/toc=6.3.8 Wakeup time from low-power modes
2026-07-26 21:53:23 | stm32h7a3ag | table_50 | page=108 | Y=8 MHz | outline/toc=6.3.9 External clock source characteristics
2026-07-26 21:53:23 | stm32h7a3ag | table_54 | page=111 | Y=6.3.10 Internal clock source characteristics | outline/toc=6.3.11 PLL characteristics
2026-07-26 21:53:23 | stm32h7a3ag | table_56 | page=112 | Y=6.3.11 PLL characteristics | outline/toc=6.3.12 Memory characteristics
2026-07-26 21:53:23 | stm32h7a3ag | table_61 | page=115 | Y=6.3.13 EMC characteristics | outline/toc=6.3.14 Absolute maximum ratings (electrical sensitivity)
2026-07-26 21:53:23 | stm32h7a3ag | table_64 | page=116 | Y=6.3.15 I/O current injection characteristics | outline/toc=6.3.16 I/O port characteristics
2026-07-26 21:53:23 | stm32h7a3ag | table_70 | page=121 | Y=6.3.16 I/O port characteristics | outline/toc=6.3.17 NRST pin characteristics
2026-07-26 21:53:23 | stm32h7a3ag | table_71 | page=122 | Y=6.3.17 NRST pin characteristics | outline/toc=6.3.18 FMC characteristics
2026-07-26 21:53:23 | stm32h7a3ag | table_99 | page=155 | Y=6.3.24 Analog temperature sensor characteristics | outline/toc=6.3.25 Digital temperature sensor characteristics
2026-07-26 21:53:23 | stm32h7a3ag | table_100 | page=155 | Y=6.3.24 Analog temperature sensor characteristics | outline/toc=6.3.25 Digital temperature sensor characteristics
2026-07-26 21:53:23 | stm32h7a3ag | table_102 | page=156 | Y=6.3.26 Temperature and V monitoring | outline/toc=6.3.28 Comparator characteristics
2026-07-26 21:53:23 | stm32h7a3ag | table_103 | page=156 | Y=6.3.26 Temperature and V monitoring | outline/toc=6.3.28 Comparator characteristics
2026-07-26 21:53:23 | stm32h7a3ag | table_104 | page=156 | Y=6.3.26 Temperature and V monitoring | outline/toc=6.3.28 Comparator characteristics
2026-07-26 21:53:23 | stm32h7a3ag | table_105 | page=156 | Y=6.3.27 Voltage booster for analog switch | outline/toc=6.3.28 Comparator characteristics
2026-07-26 21:53:23 | stm32h7a3ag | table_109 | page=162 | Y=6.3.31 Camera interface (DCMI) timing specifications | outline/toc=6.3.32 PSSI interface characteristics
2026-07-26 21:53:23 | stm32h7a3ag | table_113 | page=167 | Y=6.3.34 Timer characteristics | outline/toc=6.3.36 Communication interfaces
2026-07-26 21:53:23 | stm32h7a3ag | table_114 | page=167 | Y=6.3.35 Low-power timer characteristics | outline/toc=6.3.36 Communication interfaces
2026-07-26 21:53:23 | stm32h7a3ag | table_119 | page=173 | Y=6.3.36.3 SPI interface characteristics | outline/toc=6.3.36 Communication interfaces
2026-07-26 21:53:24 | stm32h7a3ag | table_121 | page=177 | Y=6.3.36.6 MDIO characteristics | outline/toc=6.3.36 Communication interfaces
2026-07-26 21:53:24 | stm32h7a3ag | table_124 | page=180 | Y=6.3.36.7 SD/SDIO MMC card host interface (SDMMC) characteristics | outline/toc=6.3.36 Communication interfaces
2026-07-26 21:53:24 | stm32h7a3ag | table_125 | page=180 | Y=6.3.36.7 SD/SDIO MMC card host interface (SDMMC) characteristics | outline/toc=6.3.36 Communication interfaces
2026-07-26 21:53:24 | stm32h7a3ag | table_128 | page=185 | Y=7 Package information | outline/toc=7.1 LQFP64 package information
2026-07-26 21:53:24 | stm32h7a3ag | table_129 | page=189 | Y=7 Package information | outline/toc=7.2 LQFP100 package information
2026-07-26 21:53:24 | stm32h7a3ag | table_130 | page=193 | Y=7 Package information | outline/toc=7.3 TFBGA100 package information
2026-07-26 21:53:24 | stm32h7a3ag | table_131 | page=194 | Y=7 Package information | outline/toc=7.3 TFBGA100 package information
2026-07-26 21:53:24 | stm32h7a3ag | table_132 | page=197 | Y=7 Package information | outline/toc=7.4 WLCSP132 package information
2026-07-26 21:53:24 | stm32h7a3ag | table_133 | page=198 | Y=7 Package information | outline/toc=7.4.1 Device marking for WLCSP132
2026-07-26 21:53:24 | stm32h7a3ag | table_134 | page=200 | Y=7 Package information | outline/toc=7.5 LQFP144 package information
2026-07-26 21:53:24 | stm32h7a3ag | table_135 | page=204 | Y=7 Package information | outline/toc=7.6 LQFP176 package information
2026-07-26 21:53:24 | stm32h7a3ag | table_136 | page=208 | Y=7 Package information | outline/toc=7.7 TFBGA216 package information
2026-07-26 21:53:24 | stm32h7a3ag | table_137 | page=209 | Y=7 Package information | outline/toc=7.7.1 Device marking for TFBGA216
2026-07-26 21:53:24 | stm32h7a3ag | table_138 | page=211 | Y=7 Package information | outline/toc=7.8 TFBGA225 package information
2026-07-26 21:53:24 | stm32h7a3ag | table_139 | page=212 | Y=7 Package information | outline/toc=7.8.1 Device marking for TFBGA225
2026-07-26 21:53:24 | stm32h7a3ag | table_140 | page=214 | Y=7 Package information | outline/toc=7.9 UFBGA169 package information
2026-07-26 21:53:24 | stm32h7a3ag | table_141 | page=215 | Y=7 Package information | outline/toc=7.9.1 Device marking for UFBGA169
2026-07-26 21:53:24 | stm32h7a3ag | table_142 | page=217 | Y=7 Package information | outline/toc=7.9.1 Device marking for UFBGA169
2026-07-26 21:53:24 | stm32h7a3ag | table_143 | page=218 | Y=7 Package information | outline/toc=7.11 Thermal characteristics
2026-07-26 21:53:24 | stm32h7a3ag | table_145 | page=223 | Y=7.11.1 Reference documents | outline/toc=8 Ordering information
2026-07-26 21:53:24 | stm32h7b0ab | table_2 | page=16 | Y=3.6 Low-power modes | outline/toc=3.7.1 Clock management
2026-07-26 21:53:24 | stm32h7b0ab | table_3 | page=16 | Y=3.6 Low-power modes | outline/toc=3.7.1 Clock management
2026-07-26 21:53:24 | stm32h7b0ab | table_4 | page=26 | Y=3.34 Timers and watchdogs | outline/toc=3.34.1 Advanced-control timers (TIM1, TIM8)
2026-07-26 21:53:24 | stm32h7b0ab | table_6 | page=40 | Y=3.49 Debug infrastructure | outline/toc=5 Pin descriptions
2026-07-26 21:53:24 | stm32h7b0ab | table_7 | page=41 | Y=3.49 Debug infrastructure | outline/toc=5 Pin descriptions
2026-07-26 21:53:24 | stm32h7b0ab | table_8 | page=53 | Y=3.49 Debug infrastructure | outline/toc=5 Pin descriptions
2026-07-26 21:53:24 | stm32h7b0ab | table_9 | page=54 | Y=3.49 Debug infrastructure | outline/toc=5 Pin descriptions
2026-07-26 21:53:24 | stm32h7b0ab | table_10 | page=55 | Y=3.49 Debug infrastructure | outline/toc=5 Pin descriptions
2026-07-26 21:53:24 | stm32h7b0ab | table_11 | page=56 | Y=3.49 Debug infrastructure | outline/toc=5 Pin descriptions
2026-07-26 21:53:24 | stm32h7b0ab | table_12 | page=57 | Y=3.49 Debug infrastructure | outline/toc=5 Pin descriptions
2026-07-26 21:53:24 | stm32h7b0ab | table_13 | page=58 | Y=3.49 Debug infrastructure | outline/toc=5 Pin descriptions
2026-07-26 21:53:24 | stm32h7b0ab | table_14 | page=59 | Y=3.49 Debug infrastructure | outline/toc=5 Pin descriptions
2026-07-26 21:53:24 | stm32h7b0ab | table_15 | page=60 | Y=3.49 Debug infrastructure | outline/toc=5 Pin descriptions
2026-07-26 21:53:24 | stm32h7b0ab | table_16 | page=61 | Y=3.49 Debug infrastructure | outline/toc=5 Pin descriptions
2026-07-26 21:53:24 | stm32h7b0ab | table_23 | page=69 | Y=6.3.2 VCAP external capacitor | outline/toc=6.3.3 SMPS step-down converter
2026-07-26 21:53:24 | stm32h7b0ab | table_26 | page=74 | Y=6.3.4 Operating conditions at power-up / power-down | outline/toc=6.3.5 Embedded reset and power control block characteristics
2026-07-26 21:53:24 | stm32h7b0ab | table_29 | page=76 | Y=6.3.6 Embedded reference voltage | outline/toc=6.3.7 Supply current characteristics
2026-07-26 21:53:24 | stm32h7b0ab | table_30 | page=76 | Y=6.3.6 Embedded reference voltage | outline/toc=6.3.7 Supply current characteristics
2026-07-26 21:53:24 | stm32h7b0ab | table_43 | page=88 | Y=6.3.7 Supply current characteristics | outline/toc=6.3.8 Wakeup time from low-power modes
2026-07-26 21:53:24 | stm32h7b0ab | table_48 | page=92 | Y=8 MHz | outline/toc=6.3.9 External clock source characteristics
2026-07-26 21:53:24 | stm32h7b0ab | table_52 | page=95 | Y=6.3.10 Internal clock source characteristics | outline/toc=6.3.11 PLL characteristics
2026-07-26 21:53:24 | stm32h7b0ab | table_59 | page=99 | Y=6.3.13 EMC characteristics | outline/toc=6.3.14 Absolute maximum ratings (electrical sensitivity)
2026-07-26 21:53:24 | stm32h7b0ab | table_62 | page=100 | Y=6.3.15 I/O current injection characteristics | outline/toc=6.3.16 I/O port characteristics
2026-07-26 21:53:24 | stm32h7b0ab | table_68 | page=105 | Y=6.3.16 I/O port characteristics | outline/toc=6.3.17 NRST pin characteristics
2026-07-26 21:53:24 | stm32h7b0ab | table_69 | page=106 | Y=6.3.17 NRST pin characteristics | outline/toc=6.3.18 FMC characteristics
2026-07-26 21:53:24 | stm32h7b0ab | table_97 | page=139 | Y=6.3.24 Analog temperature sensor characteristics | outline/toc=6.3.25 Digital temperature sensor characteristics
2026-07-26 21:53:24 | stm32h7b0ab | table_98 | page=139 | Y=6.3.24 Analog temperature sensor characteristics | outline/toc=6.3.25 Digital temperature sensor characteristics
2026-07-26 21:53:24 | stm32h7b0ab | table_100 | page=140 | Y=6.3.26 Temperature and V monitoring | outline/toc=6.3.28 Comparator characteristics
2026-07-26 21:53:24 | stm32h7b0ab | table_101 | page=140 | Y=6.3.26 Temperature and V monitoring | outline/toc=6.3.28 Comparator characteristics
2026-07-26 21:53:24 | stm32h7b0ab | table_102 | page=140 | Y=6.3.26 Temperature and V monitoring | outline/toc=6.3.28 Comparator characteristics
2026-07-26 21:53:24 | stm32h7b0ab | table_103 | page=140 | Y=6.3.27 Voltage booster for analog switch | outline/toc=6.3.28 Comparator characteristics
2026-07-26 21:53:24 | stm32h7b0ab | table_107 | page=146 | Y=6.3.31 Camera interface (DCMI) timing specifications | outline/toc=6.3.32 PSSI interface characteristics
2026-07-26 21:53:24 | stm32h7b0ab | table_111 | page=151 | Y=6.3.34 Timer characteristics | outline/toc=6.3.36 Communication interfaces
2026-07-26 21:53:24 | stm32h7b0ab | table_112 | page=151 | Y=6.3.35 Low-power timer characteristics | outline/toc=6.3.36 Communication interfaces
2026-07-26 21:53:24 | stm32h7b0ab | table_117 | page=157 | Y=6.3.36.3 SPI interface characteristics | outline/toc=6.3.36 Communication interfaces
2026-07-26 21:53:24 | stm32h7b0ab | table_119 | page=161 | Y=6.3.36.6 MDIO characteristics | outline/toc=6.3.36 Communication interfaces
2026-07-26 21:53:24 | stm32h7b0ab | table_122 | page=164 | Y=6.3.36.7 SD/SDIO MMC card host interface (SDMMC) characteristics | outline/toc=6.3.36 Communication interfaces
2026-07-26 21:53:24 | stm32h7b0ab | table_123 | page=164 | Y=3.0 V voltage range | outline/toc=6.3.36 Communication interfaces
2026-07-26 21:53:24 | stm32h7b0ab | table_126 | page=169 | Y=7 Package information | outline/toc=7.1 LQFP64 package information
2026-07-26 21:53:24 | stm32h7b0ab | table_127 | page=173 | Y=7 Package information | outline/toc=7.2 LQFP100 package information
2026-07-26 21:53:24 | stm32h7b0ab | table_128 | page=177 | Y=7 Package information | outline/toc=7.3 LQFP144 package information
2026-07-26 21:53:24 | stm32h7b0ab | table_129 | page=181 | Y=7 Package information | outline/toc=7.4 LQFP176 package information
2026-07-26 21:53:24 | stm32h7b0ab | table_130 | page=185 | Y=7 Package information | outline/toc=7.5 UFBGA169 package information
2026-07-26 21:53:24 | stm32h7b0ab | table_131 | page=186 | Y=7 Package information | outline/toc=7.5.1 Device marking for UFBGA169
2026-07-26 21:53:24 | stm32h7b0ab | table_132 | page=188 | Y=7 Package information | outline/toc=7.5.1 Device marking for UFBGA169
2026-07-26 21:53:24 | stm32h7b0ab | table_133 | page=189 | Y=7 Package information | outline/toc=7.7 Thermal characteristics
2026-07-26 21:53:24 | stm32h7b0ab | table_134 | page=190 | Y=7.7 Thermal characteristics | outline/toc=7.7.1 Reference documents
2026-07-26 21:53:24 | stm32h7b0ab | table_135 | page=193 | Y=7.7.1 Reference documents | outline/toc=8 Ordering information
2026-07-26 21:53:25 | stm32l081cb | table_1 | page=11 | Y=3.6 V without BOR option | outline/toc=2.1 Device overview
2026-07-26 21:53:25 | stm32l081cb | table_6 | page=27 | Y=3.12 Temperature sensor | outline/toc=3.13 Ultra-low-power comparators and reference voltage
2026-07-26 21:53:25 | stm32l081cb | table_7 | page=27 | Y=3.12.1 Internal voltage reference (V ) | outline/toc=3.13 Ultra-low-power comparators and reference voltage
2026-07-26 21:53:25 | stm32l081cb | table_8 | page=28 | Y=3.15 Timers and watchdogs | outline/toc=3.15.1 General-purpose timers (TIM2, TIM3, TIM21 and TIM22)
2026-07-26 21:53:25 | stm32l081cb | table_9 | page=30 | Y=3.16 Communication interfaces | outline/toc=3.16.1 I2C bus
2026-07-26 21:53:25 | stm32l081cb | table_10 | page=30 | Y=3.16 Communication interfaces | outline/toc=3.16.1 I2C bus
2026-07-26 21:53:25 | stm32l081cb | table_12 | page=32 | Y=3.16.3 Low-power universal asynchronous receiver transmitter (LPUART) | outline/toc=3.16.4 Serial peripheral interface (SPI)/Inter-integrated sound (I2S)
2026-07-26 21:53:25 | stm32l081cb | table_35 | page=65 | Y=6.3.3 Embedded internal reference voltage | outline/toc=6.3.5 Wakeup time from low-power mode
2026-07-26 21:53:25 | stm32l081cb | table_45 | page=74 | Y=6.3.9 Memory characteristics | outline/toc=6.3.8 PLL characteristics
2026-07-26 21:53:25 | stm32l081cb | table_46 | page=74 | Y=6.3.9 Memory characteristics | outline/toc=6.3.8 PLL characteristics
2026-07-26 21:53:26 | stm32l081cb | table_54 | page=82 | Y=1.3 VILmax | outline/toc=6.3.13 I/O port characteristics
2026-07-26 21:53:26 | stm32l081cb | table_55 | page=83 | Y=1.3 VILmax | outline/toc=6.3.13 I/O port characteristics
2026-07-26 21:53:26 | stm32l081cb | table_60 | page=89 | Y=6.3.16 Temperature sensor characteristics | outline/toc=6.3.17 Comparators
2026-07-26 21:53:26 | stm32l081cb | table_61 | page=89 | Y=6.3.16 Temperature sensor characteristics | outline/toc=6.3.17 Comparators
2026-07-26 21:53:26 | stm32l081cb | table_64 | page=91 | Y=6.3.18 Timer characteristics | outline/toc=6.3.19 Communications interfaces
2026-07-26 21:53:26 | stm32l081cb | table_70 | page=101 | Y=7 Package information | outline/toc=7.1 LQFP48 package information
2026-07-26 21:53:26 | stm32l081cb | table_71 | page=104 | Y=7 Package information | outline/toc=7.2 UFQFPN48 package information
2026-07-26 21:53:26 | stm32l081cb | table_72 | page=107 | Y=7 Package information | outline/toc=7.3 LQFP32 package information
2026-07-26 21:53:26 | stm32l081cb | table_73 | page=110 | Y=7 Package information | outline/toc=7.4 UFQFPN32 package information
2026-07-26 21:53:27 | stm32l072cb | table_1 | page=1 | Y=4.2 MHz RC | outline/toc=
2026-07-26 21:53:27 | stm32l072cb | table_7 | page=29 | Y=3.12 Temperature sensor | outline/toc=3.13 Digital-to-analog converter (DAC)
2026-07-26 21:53:27 | stm32l072cb | table_8 | page=29 | Y=3.12.1 Internal voltage reference (V ) | outline/toc=3.13 Digital-to-analog converter (DAC)
2026-07-26 21:53:27 | stm32l072cb | table_9 | page=31 | Y=3.15 Touch sensing controller (TSC) | outline/toc=3.16 Timers and watchdogs
2026-07-26 21:53:27 | stm32l072cb | table_11 | page=33 | Y=3.17 Communication interfaces | outline/toc=3.17.1 I2C bus
2026-07-26 21:53:27 | stm32l072cb | table_12 | page=34 | Y=3.17 Communication interfaces | outline/toc=3.17.2 Universal synchronous/asynchronous receiver transmitter (USART)
2026-07-26 21:53:27 | stm32l072cb | table_14 | page=36 | Y=3.17.3 Low-power universal asynchronous receiver transmitter (LPUART) | outline/toc=3.20 Serial wire debug port (SW-DP)
2026-07-26 21:53:27 | stm32l072cb | table_41 | page=81 | Y=6.3.3 Embedded internal reference voltage | outline/toc=6.3.5 Wakeup time from low-power mode
2026-07-26 21:53:28 | stm32l072cb | table_61 | page=98 | Y=1.3 VILmax | outline/toc=6.3.13 I/O port characteristics
2026-07-26 21:53:28 | stm32l072cb | table_62 | page=99 | Y=1.3 VILmax | outline/toc=6.3.13 I/O port characteristics
2026-07-26 21:53:28 | stm32l072cb | table_68 | page=110 | Y=6.3.17 Temperature sensor characteristics | outline/toc=6.3.18 Comparators
2026-07-26 21:53:28 | stm32l072cb | table_69 | page=110 | Y=6.3.17 Temperature sensor characteristics | outline/toc=6.3.18 Comparators
2026-07-26 21:53:28 | stm32l072cb | table_72 | page=112 | Y=6.3.19 Timer characteristics | outline/toc=6.3.20 Communications interfaces
2026-07-26 21:53:28 | stm32l072cb | table_81 | page=123 | Y=7 Package information | outline/toc=7.1 LQFP100 package information
2026-07-26 21:53:28 | stm32l072cb | table_82 | page=126 | Y=7 Package information | outline/toc=7.2 UFBGA100 package information
2026-07-26 21:53:28 | stm32l072cb | table_83 | page=127 | Y=7 Package information | outline/toc=7.2 UFBGA100 package information
2026-07-26 21:53:28 | stm32l072cb | table_84 | page=129 | Y=7 Package information | outline/toc=7.3 LQFP64 package information
2026-07-26 21:53:28 | stm32l072cb | table_85 | page=132 | Y=7 Package information | outline/toc=7.4 UFBGA64 package information
2026-07-26 21:53:28 | stm32l072cb | table_86 | page=133 | Y=7 Package information | outline/toc=7.4 UFBGA64 package information
2026-07-26 21:53:28 | stm32l072cb | table_87 | page=135 | Y=7 Package information | outline/toc=7.5 TFBGA64 package information
2026-07-26 21:53:28 | stm32l072cb | table_88 | page=136 | Y=7 Package information | outline/toc=7.5 TFBGA64 package information
2026-07-26 21:53:28 | stm32l072cb | table_89 | page=139 | Y=7 Package information | outline/toc=7.6 WLCSP49 package information
2026-07-26 21:53:28 | stm32l072cb | table_90 | page=140 | Y=7 Package information | outline/toc=7.6 WLCSP49 package information
2026-07-26 21:53:28 | stm32l072cb | table_91 | page=142 | Y=7 Package information | outline/toc=7.7 LQFP48 package information
2026-07-26 21:53:28 | stm32l072cb | table_92 | page=145 | Y=7 Package information | outline/toc=7.8 UFQFPN48 package information
2026-07-26 21:53:28 | stm32l072cb | table_93 | page=148 | Y=7 Package information | outline/toc=7.9 LQFP32 package information
2026-07-26 21:53:28 | stm32l072cb | table_94 | page=151 | Y=7 Package information | outline/toc=7.10 UFQFPN32 package information
2026-07-26 21:53:31 | stm32l082cz | table_6 | page=28 | Y=3.12 Temperature sensor | outline/toc=3.13 Digital-to-analog converter (DAC)
2026-07-26 21:53:31 | stm32l082cz | table_7 | page=28 | Y=3.12.1 Internal voltage reference (V ) | outline/toc=3.13 Digital-to-analog converter (DAC)
2026-07-26 21:53:31 | stm32l082cz | table_8 | page=30 | Y=3.15 Touch sensing controller (TSC) | outline/toc=3.16 AES
2026-07-26 21:53:31 | stm32l082cz | table_9 | page=31 | Y=3.17 Timers and watchdogs | outline/toc=3.17.1 General-purpose timers (TIM2, TIM3, TIM21 and TIM22)
2026-07-26 21:53:31 | stm32l082cz | table_10 | page=33 | Y=3.18 Communication interfaces | outline/toc=3.18.1 I2C bus
2026-07-26 21:53:31 | stm32l082cz | table_11 | page=33 | Y=3.18 Communication interfaces | outline/toc=3.18.1 I2C bus
2026-07-26 21:53:31 | stm32l082cz | table_12 | page=34 | Y=3.18.2 Universal synchronous/asynchronous receiver transmitter (USART) | outline/toc=3.18.3 Low-power universal asynchronous receiver transmitter (LPUART)
2026-07-26 21:53:31 | stm32l082cz | table_13 | page=35 | Y=3.18.3 Low-power universal asynchronous receiver transmitter (LPUART) | outline/toc=3.18.5 Universal serial bus (USB)
2026-07-26 21:53:31 | stm32l082cz | table_37 | page=68 | Y=6.3.4 Supply current characteristics | outline/toc=6.3.13 I/O port characteristics
2026-07-26 21:53:31 | stm32l082cz | table_38 | page=70 | Y=6.3.3 Embedded internal reference voltage | outline/toc=6.3.5 Wakeup time from low-power mode
2026-07-26 21:53:32 | stm32l082cz | table_57 | page=85 | Y=6.3.13 I/O port characteristics | outline/toc=6.3.12 I/O current injection characteristics
2026-07-26 21:53:32 | stm32l082cz | table_58 | page=87 | Y=1.3 VILmax | outline/toc=6.3.12 I/O current injection characteristics
2026-07-26 21:53:32 | stm32l082cz | table_59 | page=88 | Y=1.3 VILmax | outline/toc=6.3.12 I/O current injection characteristics
2026-07-26 21:53:32 | stm32l082cz | table_65 | page=99 | Y=6.3.17 Temperature sensor characteristics | outline/toc=6.3.18 Comparators
2026-07-26 21:53:32 | stm32l082cz | table_66 | page=99 | Y=6.3.17 Temperature sensor characteristics | outline/toc=6.3.18 Comparators
2026-07-26 21:53:32 | stm32l082cz | table_69 | page=101 | Y=6.3.19 Timer characteristics | outline/toc=6.3.20 Communications interfaces
2026-07-26 21:53:32 | stm32l082cz | table_77 | page=112 | Y=7 Package information | outline/toc=7.1 WLCSP49 package information
2026-07-26 21:53:32 | stm32l082cz | table_78 | page=113 | Y=7 Package information | outline/toc=7.1 WLCSP49 package information
2026-07-26 21:53:32 | stm32l082cz | table_79 | page=115 | Y=7 Package information | outline/toc=7.2 UFQFPN48 package information
2026-07-26 21:53:32 | stm32l082cz | table_80 | page=118 | Y=7 Package information | outline/toc=7.3 LQFP32 package information
2026-07-26 21:53:32 | stm32l082cz | table_81 | page=122 | Y=7 Package information | outline/toc=7.4 UFQFPN32 package information
2026-07-26 21:53:39 | stm32l073cb | table_7 | page=30 | Y=3.13 Temperature sensor | outline/toc=3.13.1 Internal voltage reference (V )
2026-07-26 21:53:39 | stm32l073cb | table_10 | page=33 | Y=3.17 Timers and watchdogs | outline/toc=3.17.1 General-purpose timers (TIM2, TIM3, TIM21 and TIM22)
2026-07-26 21:53:39 | stm32l073cb | table_11 | page=35 | Y=3.18 Communication interfaces | outline/toc=3.18.1 I2C bus
2026-07-26 21:53:39 | stm32l073cb | table_12 | page=35 | Y=3.18 Communication interfaces | outline/toc=3.18.1 I2C bus
2026-07-26 21:53:39 | stm32l073cb | table_13 | page=36 | Y=3.18.2 Universal synchronous/asynchronous receiver transmitter (USART) | outline/toc=3.18.3 Low-power universal asynchronous receiver transmitter (LPUART)
2026-07-26 21:53:39 | stm32l073cb | table_14 | page=37 | Y=3.18.3 Low-power universal asynchronous receiver transmitter (LPUART) | outline/toc=3.18.5 Universal serial bus (USB)
2026-07-26 21:53:39 | stm32l073cb | table_41 | page=85 | Y=6.3.3 Embedded internal reference voltage | outline/toc=6.3.5 Wakeup time from low-power mode
2026-07-26 21:53:39 | stm32l073cb | table_61 | page=103 | Y=1.3 VILmax | outline/toc=6.3.13 I/O port characteristics
2026-07-26 21:53:39 | stm32l073cb | table_62 | page=104 | Y=1.3 VILmax | outline/toc=6.3.13 I/O port characteristics
2026-07-26 21:53:39 | stm32l073cb | table_68 | page=115 | Y=6.3.17 Temperature sensor characteristics | outline/toc=6.3.18 Comparators
2026-07-26 21:53:39 | stm32l073cb | table_69 | page=115 | Y=6.3.17 Temperature sensor characteristics | outline/toc=6.3.18 Comparators
2026-07-26 21:53:39 | stm32l073cb | table_72 | page=117 | Y=6.3.19 Timer characteristics | outline/toc=6.3.20 Communications interfaces
2026-07-26 21:53:39 | stm32l100c6 | table_11 | page=44 | Y=6.2 Absolute maximum ratings | outline/toc=6.3.1 General operating conditions
2026-07-26 21:53:39 | stm32l073cb | table_82 | page=131 | Y=7 Package information | outline/toc=7.1 LQFP100 package information
2026-07-26 21:53:39 | stm32l073cb | table_83 | page=134 | Y=7 Package information | outline/toc=7.2 UFBGA100 package information
2026-07-26 21:53:39 | stm32l073cb | table_84 | page=135 | Y=7 Package information | outline/toc=7.2 UFBGA100 package information
2026-07-26 21:53:39 | stm32l073cb | table_85 | page=138 | Y=7 Package information | outline/toc=7.3 LQFP64 package information
2026-07-26 21:53:39 | stm32l073cb | table_86 | page=141 | Y=7 Package information | outline/toc=7.4 TFBGA64 package information
2026-07-26 21:53:39 | stm32l073cb | table_87 | page=142 | Y=7 Package information | outline/toc=7.4 TFBGA64 package information
2026-07-26 21:53:39 | stm32l073cb | table_88 | page=145 | Y=7 Package information | outline/toc=7.5 WLCSP49 package information
2026-07-26 21:53:39 | stm32l073cb | table_89 | page=146 | Y=7 Package information | outline/toc=7.5 WLCSP49 package information
2026-07-26 21:53:39 | stm32l073cb | table_90 | page=148 | Y=7 Package information | outline/toc=7.6 LQFP48 package information
2026-07-26 21:53:39 | stm32l073cb | table_91 | page=152 | Y=7 Package information | outline/toc=7.7 UFQFPN48 package information
2026-07-26 21:53:39 | stm32l100c6 | table_21 | page=54 | Y=1.8 V to A | outline/toc=6.3.4 Supply current characteristics
2026-07-26 21:53:39 | stm32l100c6 | table_22 | page=55 | Y=1.8 V to A | outline/toc=6.3.4 Supply current characteristics
2026-07-26 21:53:39 | stm32l100c6 | table_23 | page=56 | Y=1.8 V to A | outline/toc=6.3.4 Supply current characteristics
2026-07-26 21:53:39 | stm32l100c6 | table_37 | page=69 | Y=6.3.10 EMC characteristics | outline/toc=6.3.11 Electrical sensitivity characteristics
2026-07-26 21:53:39 | stm32l100c6 | table_39 | page=70 | Y=6.3.11 Electrical sensitivity characteristics | outline/toc=6.3.12 I/O current injection characteristics
2026-07-26 21:53:40 | stm32l100c6 | table_60 | page=91 | Y=7 Package information | outline/toc=7.1 LQFP64 10 x 10 mm, 64-pin low-profile quad flat package information
2026-07-26 21:53:40 | stm32l100c6 | table_61 | page=95 | Y=7 Package information | outline/toc=7.1 LQFP64 10 x 10 mm, 64-pin low-profile quad flat package information
2026-07-26 21:53:45 | stm32l100rc | table_1 | page=10 | Y=2.1 Device overview | outline/toc=2.2 Ultra-low-power device continuum
2026-07-26 21:53:45 | stm32l100rc | table_6 | page=31 | Y=3.17.1 Serial wire JTAG debug port (SWJ-DP) | outline/toc=3.14.2 Basic timers (TIM6 and TIM7)
2026-07-26 21:53:45 | stm32l100rc | table_7 | page=31 | Y=3.17.1 Serial wire JTAG debug port (SWJ-DP) | outline/toc=3.14.2 Basic timers (TIM6 and TIM7)
2026-07-26 21:53:45 | stm32l100rc | table_8 | page=36 | Y=7 NRST I/O NRST - - | outline/toc=3.14.2 Basic timers (TIM6 and TIM7)
2026-07-26 21:53:45 | stm32l100rc | table_9 | page=44 | Y=7 NRST I/O NRST - - | outline/toc=3.14.2 Basic timers (TIM6 and TIM7)
2026-07-26 21:53:45 | stm32l100rc | table_10 | page=44 | Y=7 NRST I/O NRST - - | outline/toc=3.14.2 Basic timers (TIM6 and TIM7)
2026-07-26 21:53:45 | stm32l100rc | table_11 | page=45 | Y=7 NRST I/O NRST - - | outline/toc=3.14.2 Basic timers (TIM6 and TIM7)
2026-07-26 21:53:45 | stm32l100rc | table_12 | page=45 | Y=7 NRST I/O NRST - - | outline/toc=3.14.2 Basic timers (TIM6 and TIM7)
2026-07-26 21:53:45 | stm32l100rc | table_13 | page=46 | Y=7 NRST I/O NRST - - | outline/toc=3.14.2 Basic timers (TIM6 and TIM7)
2026-07-26 21:53:45 | stm32l100rc | table_14 | page=48 | Y=7 NRST I/O NRST - - | outline/toc=3.14.2 Basic timers (TIM6 and TIM7)
2026-07-26 21:53:45 | stm32l100rc | table_15 | page=48 | Y=7 NRST I/O NRST - - | outline/toc=3.14.2 Basic timers (TIM6 and TIM7)
2026-07-26 21:53:45 | stm32l100rc | table_16 | page=50 | Y=7 NRST I/O NRST - - | outline/toc=3.14.2 Basic timers (TIM6 and TIM7)
2026-07-26 21:53:45 | stm32l100rc | table_17 | page=51 | Y=7 NRST I/O NRST - - | outline/toc=3.14.2 Basic timers (TIM6 and TIM7)
2026-07-26 21:53:45 | stm32l100rc | table_18 | page=52 | Y=7 NRST I/O NRST - - | outline/toc=3.14.2 Basic timers (TIM6 and TIM7)
2026-07-26 21:53:45 | stm32l100rc | table_19 | page=53 | Y=7 NRST I/O NRST - - | outline/toc=3.14.2 Basic timers (TIM6 and TIM7)
2026-07-26 21:53:45 | stm32l100rc | table_20 | page=54 | Y=7 NRST I/O NRST - - | outline/toc=3.14.2 Basic timers (TIM6 and TIM7)
2026-07-26 21:53:45 | stm32l100rc | table_21 | page=55 | Y=7 NRST I/O NRST - - | outline/toc=3.14.2 Basic timers (TIM6 and TIM7)
2026-07-26 21:53:45 | stm32l100rc | table_22 | page=57 | Y=7 NRST I/O NRST - - | outline/toc=3.14.2 Basic timers (TIM6 and TIM7)
2026-07-26 21:53:45 | stm32l100rc | table_23 | page=58 | Y=7 NRST I/O NRST - - | outline/toc=3.14.2 Basic timers (TIM6 and TIM7)
2026-07-26 21:53:45 | stm32l100rc | table_24 | page=60 | Y=7 NRST I/O NRST - - | outline/toc=3.14.2 Basic timers (TIM6 and TIM7)
2026-07-26 21:53:45 | stm32l100rc | table_25 | page=61 | Y=7 NRST I/O NRST - - | outline/toc=3.14.2 Basic timers (TIM6 and TIM7)
2026-07-26 21:53:45 | stm32l100rc | table_26 | page=62 | Y=7 NRST I/O NRST - - | outline/toc=3.14.2 Basic timers (TIM6 and TIM7)
2026-07-26 21:53:45 | stm32l100rc | table_27 | page=63 | Y=7 NRST I/O NRST - - | outline/toc=3.14.2 Basic timers (TIM6 and TIM7)
2026-07-26 21:53:45 | stm32l100rc | table_28 | page=64 | Y=7 NRST I/O NRST - - | outline/toc=3.14.2 Basic timers (TIM6 and TIM7)
2026-07-26 21:53:45 | stm32l100rc | table_29 | page=66 | Y=7 NRST I/O NRST - - | outline/toc=3.14.2 Basic timers (TIM6 and TIM7)
2026-07-26 21:53:45 | stm32l100rc | table_30 | page=66 | Y=7 NRST I/O NRST - - | outline/toc=3.14.2 Basic timers (TIM6 and TIM7)
2026-07-26 21:53:45 | stm32l100rc | table_31 | page=67 | Y=7 NRST I/O NRST - - | outline/toc=3.14.2 Basic timers (TIM6 and TIM7)
2026-07-26 21:53:45 | stm32l100rc | table_32 | page=69 | Y=7 NRST I/O NRST - - | outline/toc=6.3.9 Memory characteristics
2026-07-26 21:53:45 | stm32l100rc | table_37 | page=72 | Y=6.3.10 EMC characteristics | outline/toc=6.3.11 Electrical sensitivity characteristics
2026-07-26 21:53:45 | stm32l100rc | table_39 | page=73 | Y=6.3.11 Electrical sensitivity characteristics | outline/toc=6.3.12 I/O current injection characteristics
2026-07-26 21:53:46 | stm32l100rc | table_62 | page=99 | Y=6.3.21 LCD controller | outline/toc=7 Package information
2026-07-26 21:53:51 | stm32l083cb | table_1 | page=1 | Y=4.2 MHz RC | outline/toc=
2026-07-26 21:53:51 | stm32l083cb | table_7 | page=28 | Y=3.13 Temperature sensor | outline/toc=3.13.1 Internal voltage reference (V )
2026-07-26 21:53:51 | stm32l083cb | table_10 | page=31 | Y=3.18 Timers and watchdogs | outline/toc=3.18.1 General-purpose timers (TIM2, TIM3, TIM21 and TIM22)
2026-07-26 21:53:52 | stm32l083cb | table_11 | page=33 | Y=3.19 Communication interfaces | outline/toc=3.19.1 I2C bus
2026-07-26 21:53:52 | stm32l083cb | table_12 | page=33 | Y=3.19 Communication interfaces | outline/toc=3.19.1 I2C bus
2026-07-26 21:53:52 | stm32l083cb | table_14 | page=35 | Y=3.19.3 Low-power universal asynchronous receiver transmitter (LPUART) | outline/toc=3.19.4 Serial peripheral interface (SPI)/Inter-integrated sound (I2S)
2026-07-26 21:53:52 | stm32l083cb | table_41 | page=81 | Y=6.3.3 Embedded internal reference voltage | outline/toc=6.3.5 Wakeup time from low-power mode
2026-07-26 21:53:52 | stm32l083cb | table_61 | page=98 | Y=1.3 VILmax | outline/toc=6.3.13 I/O port characteristics
2026-07-26 21:53:52 | stm32l083cb | table_62 | page=99 | Y=1.3 VILmax | outline/toc=6.3.13 I/O port characteristics
2026-07-26 21:53:52 | stm32l083cb | table_68 | page=110 | Y=6.3.17 Temperature sensor characteristics | outline/toc=6.3.18 Comparators
2026-07-26 21:53:52 | stm32l083cb | table_69 | page=110 | Y=6.3.17 Temperature sensor characteristics | outline/toc=6.3.18 Comparators
2026-07-26 21:53:52 | stm32l083cb | table_72 | page=112 | Y=6.3.19 Timer characteristics | outline/toc=6.3.20 Communications interfaces
2026-07-26 21:53:52 | stm32l083cb | table_80 | page=122 | Y=6.3.20 Communications interfaces | outline/toc=6.3.21 LCD controller
2026-07-26 21:53:52 | stm32l083cb | table_82 | page=124 | Y=7 Package information | outline/toc=7.1 LQFP100 package information
2026-07-26 21:53:52 | stm32l083cb | table_83 | page=127 | Y=7 Package information | outline/toc=7.2 UFBGA100 package information
2026-07-26 21:53:52 | stm32l083cb | table_84 | page=128 | Y=7 Package information | outline/toc=7.2 UFBGA100 package information
2026-07-26 21:53:52 | stm32l083cb | table_85 | page=130 | Y=7 Package information | outline/toc=7.3 LQFP64 package information
2026-07-26 21:53:52 | stm32l083cb | table_86 | page=133 | Y=7 Package information | outline/toc=7.4 TFBGA64 package information
2026-07-26 21:53:52 | stm32l083cb | table_87 | page=134 | Y=7 Package information | outline/toc=7.4 TFBGA64 package information
2026-07-26 21:53:52 | stm32l083cb | table_88 | page=137 | Y=7 Package information | outline/toc=7.5 LQFP48 package information
2026-07-26 21:53:52 | stm32l083cb | table_89 | page=140 | Y=7 Package information | outline/toc=7.6 UFQFPN48 package information
2026-07-26 21:54:03 | stm32l151c6 | table_1 | page=1 | Y=4.2 MHz sensors | outline/toc=
2026-07-26 21:54:03 | stm32l151c6 | table_12 | page=53 | Y=6.2 Absolute maximum ratings | outline/toc=6.3.1 General operating conditions
2026-07-26 21:54:03 | stm32l151c6 | table_38 | page=80 | Y=6.3.10 EMC characteristics | outline/toc=6.3.11 Electrical sensitivity characteristics
2026-07-26 21:54:03 | stm32l151c6 | table_40 | page=81 | Y=6.3.11 Electrical sensitivity characteristics | outline/toc=6.3.12 I/O current injection characteristics
2026-07-26 21:54:03 | stm32l151c6 | table_62 | page=104 | Y=6.3.20 Comparator | outline/toc=6.3.21 LCD controller (STM32L152xx only)
2026-07-26 21:54:03 | stm32l151c6 | table_64 | page=108 | Y=7 Package information | outline/toc=7.2 LQFP64 10 x 10 mm, 64-pin low-profile quad flat package information
2026-07-26 21:54:03 | stm32l151c6 | table_65 | page=112 | Y=7 Package information | outline/toc=7.3 LQFP48 7 x 7 mm, 48-pin low-profile quad flat package information
2026-07-26 21:54:03 | stm32l151c6 | table_66 | page=115 | Y=7 Package information | outline/toc=7.3 LQFP48 7 x 7 mm, 48-pin low-profile quad flat package information
2026-07-26 21:54:03 | stm32l151c6 | table_67 | page=117 | Y=7 Package information | outline/toc=7.3 LQFP48 7 x 7 mm, 48-pin low-profile quad flat package information
2026-07-26 21:54:03 | stm32l151c6 | table_68 | page=118 | Y=7 Package information | outline/toc=7.3 LQFP48 7 x 7 mm, 48-pin low-profile quad flat package information
2026-07-26 21:54:03 | stm32l151c6 | table_69 | page=120 | Y=7 Package information | outline/toc=7.3 LQFP48 7 x 7 mm, 48-pin low-profile quad flat package information
2026-07-26 21:54:03 | stm32l151c6 | table_70 | page=121 | Y=7 Package information | outline/toc=7.3 LQFP48 7 x 7 mm, 48-pin low-profile quad flat package information
2026-07-26 21:54:08 | stm32h7b3ai | table_1 | page=7 | Y=5 DMA controllers to unload the CPU | outline/toc=2 Description
2026-07-26 21:54:08 | stm32h7b3ai | table_2 | page=17 | Y=5 DMA controllers to unload the CPU | outline/toc=3.7.1 Clock management
2026-07-26 21:54:08 | stm32h7b3ai | table_3 | page=17 | Y=5 DMA controllers to unload the CPU | outline/toc=3.7.1 Clock management
2026-07-26 21:54:08 | stm32h7b3ai | table_4 | page=27 | Y=3.34 Timers and watchdogs | outline/toc=3.34.1 Advanced-control timers (TIM1, TIM8)
2026-07-26 21:54:08 | stm32h7b3ai | table_6 | page=48 | Y=3.49 Debug infrastructure | outline/toc=5 Pin descriptions
2026-07-26 21:54:08 | stm32h7b3ai | table_7 | page=49 | Y=3.49 Debug infrastructure | outline/toc=5 Pin descriptions
2026-07-26 21:54:08 | stm32h7b3ai | table_8 | page=69 | Y=3.49 Debug infrastructure | outline/toc=5 Pin descriptions
2026-07-26 21:54:08 | stm32h7b3ai | table_9 | page=70 | Y=3.49 Debug infrastructure | outline/toc=5 Pin descriptions
2026-07-26 21:54:08 | stm32h7b3ai | table_10 | page=71 | Y=3.49 Debug infrastructure | outline/toc=5 Pin descriptions
2026-07-26 21:54:08 | stm32h7b3ai | table_11 | page=72 | Y=3.49 Debug infrastructure | outline/toc=5 Pin descriptions
2026-07-26 21:54:08 | stm32h7b3ai | table_12 | page=73 | Y=3.49 Debug infrastructure | outline/toc=5 Pin descriptions
2026-07-26 21:54:08 | stm32h7b3ai | table_13 | page=74 | Y=3.49 Debug infrastructure | outline/toc=5 Pin descriptions
2026-07-26 21:54:08 | stm32h7b3ai | table_14 | page=75 | Y=3.49 Debug infrastructure | outline/toc=5 Pin descriptions
2026-07-26 21:54:08 | stm32h7b3ai | table_15 | page=76 | Y=3.49 Debug infrastructure | outline/toc=5 Pin descriptions
2026-07-26 21:54:08 | stm32h7b3ai | table_16 | page=77 | Y=3.49 Debug infrastructure | outline/toc=5 Pin descriptions
2026-07-26 21:54:08 | stm32h7b3ai | table_17 | page=78 | Y=3.49 Debug infrastructure | outline/toc=5 Pin descriptions
2026-07-26 21:54:08 | stm32h7b3ai | table_18 | page=78 | Y=3.49 Debug infrastructure | outline/toc=5 Pin descriptions
2026-07-26 21:54:08 | stm32h7b3ai | table_25 | page=86 | Y=6.3.2 VCAP external capacitor | outline/toc=6.3.3 SMPS step-down converter
2026-07-26 21:54:08 | stm32h7b3ai | table_28 | page=91 | Y=6.3.4 Operating conditions at power-up / power-down | outline/toc=6.3.5 Embedded reset and power control block characteristics
2026-07-26 21:54:08 | stm32h7b3ai | table_31 | page=93 | Y=6.3.6 Embedded reference voltage | outline/toc=6.3.7 Supply current characteristics
2026-07-26 21:54:08 | stm32h7b3ai | table_32 | page=93 | Y=6.3.6 Embedded reference voltage | outline/toc=6.3.7 Supply current characteristics
2026-07-26 21:54:08 | stm32h7b3ai | table_45 | page=105 | Y=6.3.7 Supply current characteristics | outline/toc=6.3.8 Wakeup time from low-power modes
2026-07-26 21:54:08 | stm32h7b3ai | table_50 | page=109 | Y=8 MHz | outline/toc=6.3.9 External clock source characteristics
2026-07-26 21:54:08 | stm32h7b3ai | table_54 | page=112 | Y=6.3.10 Internal clock source characteristics | outline/toc=6.3.11 PLL characteristics
2026-07-26 21:54:08 | stm32h7b3ai | table_61 | page=116 | Y=6.3.13 EMC characteristics | outline/toc=6.3.14 Absolute maximum ratings (electrical sensitivity)
2026-07-26 21:54:08 | stm32h7b3ai | table_64 | page=117 | Y=6.3.15 I/O current injection characteristics | outline/toc=6.3.16 I/O port characteristics
2026-07-26 21:54:08 | stm32h7b3ai | table_70 | page=122 | Y=6.3.16 I/O port characteristics | outline/toc=6.3.17 NRST pin characteristics
2026-07-26 21:54:08 | stm32h7b3ai | table_71 | page=123 | Y=6.3.17 NRST pin characteristics | outline/toc=6.3.18 FMC characteristics
2026-07-26 21:54:08 | stm32h7b3ai | table_99 | page=156 | Y=6.3.24 Analog temperature sensor characteristics | outline/toc=6.3.25 Digital temperature sensor characteristics
2026-07-26 21:54:08 | stm32h7b3ai | table_100 | page=156 | Y=6.3.24 Analog temperature sensor characteristics | outline/toc=6.3.25 Digital temperature sensor characteristics
2026-07-26 21:54:08 | stm32h7b3ai | table_102 | page=157 | Y=6.3.26 Temperature and V monitoring | outline/toc=6.3.28 Comparator characteristics
2026-07-26 21:54:08 | stm32h7b3ai | table_103 | page=157 | Y=6.3.26 Temperature and V monitoring | outline/toc=6.3.28 Comparator characteristics
2026-07-26 21:54:08 | stm32h7b3ai | table_104 | page=157 | Y=6.3.26 Temperature and V monitoring | outline/toc=6.3.28 Comparator characteristics
2026-07-26 21:54:08 | stm32h7b3ai | table_105 | page=157 | Y=6.3.27 Voltage booster for analog switch | outline/toc=6.3.28 Comparator characteristics
2026-07-26 21:54:09 | stm32h7b3ai | table_109 | page=163 | Y=6.3.31 Camera interface (DCMI) timing specifications | outline/toc=6.3.32 PSSI interface characteristics
2026-07-26 21:54:09 | stm32h7b3ai | table_113 | page=168 | Y=6.3.34 Timer characteristics | outline/toc=6.3.36 Communication interfaces
2026-07-26 21:54:09 | stm32h7b3ai | table_114 | page=168 | Y=6.3.35 Low-power timer characteristics | outline/toc=6.3.36 Communication interfaces
2026-07-26 21:54:09 | stm32h7b3ai | table_119 | page=174 | Y=6.3.36.3 SPI interface characteristics | outline/toc=6.3.36 Communication interfaces
2026-07-26 21:54:09 | stm32h7b3ai | table_121 | page=178 | Y=6.3.36.6 MDIO characteristics | outline/toc=6.3.36 Communication interfaces
2026-07-26 21:54:09 | stm32h7b3ai | table_124 | page=181 | Y=6.3.36.7 SD/SDIO MMC card host interface (SDMMC) characteristics | outline/toc=6.3.36 Communication interfaces
2026-07-26 21:54:09 | stm32h7b3ai | table_125 | page=181 | Y=6.3.36.7 SD/SDIO MMC card host interface (SDMMC) characteristics | outline/toc=6.3.36 Communication interfaces
2026-07-26 21:54:09 | stm32h7b3ai | table_128 | page=186 | Y=7 Package information | outline/toc=7.1 LQFP64 package information
2026-07-26 21:54:09 | stm32h7b3ai | table_129 | page=190 | Y=7 Package information | outline/toc=7.2 LQFP100 package information
2026-07-26 21:54:09 | stm32h7b3ai | table_130 | page=194 | Y=7 Package information | outline/toc=7.3 TFBGA100 package information
2026-07-26 21:54:09 | stm32h7b3ai | table_131 | page=195 | Y=7 Package information | outline/toc=7.3 TFBGA100 package information
2026-07-26 21:54:09 | stm32h7b3ai | table_132 | page=198 | Y=7 Package information | outline/toc=7.4 WLCSP132 package information
2026-07-26 21:54:09 | stm32h7b3ai | table_133 | page=199 | Y=7 Package information | outline/toc=7.4.1 Device marking for WLCSP132
2026-07-26 21:54:09 | stm32h7b3ai | table_134 | page=201 | Y=7 Package information | outline/toc=7.5 LQFP144 package information
2026-07-26 21:54:09 | stm32h7b3ai | table_135 | page=205 | Y=7 Package information | outline/toc=7.6 LQFP176 package information
2026-07-26 21:54:09 | stm32h7b3ai | table_136 | page=209 | Y=7 Package information | outline/toc=7.7 TFBGA216 package information
2026-07-26 21:54:09 | stm32h7b3ai | table_137 | page=210 | Y=7 Package information | outline/toc=7.7.1 Device marking for TFBGA216
2026-07-26 21:54:09 | stm32h7b3ai | table_138 | page=212 | Y=7 Package information | outline/toc=7.8 TFBGA225 package information
2026-07-26 21:54:09 | stm32h7b3ai | table_139 | page=213 | Y=7 Package information | outline/toc=7.8.1 Device marking for TFBGA225
2026-07-26 21:54:09 | stm32h7b3ai | table_140 | page=215 | Y=7 Package information | outline/toc=7.9 UFBGA169 package information
2026-07-26 21:54:09 | stm32h7b3ai | table_141 | page=216 | Y=7 Package information | outline/toc=7.9.1 Device marking for UFBGA169
2026-07-26 21:54:09 | stm32h7b3ai | table_142 | page=218 | Y=7 Package information | outline/toc=7.9.1 Device marking for UFBGA169
2026-07-26 21:54:09 | stm32h7b3ai | table_143 | page=219 | Y=7 Package information | outline/toc=7.11 Thermal characteristics
2026-07-26 21:54:09 | stm32h7b3ai | table_145 | page=224 | Y=7.11.1 Reference documents | outline/toc=8 Ordering information
2026-07-26 21:54:13 | stm32l151qc | table_1 | page=2 | Y=4.2 MHz | outline/toc=
2026-07-26 21:54:13 | stm32l151cc | table_1 | page=1 | Y=4.2 MHz PLL for CPU clock and USB | outline/toc=
2026-07-26 21:54:13 | stm32l151cc | table_6 | page=25 | Y=3.9 LCD (liquid crystal display) | outline/toc=3.10 ADC (analog-to-digital converter)
2026-07-26 21:54:13 | stm32l151qc | table_12 | page=59 | Y=6.2 Absolute maximum ratings | outline/toc=6.3.1 General operating conditions
2026-07-26 21:54:13 | stm32l151cc | table_13 | page=56 | Y=6.2 Absolute maximum ratings | outline/toc=6.3.1 General operating conditions
2026-07-26 21:54:13 | stm32l151qc | table_25 | page=75 | Y=6.3.5 Wakeup time from low-power mode | outline/toc=6.3.6 External clock source characteristics
2026-07-26 21:54:13 | stm32l151qc | table_33 | page=84 | Y=6.3.8 PLL characteristics | outline/toc=6.3.9 Memory characteristics
2026-07-26 21:54:13 | stm32l151cc | table_34 | page=80 | Y=6.3.8 PLL characteristics | outline/toc=6.3.9 Memory characteristics
2026-07-26 21:54:13 | stm32l151cc | table_39 | page=83 | Y=6.3.10 EMC characteristics | outline/toc=6.3.11 Electrical sensitivity characteristics
2026-07-26 21:54:13 | stm32l151qc | table_38 | page=87 | Y=6.3.10 EMC characteristics | outline/toc=6.3.11 Electrical sensitivity characteristics
2026-07-26 21:54:13 | stm32l151cc | table_41 | page=84 | Y=6.3.11 Electrical sensitivity characteristics | outline/toc=6.3.12 I/O current injection characteristics
2026-07-26 21:54:13 | stm32l151qc | table_40 | page=88 | Y=6.3.11 Electrical sensitivity characteristics | outline/toc=6.3.12 I/O current injection characteristics
2026-07-26 21:54:13 | stm32l151cc | table_61 | page=107 | Y=6.3.20 Temperature sensor characteristics | outline/toc=6.3.21 Comparator
2026-07-26 21:54:13 | stm32l151cc | table_62 | page=107 | Y=6.3.20 Temperature sensor characteristics | outline/toc=6.3.21 Comparator
2026-07-26 21:54:13 | stm32l151qc | table_60 | page=111 | Y=6.3.20 Temperature sensor characteristics | outline/toc=6.3.21 Comparator
2026-07-26 21:54:13 | stm32l151qc | table_61 | page=111 | Y=6.3.20 Temperature sensor characteristics | outline/toc=6.3.21 Comparator
2026-07-26 21:54:13 | stm32l151qc | table_65 | page=114 | Y=7 Package information | outline/toc=7.1 LQFP64 package information
2026-07-26 21:54:13 | stm32l151qc | table_66 | page=117 | Y=7 Package information | outline/toc=7.2 WLCSP64 package information
2026-07-26 21:54:13 | stm32l151qc | table_67 | page=118 | Y=7 Package information | outline/toc=7.2 WLCSP64 package information
2026-07-26 21:54:13 | stm32l151qc | table_68 | page=120 | Y=7 Package information | outline/toc=7.3 LQFP100 package information
2026-07-26 21:54:13 | stm32l151qc | table_69 | page=123 | Y=7 Package information | outline/toc=7.4 UFBGA132 package information
2026-07-26 21:54:13 | stm32l151qc | table_70 | page=127 | Y=7 Package information | outline/toc=7.5 LQFP144 package information
2026-07-26 21:54:22 | stm32l151qd | table_1 | page=2 | Y=4.2 MHz | outline/toc=
2026-07-26 21:54:22 | stm32l151qd | table_12 | page=63 | Y=6.2 Absolute maximum ratings | outline/toc=6.3.1 General operating conditions
2026-07-26 21:54:22 | stm32l151qd | table_25 | page=79 | Y=6.3.5 Wakeup time from low-power mode | outline/toc=6.3.6 External clock source characteristics
2026-07-26 21:54:22 | stm32l151qd | table_33 | page=88 | Y=6.3.8 PLL characteristics | outline/toc=6.3.9 Memory characteristics
2026-07-26 21:54:22 | stm32l151qd | table_46 | page=103 | Y=6.3.11 EMC characteristics | outline/toc=6.3.12 Electrical sensitivity characteristics
2026-07-26 21:54:22 | stm32l151qd | table_48 | page=104 | Y=6.3.12 Electrical sensitivity characteristics | outline/toc=6.3.13 I/O current injection characteristics
2026-07-26 21:54:22 | stm32l151qd | table_69 | page=128 | Y=6.3.22 Temperature sensor characteristics | outline/toc=6.3.23 Comparator
2026-07-26 21:54:22 | stm32l151qd | table_70 | page=128 | Y=6.3.22 Temperature sensor characteristics | outline/toc=6.3.23 Comparator
2026-07-26 21:54:22 | stm32l151qd | table_74 | page=131 | Y=7 Package information | outline/toc=7.1 LQFP64 package information
2026-07-26 21:54:22 | stm32l151qd | table_75 | page=134 | Y=7 Package information | outline/toc=7.2 WLCSP64 package information
2026-07-26 21:54:22 | stm32l151qd | table_76 | page=135 | Y=7 Package information | outline/toc=7.2 WLCSP64 package information
2026-07-26 21:54:22 | stm32l151qd | table_77 | page=137 | Y=7 Package information | outline/toc=7.3 LQFP100 package information
2026-07-26 21:54:22 | stm32l151qd | table_78 | page=140 | Y=7 Package information | outline/toc=7.4 UFBGA132 package information
2026-07-26 21:54:22 | stm32l151qd | table_79 | page=144 | Y=7 Package information | outline/toc=7.5 LQFP144 package information
2026-07-26 21:54:30 | stm32l151qe | table_1 | page=2 | Y=4.2 MHz oscillator | outline/toc=
2026-07-26 21:54:31 | stm32l151qe | table_12 | page=61 | Y=6.2 Absolute maximum ratings | outline/toc=6.3.1 General operating conditions
2026-07-26 21:54:31 | stm32l151qe | table_33 | page=85 | Y=6.3.8 PLL characteristics | outline/toc=6.3.9 Memory characteristics
2026-07-26 21:54:31 | stm32l151qe | table_38 | page=88 | Y=6.3.10 EMC characteristics | outline/toc=6.3.11 Electrical sensitivity characteristics
2026-07-26 21:54:31 | stm32l151qe | table_40 | page=89 | Y=6.3.11 Electrical sensitivity characteristics | outline/toc=6.3.12 I/O current injection characteristics
2026-07-26 21:54:31 | stm32l151qe | table_60 | page=112 | Y=6.3.20 Temperature sensor characteristics | outline/toc=6.3.21 Comparator
2026-07-26 21:54:31 | stm32l151qe | table_61 | page=112 | Y=6.3.20 Temperature sensor characteristics | outline/toc=6.3.21 Comparator
2026-07-26 21:54:31 | stm32l151qe | table_65 | page=115 | Y=7 Package information | outline/toc=7.1 LQFP64 package information
2026-07-26 21:54:31 | stm32l151qe | table_66 | page=118 | Y=7 Package information | outline/toc=7.2 LQFP100 package information
2026-07-26 21:54:31 | stm32l151qe | table_67 | page=122 | Y=7 Package information | outline/toc=7.3 WLCSP104 package information
2026-07-26 21:54:31 | stm32l151qe | table_68 | page=123 | Y=7 Package information | outline/toc=7.3 WLCSP104 package information
2026-07-26 21:54:31 | stm32l151qe | table_69 | page=124 | Y=7 Package information | outline/toc=7.4 UFBGA132 package information
2026-07-26 21:54:31 | stm32l151qe | table_70 | page=128 | Y=7 Package information | outline/toc=7.5 LQFP144 package information
2026-07-26 21:54:40 | stm32l162qc | table_1 | page=2 | Y=4.2 MHz | outline/toc=
2026-07-26 21:54:40 | stm32l162qc | table_12 | page=58 | Y=6.2 Absolute maximum ratings | outline/toc=6.3.1 General operating conditions
2026-07-26 21:54:40 | stm32l162qc | table_33 | page=83 | Y=6.3.8 PLL characteristics | outline/toc=6.3.9 Memory characteristics
2026-07-26 21:54:40 | stm32l162qc | table_38 | page=86 | Y=6.3.10 EMC characteristics | outline/toc=6.3.11 Electrical sensitivity characteristics
2026-07-26 21:54:40 | stm32l162qc | table_40 | page=87 | Y=6.3.11 Electrical sensitivity characteristics | outline/toc=6.3.12 I/O current injection characteristics
2026-07-26 21:54:40 | stm32l162qc | table_60 | page=110 | Y=6.3.20 Temperature sensor characteristics | outline/toc=6.3.21 Comparator
2026-07-26 21:54:40 | stm32l162qc | table_61 | page=110 | Y=6.3.20 Temperature sensor characteristics | outline/toc=6.3.21 Comparator
2026-07-26 21:54:40 | stm32l162qc | table_65 | page=113 | Y=7 Package information | outline/toc=7.1 LQFP64 package information
2026-07-26 21:54:40 | stm32l162qc | table_66 | page=116 | Y=7 Package information | outline/toc=7.2 LQFP100 package information
2026-07-26 21:54:40 | stm32l162qc | table_67 | page=119 | Y=7 Package information | outline/toc=7.3 UFBGA132 package information
2026-07-26 21:54:40 | stm32l162qc | table_68 | page=123 | Y=7 Package information | outline/toc=7.4 LQFP144 package information
2026-07-26 21:54:45 | stm32l162rc | table_6 | page=24 | Y=3.9 LCD (liquid crystal display) | outline/toc=3.10 ADC (analog-to-digital converter)
2026-07-26 21:54:45 | stm32l162rc | table_13 | page=51 | Y=6.2 Absolute maximum ratings | outline/toc=6.3.1 General operating conditions
2026-07-26 21:54:45 | stm32l162re | table_1 | page=1 | Y=4.2 MHz oscillator | outline/toc=
2026-07-26 21:54:45 | stm32l162rc | table_34 | page=75 | Y=6.3.8 PLL characteristics | outline/toc=6.3.9 Memory characteristics
2026-07-26 21:54:45 | stm32l162re | table_12 | page=58 | Y=6.2 Absolute maximum ratings | outline/toc=6.3.1 General operating conditions
2026-07-26 21:54:45 | stm32l162rc | table_39 | page=78 | Y=6.3.10 EMC characteristics | outline/toc=6.3.11 Electrical sensitivity characteristics
2026-07-26 21:54:45 | stm32l162rc | table_41 | page=79 | Y=6.3.11 Electrical sensitivity characteristics | outline/toc=6.3.12 I/O current injection characteristics
2026-07-26 21:54:45 | stm32l162re | table_25 | page=74 | Y=6.3.5 Wakeup time from low-power mode | outline/toc=6.3.6 External clock source characteristics
2026-07-26 21:54:45 | stm32l162re | table_33 | page=83 | Y=6.3.8 PLL characteristics | outline/toc=6.3.9 Memory characteristics
2026-07-26 21:54:45 | stm32l162re | table_38 | page=86 | Y=6.3.10 EMC characteristics | outline/toc=6.3.11 Electrical sensitivity characteristics
2026-07-26 21:54:45 | stm32l162rc | table_61 | page=102 | Y=6.3.20 Temperature sensor characteristics | outline/toc=6.3.21 Comparator
2026-07-26 21:54:45 | stm32l162rc | table_62 | page=102 | Y=6.3.20 Temperature sensor characteristics | outline/toc=6.3.21 Comparator
2026-07-26 21:54:45 | stm32l162re | table_40 | page=87 | Y=6.3.11 Electrical sensitivity characteristics | outline/toc=6.3.12 I/O current injection characteristics
2026-07-26 21:54:45 | stm32l162re | table_60 | page=110 | Y=6.3.20 Temperature sensor characteristics | outline/toc=6.3.21 Comparator
2026-07-26 21:54:45 | stm32l162re | table_61 | page=110 | Y=6.3.20 Temperature sensor characteristics | outline/toc=6.3.21 Comparator
2026-07-26 21:54:49 | stm32l162qd | table_11 | page=63 | Y=6.2 Absolute maximum ratings | outline/toc=6.3.1 General operating conditions
2026-07-26 21:54:49 | stm32l162qd | table_24 | page=79 | Y=6.3.5 Wakeup time from low-power mode | outline/toc=6.3.6 External clock source characteristics
2026-07-26 21:54:49 | stm32l162qd | table_32 | page=88 | Y=6.3.8 PLL characteristics | outline/toc=6.3.9 Memory characteristics
2026-07-26 21:54:49 | stm32l162qd | table_45 | page=103 | Y=6.3.11 EMC characteristics | outline/toc=6.3.12 Electrical sensitivity characteristics
2026-07-26 21:54:49 | stm32l162qd | table_47 | page=104 | Y=6.3.12 Electrical sensitivity characteristics | outline/toc=6.3.13 I/O current injection characteristics
2026-07-26 21:54:49 | stm32l162qd | table_68 | page=128 | Y=6.3.22 Temperature sensor characteristics | outline/toc=6.3.23 Comparator
2026-07-26 21:54:49 | stm32l162qd | table_69 | page=128 | Y=6.3.22 Temperature sensor characteristics | outline/toc=6.3.23 Comparator
2026-07-26 21:54:49 | stm32l162qd | table_73 | page=131 | Y=7 Package information | outline/toc=7.1 LQFP64 package information
2026-07-26 21:54:49 | stm32l162qd | table_74 | page=134 | Y=7 Package information | outline/toc=7.2 WLCSP64 package information
2026-07-26 21:54:49 | stm32l162qd | table_75 | page=135 | Y=7 Package information | outline/toc=7.2 WLCSP64 package information
2026-07-26 21:54:49 | stm32l162qd | table_76 | page=137 | Y=7 Package information | outline/toc=7.3 LQFP100 package information
2026-07-26 21:54:49 | stm32l162qd | table_77 | page=140 | Y=7 Package information | outline/toc=7.4 UFBGA132 package information
2026-07-26 21:54:49 | stm32l162qd | table_78 | page=144 | Y=7 Package information | outline/toc=7.5 LQFP144 package information
2026-07-26 21:55:31 | stm32l432kb | table_1 | page=11 | Y=3.6 V power supply. A comprehensive set of power-saving modes allows the design of low- | outline/toc=2 Description
2026-07-26 21:55:31 | stm32l432kb | table_7 | page=36 | Y=3.15.1 Temperature sensor | outline/toc=3.16 Digital to analog converter (DAC)
2026-07-26 21:55:31 | stm32l432kb | table_8 | page=36 | Y=3.15.2 Internal voltage reference (V ) | outline/toc=3.16 Digital to analog converter (DAC)
2026-07-26 21:55:31 | stm32l432kb | table_10 | page=43 | Y=3.23 Inter-integrated circuit interface (I C) | outline/toc=3.23 Inter-integrated circuit interface (I2C)
2026-07-26 21:55:31 | stm32l432kb | table_12 | page=47 | Y=3.27 Serial audio interfaces (SAI) | outline/toc=3.29 Controller area network (CAN)
2026-07-26 21:55:31 | stm32l432kb | table_15 | page=55 | Y=5 S - - - - | outline/toc=4 Pinouts and pin description
2026-07-26 21:55:31 | stm32l432kb | table_16 | page=57 | Y=5 S - - - - | outline/toc=4 Pinouts and pin description
2026-07-26 21:55:31 | stm32l432kb | table_17 | page=60 | Y=7 QUADSPI registers | outline/toc=5 Memory mapping
2026-07-26 21:55:31 | stm32l432kb | table_22 | page=68 | Y=6.3.2 Operating conditions at power-up / power-down | outline/toc=6.3.3 Embedded reset and power control block characteristics
2026-07-26 21:55:31 | stm32l432kb | table_53 | page=105 | Y=6.3.11 EMC characteristics | outline/toc=6.3.12 Electrical sensitivity characteristics
2026-07-26 21:55:31 | stm32l432kb | table_55 | page=106 | Y=6.3.12 Electrical sensitivity characteristics | outline/toc=6.3.13 I/O current injection characteristics
2026-07-26 21:55:31 | stm32l432kb | table_61 | page=113 | Y=6.3.16 Extended interrupt and event controller input (EXTI) characteristics | outline/toc=6.3.17 Analog switches booster
2026-07-26 21:55:31 | stm32l432kb | table_73 | page=136 | Y=6.3.22 Temperature sensor characteristics | outline/toc=6.3.23 Timer characteristics
2026-07-26 21:55:31 | stm32l432kb | table_84 | page=150 | Y=6.3.24 Communication interfaces characteristics | outline/toc=7.1 UFQFPN32 package information
2026-07-26 21:55:31 | stm32l432kb | table_85 | page=152 | Y=7.2 Thermal characteristics | outline/toc=7.2.1 Reference document
2026-07-26 21:55:45 | stm32l422cb | table_8 | page=38 | Y=3.15.1 Temperature sensor | outline/toc=3.17 Operational amplifier (OPAMP)
2026-07-26 21:55:45 | stm32l422cb | table_9 | page=38 | Y=3.15.2 Internal voltage reference (V ) | outline/toc=3.17 Operational amplifier (OPAMP)
2026-07-26 21:55:45 | stm32l422cb | table_11 | page=45 | Y=3.23 Inter-integrated circuit interface (I C) | outline/toc=3.23 Inter-integrated circuit interface (I2C)
2026-07-26 21:55:45 | stm32l422cb | table_12 | page=46 | Y=10 Mbit/s | outline/toc=3.24 Universal synchronous/asynchronous receiver transmitter (USART)
2026-07-26 21:55:45 | stm32l422cb | table_13 | page=54 | Y=3.30.1 Serial wire JTAG debug port (SWJ-DP) | outline/toc=4 Pinouts and pin description
2026-07-26 21:55:45 | stm32l422cb | table_14 | page=56 | Y=3.30.1 Serial wire JTAG debug port (SWJ-DP) | outline/toc=4 Pinouts and pin description
2026-07-26 21:55:45 | stm32l422cb | table_15 | page=62 | Y=3.30.1 Serial wire JTAG debug port (SWJ-DP) | outline/toc=4 Pinouts and pin description
2026-07-26 21:55:45 | stm32l422cb | table_16 | page=65 | Y=3.30.1 Serial wire JTAG debug port (SWJ-DP) | outline/toc=4 Pinouts and pin description
2026-07-26 21:55:45 | stm32l422cb | table_17 | page=69 | Y=7 QUADSPI registers | outline/toc=5 Memory mapping
2026-07-26 21:55:45 | stm32l422cb | table_22 | page=77 | Y=6.3.2 Operating conditions at power-up / power-down | outline/toc=6.3.3 Embedded reset and power control block characteristics
2026-07-26 21:55:45 | stm32l422cb | table_46 | page=109 | Y=8 MHz controlled | outline/toc=6.3.7 External clock source characteristics
2026-07-26 21:55:45 | stm32l422cb | table_55 | page=121 | Y=6.3.11 EMC characteristics | outline/toc=6.3.12 Electrical sensitivity characteristics
2026-07-26 21:55:45 | stm32l422cb | table_57 | page=122 | Y=6.3.12 Electrical sensitivity characteristics | outline/toc=6.3.13 I/O current injection characteristics
2026-07-26 21:55:45 | stm32l422cb | table_63 | page=129 | Y=6.3.16 Extended interrupt and event controller input (EXTI) characteristics | outline/toc=6.3.17 Analog switches booster
2026-07-26 21:55:45 | stm32l422cb | table_74 | page=148 | Y=6.3.22 V monitoring characteristics | outline/toc=6.3.23 Timer characteristics
2026-07-26 21:55:45 | stm32l422cb | table_75 | page=148 | Y=6.3.22 V monitoring characteristics | outline/toc=6.3.23 Timer characteristics
2026-07-26 21:55:45 | stm32l422cb | table_77 | page=149 | Y=6.3.23 Timer characteristics | outline/toc=6.3.24 Communication interfaces characteristics
2026-07-26 21:55:45 | stm32l422cb | table_78 | page=149 | Y=6.3.23 Timer characteristics | outline/toc=6.3.24 Communication interfaces characteristics
2026-07-26 21:55:45 | stm32l422cb | table_84 | page=159 | Y=6.3.24 Communication interfaces characteristics | outline/toc=7.1 LQFP64 package information
2026-07-26 21:55:45 | stm32l422cb | table_85 | page=162 | Y=6.3.24 Communication interfaces characteristics | outline/toc=7.2 UFBGA64 package information
2026-07-26 21:55:45 | stm32l422cb | table_86 | page=163 | Y=6.3.24 Communication interfaces characteristics | outline/toc=7.2 UFBGA64 package information
2026-07-26 21:55:45 | stm32l422cb | table_87 | page=166 | Y=6.3.24 Communication interfaces characteristics | outline/toc=7.3 LQFP48 package information
2026-07-26 21:55:45 | stm32l422cb | table_88 | page=170 | Y=6.3.24 Communication interfaces characteristics | outline/toc=7.4 UFQFPN48 package information
2026-07-26 21:55:45 | stm32l422cb | table_89 | page=172 | Y=6.3.24 Communication interfaces characteristics | outline/toc=7.5 WLCSP36 package information
2026-07-26 21:55:45 | stm32l422cb | table_90 | page=174 | Y=6.3.24 Communication interfaces characteristics | outline/toc=7.5 WLCSP36 package information
2026-07-26 21:55:45 | stm32l422cb | table_91 | page=176 | Y=6.3.24 Communication interfaces characteristics | outline/toc=7.6 UFQFPN32 package information
2026-07-26 21:55:45 | stm32l422cb | table_92 | page=179 | Y=6.3.24 Communication interfaces characteristics | outline/toc=7.7 LQFP32 package information
2026-07-26 21:55:45 | stm32l422cb | table_93 | page=182 | Y=7.8 Thermal characteristics | outline/toc=7.8.2 Selecting the product temperature range
2026-07-26 21:55:45 | stm32l422cb | table_94 | page=185 | Y=7.8.2 Selecting the product temperature range | outline/toc=8 Ordering information
2026-07-26 21:55:45 | stm32l422cb | table_95 | page=187 | Y=9 Important security notice | outline/toc=10 Revision history
2026-07-26 21:55:48 | stm32l442kc | table_1 | page=11 | Y=3.6 V power supply. A comprehensive set of power-saving modes allows the design of low- | outline/toc=2 Description
2026-07-26 21:55:49 | stm32l442kc | table_7 | page=36 | Y=3.15.1 Temperature sensor | outline/toc=3.16 Digital to analog converter (DAC)
2026-07-26 21:55:49 | stm32l442kc | table_8 | page=36 | Y=3.15.2 Internal voltage reference (V ) | outline/toc=3.16 Digital to analog converter (DAC)
2026-07-26 21:55:49 | stm32l442kc | table_10 | page=44 | Y=3.24 Inter-integrated circuit interface (I C) | outline/toc=3.24 Inter-integrated circuit interface (I2C)
2026-07-26 21:55:49 | stm32l442kc | table_12 | page=48 | Y=3.28 Serial audio interfaces (SAI) | outline/toc=3.30 Controller area network (CAN)
2026-07-26 21:55:49 | stm32l442kc | table_15 | page=56 | Y=5 S - - - - | outline/toc=4 Pinouts and pin description
2026-07-26 21:55:49 | stm32l442kc | table_16 | page=58 | Y=5 S - - - - | outline/toc=4 Pinouts and pin description
2026-07-26 21:55:49 | stm32l442kc | table_17 | page=61 | Y=7 QUADSPI registers | outline/toc=5 Memory mapping
2026-07-26 21:55:49 | stm32l442kc | table_22 | page=69 | Y=6.3.2 Operating conditions at power-up / power-down | outline/toc=6.3.3 Embedded reset and power control block characteristics
2026-07-26 21:55:49 | stm32l442kc | table_53 | page=106 | Y=6.3.11 EMC characteristics | outline/toc=6.3.12 Electrical sensitivity characteristics
2026-07-26 21:55:49 | stm32l442kc | table_55 | page=107 | Y=6.3.12 Electrical sensitivity characteristics | outline/toc=6.3.13 I/O current injection characteristics
2026-07-26 21:55:49 | stm32l442kc | table_61 | page=114 | Y=6.3.16 Extended interrupt and event controller input (EXTI) characteristics | outline/toc=6.3.17 Analog switches booster
2026-07-26 21:55:49 | stm32l442kc | table_73 | page=137 | Y=6.3.22 Temperature sensor characteristics | outline/toc=6.3.23 Timer characteristics
2026-07-26 21:55:49 | stm32l442kc | table_84 | page=151 | Y=6.3.24 Communication interfaces characteristics | outline/toc=7.1 UFQFPN32 package information
2026-07-26 21:55:49 | stm32l442kc | table_85 | page=153 | Y=7.2 Thermal characteristics | outline/toc=7.2.1 Reference document
2026-07-26 21:55:50 | stm32l412c8 | table_8 | page=39 | Y=3.15.1 Temperature sensor | outline/toc=3.17 Operational amplifier (OPAMP)
2026-07-26 21:55:50 | stm32l412c8 | table_9 | page=39 | Y=3.15.2 Internal voltage reference (V ) | outline/toc=3.17 Operational amplifier (OPAMP)
2026-07-26 21:55:50 | stm32l412c8 | table_10 | page=41 | Y=3.20 Timers and watchdogs | outline/toc=3.20.1 Advanced-control timer (TIM1)
2026-07-26 21:55:50 | stm32l412c8 | table_11 | page=45 | Y=3.22 Inter-integrated circuit interface (I C) | outline/toc=3.22 Inter-integrated circuit interface (I2C)
2026-07-26 21:55:50 | stm32l412c8 | table_12 | page=46 | Y=10 Mbit/s | outline/toc=3.23 Universal synchronous/asynchronous receiver transmitter (USART)
2026-07-26 21:55:50 | stm32l412c8 | table_13 | page=57 | Y=3.29.1 Serial wire JTAG debug port (SWJ-DP) | outline/toc=4 Pinouts and pin description
2026-07-26 21:55:50 | stm32l412c8 | table_14 | page=58 | Y=3.29.1 Serial wire JTAG debug port (SWJ-DP) | outline/toc=4 Pinouts and pin description
2026-07-26 21:55:50 | stm32l412c8 | table_15 | page=65 | Y=3.29.1 Serial wire JTAG debug port (SWJ-DP) | outline/toc=4 Pinouts and pin description
2026-07-26 21:55:50 | stm32l412c8 | table_16 | page=68 | Y=3.29.1 Serial wire JTAG debug port (SWJ-DP) | outline/toc=4 Pinouts and pin description
2026-07-26 21:55:50 | stm32l412c8 | table_17 | page=72 | Y=7 QUADSPI registers | outline/toc=5 Memory mapping
2026-07-26 21:55:50 | stm32l412c8 | table_22 | page=80 | Y=6.3.2 Operating conditions at power-up / power-down | outline/toc=6.3.3 Embedded reset and power control block characteristics
2026-07-26 21:55:51 | stm32l412c8 | table_56 | page=118 | Y=8 MHz controlled | outline/toc=6.3.7 External clock source characteristics
2026-07-26 21:55:51 | stm32l412c8 | table_65 | page=130 | Y=6.3.11 EMC characteristics | outline/toc=6.3.12 Electrical sensitivity characteristics
2026-07-26 21:55:51 | stm32l412c8 | table_67 | page=131 | Y=6.3.12 Electrical sensitivity characteristics | outline/toc=6.3.13 I/O current injection characteristics
2026-07-26 21:55:51 | stm32l412c8 | table_73 | page=138 | Y=6.3.16 Extended interrupt and event controller input (EXTI) characteristics | outline/toc=6.3.17 Analog switches booster
2026-07-26 21:55:51 | stm32l412c8 | table_84 | page=157 | Y=6.3.22 V monitoring characteristics | outline/toc=6.3.23 Timer characteristics
2026-07-26 21:55:51 | stm32l412c8 | table_85 | page=157 | Y=6.3.22 V monitoring characteristics | outline/toc=6.3.23 Timer characteristics
2026-07-26 21:55:51 | stm32l412c8 | table_87 | page=158 | Y=6.3.23 Timer characteristics | outline/toc=6.3.24 Communication interfaces characteristics
2026-07-26 21:55:51 | stm32l412c8 | table_88 | page=158 | Y=6.3.23 Timer characteristics | outline/toc=6.3.24 Communication interfaces characteristics
2026-07-26 21:55:51 | stm32l412c8 | table_94 | page=168 | Y=6.3.24 Communication interfaces characteristics | outline/toc=7.1 LQFP64 package information
2026-07-26 21:55:51 | stm32l412c8 | table_95 | page=171 | Y=6.3.24 Communication interfaces characteristics | outline/toc=7.2 UFBGA64 package information
2026-07-26 21:55:51 | stm32l412c8 | table_96 | page=172 | Y=6.3.24 Communication interfaces characteristics | outline/toc=7.2 UFBGA64 package information
2026-07-26 21:55:51 | stm32l412c8 | table_97 | page=175 | Y=6.3.24 Communication interfaces characteristics | outline/toc=7.3 LQFP48 package information
2026-07-26 21:55:51 | stm32l412c8 | table_98 | page=179 | Y=6.3.24 Communication interfaces characteristics | outline/toc=7.4 UFQFPN48 package information
2026-07-26 21:55:51 | stm32l412c8 | table_99 | page=181 | Y=6.3.24 Communication interfaces characteristics | outline/toc=7.5 WLCSP36 package information
2026-07-26 21:55:51 | stm32l412c8 | table_100 | page=183 | Y=6.3.24 Communication interfaces characteristics | outline/toc=7.5 WLCSP36 package information
2026-07-26 21:55:51 | stm32l412c8 | table_101 | page=185 | Y=6.3.24 Communication interfaces characteristics | outline/toc=7.6 UFQFPN32 package information
2026-07-26 21:55:51 | stm32l412c8 | table_102 | page=188 | Y=6.3.24 Communication interfaces characteristics | outline/toc=7.7 LQFP32 package information
2026-07-26 21:55:51 | stm32l412c8 | table_103 | page=191 | Y=7.8 Thermal characteristics | outline/toc=7.8.2 Selecting the product temperature range
2026-07-26 21:55:51 | stm32l412c8 | table_104 | page=194 | Y=7.8.2 Selecting the product temperature range | outline/toc=8 Ordering information
2026-07-26 21:55:51 | stm32l412c8 | table_105 | page=196 | Y=9 Important security notice | outline/toc=10 Revision history
2026-07-26 21:55:54 | stm32l431cb | table_2 | page=13 | Y=3.6 V power supply. A comprehensive set of power-saving modes allows the design of low- | outline/toc=2 Description
2026-07-26 21:55:54 | stm32l431cb | table_8 | page=39 | Y=3.15.1 Temperature sensor | outline/toc=3.16 Digital to analog converter (DAC)
2026-07-26 21:55:54 | stm32l431cb | table_9 | page=39 | Y=3.15.2 Internal voltage reference (V ) | outline/toc=3.16 Digital to analog converter (DAC)
2026-07-26 21:55:55 | stm32l431cb | table_11 | page=47 | Y=3.24 Inter-integrated circuit interface (I C) | outline/toc=3.24 Inter-integrated circuit interface (I2C)
2026-07-26 21:55:55 | stm32l431cb | table_13 | page=51 | Y=3.28 Serial audio interfaces (SAI) | outline/toc=3.30 Controller area network (CAN)
2026-07-26 21:55:55 | stm32l431cb | table_18 | page=81 | Y=7 QUADSPI registers | outline/toc=5 Memory mapping
2026-07-26 21:55:55 | stm32l431cb | table_23 | page=89 | Y=6.3.2 Operating conditions at power-up / power-down | outline/toc=6.3.3 Embedded reset and power control block characteristics
2026-07-26 21:55:55 | stm32l431cb | table_47 | page=117 | Y=8 MHz controlled | outline/toc=6.3.7 External clock source characteristics
2026-07-26 21:55:55 | stm32l431cb | table_51 | page=125 | Y=6.3.8 Internal clock source characteristics | outline/toc=6.3.9 PLL characteristics
2026-07-26 21:55:55 | stm32l431cb | table_56 | page=129 | Y=6.3.11 EMC characteristics | outline/toc=6.3.12 Electrical sensitivity characteristics
2026-07-26 21:55:55 | stm32l431cb | table_58 | page=130 | Y=6.3.12 Electrical sensitivity characteristics | outline/toc=6.3.13 I/O current injection characteristics
2026-07-26 21:55:55 | stm32l431cb | table_64 | page=137 | Y=6.3.16 Extended interrupt and event controller input (EXTI) characteristics | outline/toc=6.3.17 Analog switches booster
2026-07-26 21:55:55 | stm32l431cb | table_78 | page=163 | Y=6.3.24 V monitoring characteristics | outline/toc=6.3.25 Timer characteristics
2026-07-26 21:55:55 | stm32l431cb | table_79 | page=163 | Y=6.3.24 V monitoring characteristics | outline/toc=6.3.25 Timer characteristics
2026-07-26 21:55:55 | stm32l431cb | table_81 | page=164 | Y=6.3.25 Timer characteristics | outline/toc=6.3.26 Communication interfaces characteristics
2026-07-26 21:55:55 | stm32l431cb | table_82 | page=164 | Y=6.3.25 Timer characteristics | outline/toc=6.3.26 Communication interfaces characteristics
2026-07-26 21:55:55 | stm32l431cb | table_91 | page=177 | Y=6.3.26 Communication interfaces characteristics | outline/toc=7.1 LQFP100 package information
2026-07-26 21:55:55 | stm32l431cb | table_92 | page=180 | Y=6.3.26 Communication interfaces characteristics | outline/toc=7.2 UFBGA100 package information
2026-07-26 21:55:55 | stm32l431cb | table_93 | page=181 | Y=6.3.26 Communication interfaces characteristics | outline/toc=7.2 UFBGA100 package information
2026-07-26 21:55:55 | stm32l431cb | table_94 | page=183 | Y=6.3.26 Communication interfaces characteristics | outline/toc=7.3 LQFP64 package information
2026-07-26 21:55:55 | stm32l431cb | table_95 | page=186 | Y=6.3.26 Communication interfaces characteristics | outline/toc=7.4 UFBGA64 package information
2026-07-26 21:55:55 | stm32l431cb | table_96 | page=186 | Y=6.3.26 Communication interfaces characteristics | outline/toc=7.4 UFBGA64 package information
2026-07-26 21:55:55 | stm32l431cb | table_97 | page=188 | Y=6.3.26 Communication interfaces characteristics | outline/toc=7.5 WLCSP64 package information
2026-07-26 21:55:55 | stm32l431cb | table_98 | page=189 | Y=6.3.26 Communication interfaces characteristics | outline/toc=7.5 WLCSP64 package information
2026-07-26 21:55:55 | stm32l431cb | table_99 | page=192 | Y=6.3.26 Communication interfaces characteristics | outline/toc=7.6 WLCSP49 package information
2026-07-26 21:55:55 | stm32l431cb | table_100 | page=193 | Y=6.3.26 Communication interfaces characteristics | outline/toc=7.6 WLCSP49 package information
2026-07-26 21:55:55 | stm32l431cb | table_101 | page=195 | Y=6.3.26 Communication interfaces characteristics | outline/toc=7.7 LQFP48 package information
2026-07-26 21:55:55 | stm32l431cb | table_102 | page=198 | Y=6.3.26 Communication interfaces characteristics | outline/toc=7.8 UFQFPN48 package information
2026-07-26 21:55:55 | stm32l431cb | table_103 | page=201 | Y=6.3.26 Communication interfaces characteristics | outline/toc=7.9 UFQFPN32 package information
2026-07-26 21:55:55 | stm32l431cb | table_104 | page=203 | Y=7.10 Thermal characteristics | outline/toc=7.10.1 Reference document
2026-07-26 21:55:55 | stm32l431cb | table_105 | page=206 | Y=7.10.2 Selecting the product temperature range | outline/toc=8 Ordering information
2026-07-26 21:56:31 | stm32l451cc | table_8 | page=40 | Y=3.15.1 Temperature sensor | outline/toc=3.16 Digital to analog converter (DAC)
2026-07-26 21:56:31 | stm32l451cc | table_9 | page=40 | Y=3.15.2 Internal voltage reference (V ) | outline/toc=3.16 Digital to analog converter (DAC)
2026-07-26 21:56:31 | stm32l451cc | table_10 | page=45 | Y=3.21 Digital filter for Sigma-Delta modulators (DFSDM) | outline/toc=3.23 Timers and watchdogs
2026-07-26 21:56:31 | stm32l451cc | table_12 | page=49 | Y=3.25 Inter-integrated circuit interface (I C) | outline/toc=3.25 Inter-integrated circuit interface (I2C)
2026-07-26 21:56:31 | stm32l451cc | table_14 | page=53 | Y=3.29 Serial audio interfaces (SAI) | outline/toc=3.31 Secure digital input/output and MultiMediaCards Interface (SDMMC)
2026-07-26 21:56:31 | stm32l451cc | table_15 | page=61 | Y=3.34.1 Serial wire JTAG debug port (SWJ-DP) | outline/toc=4 Pinouts and pin description
2026-07-26 21:56:31 | stm32l451cc | table_16 | page=61 | Y=3.34.1 Serial wire JTAG debug port (SWJ-DP) | outline/toc=4 Pinouts and pin description
2026-07-26 21:56:31 | stm32l451cc | table_17 | page=71 | Y=3.34.1 Serial wire JTAG debug port (SWJ-DP) | outline/toc=4 Pinouts and pin description
2026-07-26 21:56:31 | stm32l451cc | table_18 | page=77 | Y=3.34.1 Serial wire JTAG debug port (SWJ-DP) | outline/toc=4 Pinouts and pin description
2026-07-26 21:56:31 | stm32l451cc | table_19 | page=84 | Y=7 QUADSPI registers | outline/toc=5 Memory mapping
2026-07-26 21:56:31 | stm32l451cc | table_24 | page=92 | Y=6.3.2 Operating conditions at power-up / power-down | outline/toc=6.3.3 Embedded reset and power control block characteristics
2026-07-26 21:56:31 | stm32l451cc | table_48 | page=120 | Y=8 MHz controlled | outline/toc=6.3.7 External clock source characteristics
2026-07-26 21:56:31 | stm32l451cc | table_52 | page=128 | Y=6.3.8 Internal clock source characteristics | outline/toc=6.3.9 PLL characteristics
2026-07-26 21:56:31 | stm32l451cc | table_57 | page=132 | Y=6.3.11 EMC characteristics | outline/toc=6.3.12 Electrical sensitivity characteristics
2026-07-26 21:56:31 | stm32l451cc | table_59 | page=133 | Y=6.3.12 Electrical sensitivity characteristics | outline/toc=6.3.13 I/O current injection characteristics
2026-07-26 21:56:32 | stm32l451cc | table_65 | page=140 | Y=6.3.16 Extended interrupt and event controller input (EXTI) characteristics | outline/toc=6.3.17 Analog switches booster
2026-07-26 21:56:32 | stm32l451cc | table_79 | page=166 | Y=6.3.24 V monitoring characteristics | outline/toc=6.3.25 Timer characteristics
2026-07-26 21:56:32 | stm32l451cc | table_80 | page=166 | Y=6.3.24 V monitoring characteristics | outline/toc=6.3.25 Timer characteristics
2026-07-26 21:56:32 | stm32l451cc | table_82 | page=167 | Y=6.3.25 Timer characteristics | outline/toc=6.3.26 Communication interfaces characteristics
2026-07-26 21:56:32 | stm32l451cc | table_83 | page=167 | Y=6.3.25 Timer characteristics | outline/toc=6.3.26 Communication interfaces characteristics
2026-07-26 21:56:32 | stm32l451cc | table_91 | page=180 | Y=6.3.26 Communication interfaces characteristics | outline/toc=7.1 LQFP100 package information
2026-07-26 21:56:32 | stm32l451cc | table_92 | page=183 | Y=6.3.26 Communication interfaces characteristics | outline/toc=7.2 UFBGA100 package information
2026-07-26 21:56:32 | stm32l451cc | table_93 | page=184 | Y=6.3.26 Communication interfaces characteristics | outline/toc=7.2 UFBGA100 package information
2026-07-26 21:56:32 | stm32l451cc | table_94 | page=186 | Y=6.3.26 Communication interfaces characteristics | outline/toc=7.3 LQFP64 package information
2026-07-26 21:56:32 | stm32l451cc | table_95 | page=189 | Y=6.3.26 Communication interfaces characteristics | outline/toc=7.4 UFBGA64 package information
2026-07-26 21:56:32 | stm32l451cc | table_96 | page=190 | Y=6.3.26 Communication interfaces characteristics | outline/toc=7.4 UFBGA64 package information
2026-07-26 21:56:32 | stm32l451cc | table_97 | page=193 | Y=6.3.26 Communication interfaces characteristics | outline/toc=7.5 WLCSP64 package information
2026-07-26 21:56:32 | stm32l451cc | table_98 | page=194 | Y=6.3.26 Communication interfaces characteristics | outline/toc=7.5 WLCSP64 package information
2026-07-26 21:56:32 | stm32l451cc | table_99 | page=196 | Y=6.3.26 Communication interfaces characteristics | outline/toc=7.6 LQFP48 package information
2026-07-26 21:56:32 | stm32l451cc | table_100 | page=199 | Y=6.3.26 Communication interfaces characteristics | outline/toc=7.7 UFQFPN48 package information
2026-07-26 21:56:32 | stm32l451cc | table_101 | page=201 | Y=7.8 Thermal characteristics | outline/toc=7.8.2 Selecting the product temperature range
2026-07-26 21:56:32 | stm32l451cc | table_102 | page=204 | Y=7.8.2 Selecting the product temperature range | outline/toc=8 Ordering information
2026-07-26 21:56:38 | stm32l433cb | table_8 | page=40 | Y=3.15.1 Temperature sensor | outline/toc=3.16 Digital to analog converter (DAC)
2026-07-26 21:56:38 | stm32l433cb | table_9 | page=40 | Y=3.15.2 Internal voltage reference (V ) | outline/toc=3.16 Digital to analog converter (DAC)
2026-07-26 21:56:38 | stm32l433cb | table_10 | page=44 | Y=3.23 Timers and watchdogs | outline/toc=3.23.1 Advanced-control timer (TIM1)
2026-07-26 21:56:38 | stm32l433cb | table_11 | page=48 | Y=3.25 Inter-integrated circuit interface (I C) | outline/toc=3.25 Inter-integrated circuit interface (I2C)
2026-07-26 21:56:38 | stm32l433cb | table_12 | page=49 | Y=10 Mbit/s | outline/toc=3.26 Universal synchronous/asynchronous receiver transmitter (USART)
2026-07-26 21:56:38 | stm32l433cb | table_13 | page=52 | Y=3.29 Serial audio interfaces (SAI) | outline/toc=3.31 Controller area network (CAN)
2026-07-26 21:56:38 | stm32l433cb | table_14 | page=61 | Y=3.36.1 Serial wire JTAG debug port (SWJ-DP) | outline/toc=4 Pinouts and pin description
2026-07-26 21:56:38 | stm32l433cb | table_15 | page=62 | Y=3.36.1 Serial wire JTAG debug port (SWJ-DP) | outline/toc=4 Pinouts and pin description
2026-07-26 21:56:38 | stm32l433cb | table_16 | page=75 | Y=3.36.1 Serial wire JTAG debug port (SWJ-DP) | outline/toc=4 Pinouts and pin description
2026-07-26 21:56:38 | stm32l433cb | table_17 | page=80 | Y=3.36.1 Serial wire JTAG debug port (SWJ-DP) | outline/toc=4 Pinouts and pin description
2026-07-26 21:56:38 | stm32l433cb | table_18 | page=87 | Y=7 QUADSPI registers | outline/toc=5 Memory mapping
2026-07-26 21:56:38 | stm32l433cb | table_23 | page=97 | Y=6.3.2 Operating conditions at power-up / power-down | outline/toc=6.3.3 Embedded reset and power control block characteristics
2026-07-26 21:56:38 | stm32l433cb | table_57 | page=133 | Y=8 MHz controlled | outline/toc=6.3.7 External clock source characteristics
2026-07-26 21:56:38 | stm32l433cb | table_66 | page=145 | Y=6.3.11 EMC characteristics | outline/toc=6.3.12 Electrical sensitivity characteristics
2026-07-26 21:56:38 | stm32l433cb | table_68 | page=146 | Y=6.3.12 Electrical sensitivity characteristics | outline/toc=6.3.13 I/O current injection characteristics
2026-07-26 21:56:38 | stm32l433cb | table_74 | page=153 | Y=6.3.16 Extended interrupt and event controller input (EXTI) characteristics | outline/toc=6.3.17 Analog switches booster
2026-07-26 21:56:38 | stm32l433cb | table_93 | page=182 | Y=6.3.26 Timer characteristics | outline/toc=6.3.27 Communication interfaces characteristics
2026-07-26 21:56:38 | stm32l433cb | table_103 | page=197 | Y=7.1 Device marking | outline/toc=7.2 LQFP100 package information (1L)
2026-07-26 21:56:38 | stm32l433cb | table_104 | page=199 | Y=7.1 Device marking | outline/toc=7.3 UFBGA100 package information (A0C2)
2026-07-26 21:56:38 | stm32l433cb | table_105 | page=200 | Y=7.1 Device marking | outline/toc=7.3 UFBGA100 package information (A0C2)
2026-07-26 21:56:38 | stm32l433cb | table_106 | page=202 | Y=7.1 Device marking | outline/toc=7.4 LQFP64 package information (5W)
2026-07-26 21:56:38 | stm32l433cb | table_107 | page=204 | Y=7.1 Device marking | outline/toc=7.5 UFBGA64 package information (A019)
2026-07-26 21:56:38 | stm32l433cb | table_108 | page=205 | Y=7.1 Device marking | outline/toc=7.5 UFBGA64 package information (A019)
2026-07-26 21:56:38 | stm32l433cb | table_109 | page=206 | Y=7.1 Device marking | outline/toc=7.6 WLCSP64 package information (A064)
2026-07-26 21:56:38 | stm32l433cb | table_110 | page=207 | Y=7.1 Device marking | outline/toc=7.6 WLCSP64 package information (A064)
2026-07-26 21:56:38 | stm32l433cb | table_111 | page=210 | Y=7.1 Device marking | outline/toc=7.7 WLCSP49 package information (A04Z)
2026-07-26 21:56:38 | stm32l433cb | table_112 | page=211 | Y=7.1 Device marking | outline/toc=7.7 WLCSP49 package information (A04Z)
2026-07-26 21:56:38 | stm32l433cb | table_113 | page=213 | Y=7.1 Device marking | outline/toc=7.8 LQFP48 package information (B5)
2026-07-26 21:56:38 | stm32l433cb | table_114 | page=216 | Y=7.1 Device marking | outline/toc=7.9 UFQFPN48 package information (A0B9)
2026-07-26 21:56:38 | stm32l433cb | table_115 | page=217 | Y=7.10 Thermal characteristics | outline/toc=7.10.1 Reference document
2026-07-26 21:56:38 | stm32l433cb | table_116 | page=220 | Y=7.10.2 Selecting the product temperature range | outline/toc=8 Ordering information
2026-07-26 21:56:38 | stm32l433cb | table_117 | page=222 | Y=9 Important security notice | outline/toc=10 Revision history
2026-07-26 21:56:41 | stm32l443cc | table_1 | page=14 | Y=3.6 V power supply. A comprehensive set of power-saving modes makes possible the | outline/toc=2 Description
2026-07-26 21:56:42 | stm32l443cc | table_7 | page=40 | Y=3.15.1 Temperature sensor | outline/toc=3.16 Digital to analog converter (DAC)
2026-07-26 21:56:42 | stm32l443cc | table_8 | page=40 | Y=3.15.2 Internal voltage reference (V ) | outline/toc=3.16 Digital to analog converter (DAC)
2026-07-26 21:56:42 | stm32l443cc | table_10 | page=49 | Y=3.26 Inter-integrated circuit interface (I C) | outline/toc=3.26 Inter-integrated circuit interface (I2C)
2026-07-26 21:56:42 | stm32l443cc | table_11 | page=50 | Y=10 Mbit/s | outline/toc=3.27 Universal synchronous/asynchronous receiver transmitter (USART)
2026-07-26 21:56:42 | stm32l443cc | table_12 | page=53 | Y=3.30 Serial audio interfaces (SAI) | outline/toc=3.32 Controller area network (CAN)
2026-07-26 21:56:42 | stm32l443cc | table_13 | page=61 | Y=3.37.1 Serial wire JTAG debug port (SWJ-DP) | outline/toc=4 Pinouts and pin description
2026-07-26 21:56:42 | stm32l443cc | table_14 | page=62 | Y=3.37.1 Serial wire JTAG debug port (SWJ-DP) | outline/toc=4 Pinouts and pin description
2026-07-26 21:56:42 | stm32l443cc | table_15 | page=72 | Y=3.37.1 Serial wire JTAG debug port (SWJ-DP) | outline/toc=4 Pinouts and pin description
2026-07-26 21:56:42 | stm32l443cc | table_16 | page=77 | Y=3.37.1 Serial wire JTAG debug port (SWJ-DP) | outline/toc=4 Pinouts and pin description
2026-07-26 21:56:42 | stm32l443cc | table_17 | page=84 | Y=7 QUADSPI registers | outline/toc=5 Memory mapping
2026-07-26 21:56:42 | stm32l443cc | table_22 | page=93 | Y=6.3.2 Operating conditions at power-up / power-down | outline/toc=6.3.3 Embedded reset and power control block characteristics
2026-07-26 21:56:42 | stm32l443cc | table_46 | page=124 | Y=8 MHz controlled | outline/toc=6.3.7 External clock source characteristics
2026-07-26 21:56:42 | stm32l443cc | table_55 | page=136 | Y=6.3.11 EMC characteristics | outline/toc=6.3.12 Electrical sensitivity characteristics
2026-07-26 21:56:42 | stm32l443cc | table_57 | page=137 | Y=6.3.12 Electrical sensitivity characteristics | outline/toc=6.3.13 I/O current injection characteristics
2026-07-26 21:56:42 | stm32l443cc | table_63 | page=144 | Y=6.3.16 Extended interrupt and event controller input (EXTI) characteristics | outline/toc=6.3.17 Analog switches booster
2026-07-26 21:56:42 | stm32l443cc | table_82 | page=173 | Y=6.3.26 Timer characteristics | outline/toc=6.3.27 Communication interfaces characteristics
2026-07-26 21:56:42 | stm32l443cc | table_92 | page=188 | Y=7.1 Device marking | outline/toc=7.2 LQFP100 package information (1L)
2026-07-26 21:56:42 | stm32l443cc | table_93 | page=190 | Y=7.1 Device marking | outline/toc=7.3 UFBGA100 package information (A0C2)
2026-07-26 21:56:42 | stm32l443cc | table_94 | page=191 | Y=7.1 Device marking | outline/toc=7.3 UFBGA100 package information (A0C2)
2026-07-26 21:56:42 | stm32l443cc | table_95 | page=193 | Y=7.1 Device marking | outline/toc=7.4 LQFP64 package information (5W)
2026-07-26 21:56:42 | stm32l443cc | table_96 | page=195 | Y=7.1 Device marking | outline/toc=7.5 UFBGA64 package information (A019)
2026-07-26 21:56:42 | stm32l443cc | table_97 | page=196 | Y=7.1 Device marking | outline/toc=7.5 UFBGA64 package information (A019)
2026-07-26 21:56:42 | stm32l443cc | table_98 | page=197 | Y=7.1 Device marking | outline/toc=7.6 WLCSP64 package information (A064)
2026-07-26 21:56:42 | stm32l443cc | table_99 | page=198 | Y=7.1 Device marking | outline/toc=7.6 WLCSP64 package information (A064)
2026-07-26 21:56:42 | stm32l443cc | table_100 | page=201 | Y=7.1 Device marking | outline/toc=7.7 WLCSP49 package information (A04Z)
2026-07-26 21:56:42 | stm32l443cc | table_101 | page=202 | Y=7.1 Device marking | outline/toc=7.7 WLCSP49 package information (A04Z)
2026-07-26 21:56:42 | stm32l443cc | table_102 | page=203 | Y=7.1 Device marking | outline/toc=7.8 WLCSP49 package information (B06U)
2026-07-26 21:56:42 | stm32l443cc | table_103 | page=205 | Y=7.1 Device marking | outline/toc=7.8 WLCSP49 package information (B06U)
2026-07-26 21:56:42 | stm32l443cc | table_104 | page=207 | Y=7.1 Device marking | outline/toc=7.9 LQFP48 package information (B5)
2026-07-26 21:56:42 | stm32l443cc | table_105 | page=210 | Y=7.1 Device marking | outline/toc=7.10 UFQFPN48 package information (A0B9)
2026-07-26 21:56:42 | stm32l443cc | table_106 | page=211 | Y=7.11 Thermal characteristics | outline/toc=7.11.1 Reference document
2026-07-26 21:56:42 | stm32l443cc | table_107 | page=214 | Y=7.11.2 Selecting the product temperature range | outline/toc=8 Ordering information
2026-07-26 21:56:42 | stm32l443cc | table_108 | page=216 | Y=9 Important security notice | outline/toc=10 Revision history
2026-07-26 21:56:45 | stm32l462ce | table_7 | page=40 | Y=3.15.1 Temperature sensor | outline/toc=3.16 Digital to analog converter (DAC)
2026-07-26 21:56:45 | stm32l462ce | table_8 | page=40 | Y=3.15.2 Internal voltage reference (V ) | outline/toc=3.16 Digital to analog converter (DAC)
2026-07-26 21:56:45 | stm32l462ce | table_9 | page=45 | Y=3.21 Digital filter for Sigma-Delta modulators (DFSDM) | outline/toc=3.23 Advanced encryption standard hardware accelerator (AES)
2026-07-26 21:56:45 | stm32l462ce | table_10 | page=46 | Y=3.24 Timers and watchdogs | outline/toc=3.24.1 Advanced-control timer (TIM1)
2026-07-26 21:56:45 | stm32l462ce | table_11 | page=50 | Y=3.26 Inter-integrated circuit interface (I C) | outline/toc=3.26 Inter-integrated circuit interface (I2C)
2026-07-26 21:56:45 | stm32l462ce | table_13 | page=54 | Y=3.30 Serial audio interfaces (SAI) | outline/toc=3.32 Secure digital input/output and MultiMediaCards Interface (SDMMC)
2026-07-26 21:56:45 | stm32l462ce | table_14 | page=62 | Y=3.36.1 Serial wire JTAG debug port (SWJ-DP) | outline/toc=4 Pinouts and pin description
2026-07-26 21:56:45 | stm32l462ce | table_15 | page=62 | Y=3.36.1 Serial wire JTAG debug port (SWJ-DP) | outline/toc=4 Pinouts and pin description
2026-07-26 21:56:45 | stm32l462ce | table_16 | page=73 | Y=3.36.1 Serial wire JTAG debug port (SWJ-DP) | outline/toc=4 Pinouts and pin description
2026-07-26 21:56:45 | stm32l462ce | table_17 | page=79 | Y=3.36.1 Serial wire JTAG debug port (SWJ-DP) | outline/toc=4 Pinouts and pin description
2026-07-26 21:56:45 | stm32l462ce | table_18 | page=86 | Y=7 QUADSPI registers | outline/toc=5 Memory mapping
2026-07-26 21:56:45 | stm32l462ce | table_23 | page=95 | Y=6.3.2 Operating conditions at power-up / power-down | outline/toc=6.3.3 Embedded reset and power control block characteristics
2026-07-26 21:56:45 | stm32l462ce | table_47 | page=123 | Y=8 MHz controlled | outline/toc=6.3.7 External clock source characteristics
2026-07-26 21:56:45 | stm32l462ce | table_56 | page=135 | Y=6.3.11 EMC characteristics | outline/toc=6.3.12 Electrical sensitivity characteristics
2026-07-26 21:56:45 | stm32l462ce | table_58 | page=136 | Y=6.3.12 Electrical sensitivity characteristics | outline/toc=6.3.13 I/O current injection characteristics
2026-07-26 21:56:45 | stm32l462ce | table_64 | page=143 | Y=6.3.16 Extended interrupt and event controller input (EXTI) characteristics | outline/toc=6.3.17 Analog switches booster
2026-07-26 21:56:46 | stm32l462ce | table_78 | page=169 | Y=6.3.24 V monitoring characteristics | outline/toc=6.3.25 Timer characteristics
2026-07-26 21:56:46 | stm32l462ce | table_79 | page=169 | Y=6.3.24 V monitoring characteristics | outline/toc=6.3.25 Timer characteristics
2026-07-26 21:56:46 | stm32l462ce | table_81 | page=170 | Y=6.3.25 Timer characteristics | outline/toc=6.3.26 Communication interfaces characteristics
2026-07-26 21:56:46 | stm32l462ce | table_82 | page=170 | Y=6.3.25 Timer characteristics | outline/toc=6.3.26 Communication interfaces characteristics
2026-07-26 21:56:46 | stm32l462ce | table_91 | page=183 | Y=6.3.26 Communication interfaces characteristics | outline/toc=7.1 LQFP100 package information
2026-07-26 21:56:46 | stm32l462ce | table_92 | page=186 | Y=6.3.26 Communication interfaces characteristics | outline/toc=7.2 UFBGA100 package information
2026-07-26 21:56:46 | stm32l462ce | table_93 | page=187 | Y=6.3.26 Communication interfaces characteristics | outline/toc=7.2 UFBGA100 package information
2026-07-26 21:56:46 | stm32l462ce | table_94 | page=189 | Y=6.3.26 Communication interfaces characteristics | outline/toc=7.3 LQFP64 package information
2026-07-26 21:56:46 | stm32l462ce | table_95 | page=192 | Y=6.3.26 Communication interfaces characteristics | outline/toc=7.4 UFBGA64 package information
2026-07-26 21:56:46 | stm32l462ce | table_96 | page=193 | Y=6.3.26 Communication interfaces characteristics | outline/toc=7.4 UFBGA64 package information
2026-07-26 21:56:46 | stm32l462ce | table_97 | page=196 | Y=6.3.26 Communication interfaces characteristics | outline/toc=7.5 WLCSP64 package information
2026-07-26 21:56:46 | stm32l462ce | table_98 | page=197 | Y=6.3.26 Communication interfaces characteristics | outline/toc=7.5 WLCSP64 package information
2026-07-26 21:56:46 | stm32l462ce | table_99 | page=199 | Y=6.3.26 Communication interfaces characteristics | outline/toc=7.6 LQFP48 package information
2026-07-26 21:56:46 | stm32l462ce | table_100 | page=202 | Y=6.3.26 Communication interfaces characteristics | outline/toc=7.7 UFQFPN48 package information
2026-07-26 21:56:46 | stm32l462ce | table_101 | page=204 | Y=7.8 Thermal characteristics | outline/toc=7.8.2 Selecting the product temperature range
2026-07-26 21:56:46 | stm32l462ce | table_102 | page=207 | Y=7.8.2 Selecting the product temperature range | outline/toc=8 Ordering information
2026-07-26 21:56:47 | stm32l452cc | table_8 | page=40 | Y=3.15.1 Temperature sensor | outline/toc=3.16 Digital to analog converter (DAC)
2026-07-26 21:56:47 | stm32l452cc | table_9 | page=40 | Y=3.15.2 Internal voltage reference (V ) | outline/toc=3.16 Digital to analog converter (DAC)
2026-07-26 21:56:48 | stm32l452cc | table_10 | page=45 | Y=3.21 Digital filter for Sigma-Delta modulators (DFSDM) | outline/toc=3.23 Timers and watchdogs
2026-07-26 21:56:48 | stm32l452cc | table_12 | page=49 | Y=3.25 Inter-integrated circuit interface (I C) | outline/toc=3.25 Inter-integrated circuit interface (I2C)
2026-07-26 21:56:48 | stm32l452cc | table_14 | page=53 | Y=3.29 Serial audio interfaces (SAI) | outline/toc=3.31 Secure digital input/output and MultiMediaCards Interface (SDMMC)
2026-07-26 21:56:48 | stm32l452cc | table_15 | page=62 | Y=3.35.1 Serial wire JTAG debug port (SWJ-DP) | outline/toc=4 Pinouts and pin description
2026-07-26 21:56:48 | stm32l452cc | table_16 | page=63 | Y=3.35.1 Serial wire JTAG debug port (SWJ-DP) | outline/toc=4 Pinouts and pin description
2026-07-26 21:56:48 | stm32l452cc | table_17 | page=76 | Y=3.35.1 Serial wire JTAG debug port (SWJ-DP) | outline/toc=4 Pinouts and pin description
2026-07-26 21:56:48 | stm32l452cc | table_18 | page=82 | Y=3.35.1 Serial wire JTAG debug port (SWJ-DP) | outline/toc=4 Pinouts and pin description
2026-07-26 21:56:48 | stm32l452cc | table_19 | page=89 | Y=7 QUADSPI registers | outline/toc=5 Memory mapping
2026-07-26 21:56:48 | stm32l452cc | table_24 | page=98 | Y=6.3.2 Operating conditions at power-up / power-down | outline/toc=6.3.3 Embedded reset and power control block characteristics
2026-07-26 21:56:48 | stm32l452cc | table_58 | page=133 | Y=8 MHz controlled | outline/toc=6.3.7 External clock source characteristics
2026-07-26 21:56:48 | stm32l452cc | table_67 | page=145 | Y=6.3.11 EMC characteristics | outline/toc=6.3.12 Electrical sensitivity characteristics
2026-07-26 21:56:48 | stm32l452cc | table_69 | page=146 | Y=6.3.12 Electrical sensitivity characteristics | outline/toc=6.3.13 I/O current injection characteristics
2026-07-26 21:56:48 | stm32l452cc | table_75 | page=153 | Y=6.3.16 Extended interrupt and event controller input (EXTI) characteristics | outline/toc=6.3.17 Analog switches booster
2026-07-26 21:56:48 | stm32l452cc | table_89 | page=179 | Y=6.3.24 V monitoring characteristics | outline/toc=6.3.25 Timer characteristics
2026-07-26 21:56:48 | stm32l452cc | table_90 | page=179 | Y=6.3.24 V monitoring characteristics | outline/toc=6.3.25 Timer characteristics
2026-07-26 21:56:48 | stm32l452cc | table_92 | page=180 | Y=6.3.25 Timer characteristics | outline/toc=6.3.26 Communication interfaces characteristics
2026-07-26 21:56:48 | stm32l452cc | table_93 | page=180 | Y=6.3.25 Timer characteristics | outline/toc=6.3.26 Communication interfaces characteristics
2026-07-26 21:56:48 | stm32l452cc | table_102 | page=193 | Y=6.3.26 Communication interfaces characteristics | outline/toc=7.1 LQFP100 package information
2026-07-26 21:56:48 | stm32l452cc | table_103 | page=196 | Y=6.3.26 Communication interfaces characteristics | outline/toc=7.2 UFBGA100 package information
2026-07-26 21:56:48 | stm32l452cc | table_104 | page=197 | Y=6.3.26 Communication interfaces characteristics | outline/toc=7.2 UFBGA100 package information
2026-07-26 21:56:48 | stm32l452cc | table_105 | page=199 | Y=6.3.26 Communication interfaces characteristics | outline/toc=7.3 LQFP64 package information
2026-07-26 21:56:48 | stm32l452cc | table_106 | page=202 | Y=6.3.26 Communication interfaces characteristics | outline/toc=7.4 UFBGA64 package information
2026-07-26 21:56:48 | stm32l452cc | table_107 | page=203 | Y=6.3.26 Communication interfaces characteristics | outline/toc=7.4 UFBGA64 package information
2026-07-26 21:56:48 | stm32l452cc | table_108 | page=206 | Y=6.3.26 Communication interfaces characteristics | outline/toc=7.5 WLCSP64 package information
2026-07-26 21:56:48 | stm32l452cc | table_109 | page=207 | Y=6.3.26 Communication interfaces characteristics | outline/toc=7.5 WLCSP64 package information
2026-07-26 21:56:48 | stm32l452cc | table_110 | page=210 | Y=6.3.26 Communication interfaces characteristics | outline/toc=7.6 LQFP48 package information
2026-07-26 21:56:48 | stm32l452cc | table_111 | page=213 | Y=6.3.26 Communication interfaces characteristics | outline/toc=7.7 UFQFPN48 package information
2026-07-26 21:56:48 | stm32l452cc | table_112 | page=215 | Y=7.8 Thermal characteristics | outline/toc=7.8.2 Selecting the product temperature range
2026-07-26 21:56:48 | stm32l452cc | table_113 | page=218 | Y=7.8.2 Selecting the product temperature range | outline/toc=8 Ordering information
2026-07-26 21:56:59 | stm32l475rc | table_2 | page=13 | Y=3.6 V power supply. A comprehensive set of power-saving modes allows the design of low- | outline/toc=2 Description
2026-07-26 21:56:59 | stm32l475rc | table_8 | page=39 | Y=3.15.1 Temperature sensor | outline/toc=3.16 Digital to analog converter (DAC)
2026-07-26 21:56:59 | stm32l475rc | table_9 | page=39 | Y=3.15.2 Internal voltage reference (V ) | outline/toc=3.16 Digital to analog converter (DAC)
2026-07-26 21:56:59 | stm32l475rc | table_10 | page=44 | Y=3.21 Digital filter for Sigma-Delta Modulators (DFSDM) | outline/toc=3.23 Timers and watchdogs
2026-07-26 21:57:00 | stm32l475rc | table_12 | page=49 | Y=3.25 Inter-integrated circuit interface (I C) | outline/toc=3.25 Inter-integrated circuit interface (I2C)
2026-07-26 21:57:00 | stm32l475rc | table_14 | page=53 | Y=3.29 Serial audio interfaces (SAI) | outline/toc=3.31 Controller area network (CAN)
2026-07-26 21:57:00 | stm32l475rc | table_19 | page=81 | Y=6 Reserved | outline/toc=5 Memory mapping
2026-07-26 21:57:00 | stm32l475rc | table_24 | page=91 | Y=6.3.2 Operating conditions at power-up / power-down | outline/toc=6.3.3 Embedded reset and power control block characteristics
2026-07-26 21:57:00 | stm32l475rc | table_43 | page=116 | Y=6.3.5 Supply current characteristics | outline/toc=6.3.7 External clock source characteristics
2026-07-26 21:57:00 | stm32l475rc | table_44 | page=116 | Y=6.3.5 Supply current characteristics | outline/toc=6.3.7 External clock source characteristics
2026-07-26 21:57:00 | stm32l475rc | table_48 | page=119 | Y=8 MHz controlled | outline/toc=6.3.7 External clock source characteristics
2026-07-26 21:57:00 | stm32l475rc | table_51 | page=126 | Y=6.3.8 Internal clock source characteristics | outline/toc=6.3.9 PLL characteristics
2026-07-26 21:57:00 | stm32l475rc | table_52 | page=127 | Y=6.3.9 PLL characteristics | outline/toc=6.3.10 Flash memory characteristics
2026-07-26 21:57:00 | stm32l475rc | table_56 | page=130 | Y=6.3.11 EMC characteristics | outline/toc=6.3.12 Electrical sensitivity characteristics
2026-07-26 21:57:00 | stm32l475rc | table_58 | page=131 | Y=6.3.12 Electrical sensitivity characteristics | outline/toc=6.3.13 I/O current injection characteristics
2026-07-26 21:57:00 | stm32l475rc | table_64 | page=139 | Y=6.3.16 Extended interrupt and event controller input (EXTI) characteristics | outline/toc=6.3.17 Analog switches booster
2026-07-26 21:57:00 | stm32l475rc | table_77 | page=165 | Y=6.3.23 Temperature sensor characteristics | outline/toc=6.3.24 V monitoring characteristics
2026-07-26 21:57:00 | stm32l475rc | table_99 | page=190 | Y=6.3.28 FSMC characteristics | outline/toc=6.3.29 SWPMI characteristics
2026-07-26 21:57:00 | stm32l475rc | table_101 | page=192 | Y=7 Package information | outline/toc=7.1 LQFP100 package information
2026-07-26 21:57:00 | stm32l475rc | table_102 | page=195 | Y=7 Package information | outline/toc=7.2 LQFP64 package information
2026-07-26 21:57:00 | stm32l475rc | table_103 | page=198 | Y=7.3 Thermal characteristics | outline/toc=7.3.2 Selecting the product temperature range
2026-07-26 21:57:00 | stm32l475rc | table_104 | page=201 | Y=7.3.2 Selecting the product temperature range | outline/toc=8 Ordering information
2026-07-26 21:57:00 | stm32l471qe | table_2 | page=14 | Y=3.6 V power supply. A comprehensive set of power-saving modes allows the design of low- | outline/toc=2 Description
2026-07-26 21:57:00 | stm32l471qe | table_8 | page=40 | Y=3.15.1 Temperature sensor | outline/toc=3.16 Digital to analog converter (DAC)
2026-07-26 21:57:00 | stm32l471qe | table_9 | page=40 | Y=3.15.2 Internal voltage reference (V ) | outline/toc=3.16 Digital to analog converter (DAC)
2026-07-26 21:57:00 | stm32l471qe | table_10 | page=45 | Y=3.21 Digital filter for Sigma-Delta Modulators (DFSDM) | outline/toc=3.23 Timers and watchdogs
2026-07-26 21:57:00 | stm32l471qe | table_12 | page=50 | Y=3.25 Inter-integrated circuit interface (I C) | outline/toc=3.25 Inter-integrated circuit interface (I2C)
2026-07-26 21:57:00 | stm32l471qe | table_14 | page=54 | Y=3.29 Serial audio interfaces (SAI) | outline/toc=3.31 Controller area network (CAN)
2026-07-26 21:57:00 | stm32l471qe | table_19 | page=91 | Y=6 Reserved | outline/toc=5 Memory mapping
2026-07-26 21:57:00 | stm32l471qe | table_24 | page=100 | Y=6.3.2 Operating conditions at power-up / power-down | outline/toc=6.3.3 Embedded reset and power control block characteristics
2026-07-26 21:57:00 | stm32l471qe | table_43 | page=126 | Y=6.3.5 Supply current characteristics | outline/toc=6.3.7 External clock source characteristics
2026-07-26 21:57:00 | stm32l471qe | table_44 | page=126 | Y=6.3.5 Supply current characteristics | outline/toc=6.3.7 External clock source characteristics
2026-07-26 21:57:00 | stm32l471qe | table_48 | page=129 | Y=8 MHz controlled | outline/toc=6.3.7 External clock source characteristics
2026-07-26 21:57:00 | stm32l471qe | table_51 | page=136 | Y=6.3.8 Internal clock source characteristics | outline/toc=6.3.9 PLL characteristics
2026-07-26 21:57:00 | stm32l471qe | table_56 | page=139 | Y=6.3.11 EMC characteristics | outline/toc=6.3.12 Electrical sensitivity characteristics
2026-07-26 21:57:00 | stm32l471qe | table_58 | page=140 | Y=6.3.12 Electrical sensitivity characteristics | outline/toc=6.3.13 I/O current injection characteristics
2026-07-26 21:57:00 | stm32l471qe | table_64 | page=148 | Y=6.3.16 Extended interrupt and event controller input (EXTI) characteristics | outline/toc=6.3.17 Analog switches booster
2026-07-26 21:57:01 | stm32l471qe | table_77 | page=174 | Y=6.3.23 Temperature sensor characteristics | outline/toc=6.3.24 V monitoring characteristics
2026-07-26 21:57:01 | stm32l471qe | table_106 | page=208 | Y=7 Package information | outline/toc=7.1 LQFP144 package information
2026-07-26 21:57:01 | stm32l471qe | table_107 | page=211 | Y=7 Package information | outline/toc=7.2 UFBGA144 package information
2026-07-26 21:57:01 | stm32l471qe | table_108 | page=212 | Y=7 Package information | outline/toc=7.2 UFBGA144 package information
2026-07-26 21:57:01 | stm32l471qe | table_109 | page=214 | Y=7 Package information | outline/toc=7.3 UFBGA132 package information
2026-07-26 21:57:01 | stm32l471qe | table_110 | page=215 | Y=7 Package information | outline/toc=7.3 UFBGA132 package information
2026-07-26 21:57:01 | stm32l471qe | table_111 | page=217 | Y=7 Package information | outline/toc=7.4 LQFP100 package information
2026-07-26 21:57:01 | stm32l471qe | table_112 | page=220 | Y=7 Package information | outline/toc=7.5 LQFP64 package information
2026-07-26 21:57:01 | stm32l471qe | table_113 | page=223 | Y=7.6 Thermal characteristics | outline/toc=7.6.2 Selecting the product temperature range
2026-07-26 21:57:01 | stm32l471qe | table_114 | page=226 | Y=7.6.2 Selecting the product temperature range | outline/toc=8 Ordering information
2026-07-26 21:57:45 | stm32l486jg | table_8 | page=41 | Y=3.15.1 Temperature sensor | outline/toc=3.16 Digital to analog converter (DAC)
2026-07-26 21:57:45 | stm32l486jg | table_9 | page=41 | Y=3.15.2 Internal voltage reference (V ) | outline/toc=3.16 Digital to analog converter (DAC)
2026-07-26 21:57:45 | stm32l486jg | table_10 | page=46 | Y=3.22 Digital filter for Sigma-Delta modulators (DFSDM) | outline/toc=3.24 Advanced encryption standard hardware accelerator (AES)
2026-07-26 21:57:45 | stm32l486jg | table_11 | page=47 | Y=3.25 Timers and watchdogs | outline/toc=3.25.1 Advanced-control timer (TIM1, TIM8)
2026-07-26 21:57:45 | stm32l486jg | table_12 | page=51 | Y=3.27 Inter-integrated circuit interface (I C) | outline/toc=3.27 Inter-integrated circuit interface (I2C)
2026-07-26 21:57:45 | stm32l486jg | table_13 | page=52 | Y=10 Mbit/s | outline/toc=3.28 Universal synchronous/asynchronous receiver transmitter (USART)
2026-07-26 21:57:45 | stm32l486jg | table_14 | page=55 | Y=3.31 Serial audio interfaces (SAI) | outline/toc=3.33 Controller area network (CAN)
2026-07-26 21:57:45 | stm32l486jg | table_15 | page=65 | Y=3.38.1 Serial wire JTAG debug port (SWJ-DP) | outline/toc=4 Pinouts and pin description
2026-07-26 21:57:45 | stm32l486jg | table_16 | page=66 | Y=3.38.1 Serial wire JTAG debug port (SWJ-DP) | outline/toc=4 Pinouts and pin description
2026-07-26 21:57:45 | stm32l486jg | table_17 | page=85 | Y=3.38.1 Serial wire JTAG debug port (SWJ-DP) | outline/toc=4 Pinouts and pin description
2026-07-26 21:57:45 | stm32l486jg | table_18 | page=92 | Y=3.38.1 Serial wire JTAG debug port (SWJ-DP) | outline/toc=4 Pinouts and pin description
2026-07-26 21:57:45 | stm32l486jg | table_19 | page=101 | Y=6 Reserved | outline/toc=5 Memory mapping
2026-07-26 21:57:45 | stm32l486jg | table_53 | page=145 | Y=6.3.5 Supply current characteristics | outline/toc=6.3.7 External clock source characteristics
2026-07-26 21:57:45 | stm32l486jg | table_54 | page=145 | Y=6.3.5 Supply current characteristics | outline/toc=6.3.7 External clock source characteristics
2026-07-26 21:57:45 | stm32l486jg | table_58 | page=148 | Y=8 MHz controlled | outline/toc=6.3.7 External clock source characteristics
2026-07-26 21:57:45 | stm32l486jg | table_61 | page=155 | Y=6.3.8 Internal clock source characteristics | outline/toc=6.3.9 PLL characteristics
2026-07-26 21:57:45 | stm32l486jg | table_62 | page=156 | Y=6.3.9 PLL characteristics | outline/toc=6.3.10 Flash memory characteristics
2026-07-26 21:57:45 | stm32l486jg | table_66 | page=159 | Y=6.3.11 EMC characteristics | outline/toc=6.3.12 Electrical sensitivity characteristics
2026-07-26 21:57:45 | stm32l486jg | table_68 | page=160 | Y=6.3.12 Electrical sensitivity characteristics | outline/toc=6.3.13 I/O current injection characteristics
2026-07-26 21:57:45 | stm32l486jg | table_74 | page=168 | Y=6.3.16 Extended interrupt and event controller input (EXTI) characteristics | outline/toc=6.3.17 Analog switches booster
2026-07-26 21:57:46 | stm32l486jg | table_87 | page=194 | Y=6.3.23 Temperature sensor characteristics | outline/toc=6.3.24 V monitoring characteristics
2026-07-26 21:57:46 | stm32l486jg | table_120 | page=233 | Y=7.1 Device marking | outline/toc=7.2 LQFP144 package information (1A)
2026-07-26 21:57:46 | stm32l486jg | table_121 | page=236 | Y=7.1 Device marking | outline/toc=7.3 UFBGA132 package information (A0G8)
2026-07-26 21:57:46 | stm32l486jg | table_122 | page=237 | Y=7.1 Device marking | outline/toc=7.3 UFBGA132 package information (A0G8)
2026-07-26 21:57:46 | stm32l486jg | table_123 | page=239 | Y=7.1 Device marking | outline/toc=7.4 LQFP100 package information (1L)
2026-07-26 21:57:46 | stm32l486jg | table_124 | page=241 | Y=7.1 Device marking | outline/toc=7.5 WLCSP72 package information (A02R)
2026-07-26 21:57:46 | stm32l486jg | table_125 | page=242 | Y=7.1 Device marking | outline/toc=7.5 WLCSP72 package information (A02R)
2026-07-26 21:57:46 | stm32l486jg | table_126 | page=245 | Y=7.1 Device marking | outline/toc=7.6 LQFP64 package information (5W)
2026-07-26 21:57:46 | stm32l486jg | table_127 | page=247 | Y=7.7 Thermal characteristics | outline/toc=7.7.2 Selecting the product temperature range
2026-07-26 21:57:46 | stm32l486jg | table_128 | page=250 | Y=7.7.2 Selecting the product temperature range | outline/toc=8 Ordering information
2026-07-26 21:57:46 | stm32l486jg | table_129 | page=252 | Y=9 Important security notice | outline/toc=10 Revision history
2026-07-26 21:57:51 | stm32l476je | table_8 | page=42 | Y=3.15.1 Temperature sensor | outline/toc=3.16 Digital to analog converter (DAC)
2026-07-26 21:57:51 | stm32l476je | table_9 | page=42 | Y=3.15.2 Internal voltage reference (V ) | outline/toc=3.16 Digital to analog converter (DAC)
2026-07-26 21:57:51 | stm32l476je | table_10 | page=47 | Y=3.22 Digital filter for Sigma-Delta modulators (DFSDM) | outline/toc=3.24 Timers and watchdogs
2026-07-26 21:57:51 | stm32l476je | table_12 | page=52 | Y=3.26 Inter-integrated circuit interface (I C) | outline/toc=3.26 Inter-integrated circuit interface (I2C)
2026-07-26 21:57:51 | stm32l476je | table_13 | page=53 | Y=10 Mbit/s | outline/toc=3.27 Universal synchronous/asynchronous receiver transmitter (USART)
2026-07-26 21:57:51 | stm32l476je | table_14 | page=56 | Y=3.30 Serial audio interfaces (SAI) | outline/toc=3.32 Controller area network (CAN)
2026-07-26 21:57:51 | stm32l476je | table_15 | page=68 | Y=3.37.1 Serial wire JTAG debug port (SWJ-DP) | outline/toc=4 Pinouts and pin description
2026-07-26 21:57:51 | stm32l476je | table_16 | page=70 | Y=3.37.1 Serial wire JTAG debug port (SWJ-DP) | outline/toc=4 Pinouts and pin description
2026-07-26 21:57:51 | stm32l476je | table_17 | page=88 | Y=3.37.1 Serial wire JTAG debug port (SWJ-DP) | outline/toc=4 Pinouts and pin description
2026-07-26 21:57:51 | stm32l476je | table_18 | page=95 | Y=3.37.1 Serial wire JTAG debug port (SWJ-DP) | outline/toc=4 Pinouts and pin description
2026-07-26 21:57:51 | stm32l476je | table_19 | page=104 | Y=6 Reserved | outline/toc=5 Memory mapping
2026-07-26 21:57:51 | stm32l476je | table_53 | page=147 | Y=6.3.5 Supply current characteristics | outline/toc=6.3.7 External clock source characteristics
2026-07-26 21:57:51 | stm32l476je | table_54 | page=147 | Y=6.3.5 Supply current characteristics | outline/toc=6.3.7 External clock source characteristics
2026-07-26 21:57:51 | stm32l476je | table_58 | page=150 | Y=8 MHz controlled | outline/toc=6.3.7 External clock source characteristics
2026-07-26 21:57:51 | stm32l476je | table_61 | page=157 | Y=6.3.8 Internal clock source characteristics | outline/toc=6.3.9 PLL characteristics
2026-07-26 21:57:51 | stm32l476je | table_62 | page=158 | Y=6.3.9 PLL characteristics | outline/toc=6.3.10 Flash memory characteristics
2026-07-26 21:57:51 | stm32l476je | table_66 | page=161 | Y=6.3.11 EMC characteristics | outline/toc=6.3.12 Electrical sensitivity characteristics
2026-07-26 21:57:51 | stm32l476je | table_68 | page=162 | Y=6.3.12 Electrical sensitivity characteristics | outline/toc=6.3.13 I/O current injection characteristics
2026-07-26 21:57:51 | stm32l476je | table_74 | page=170 | Y=6.3.16 Extended interrupt and event controller input (EXTI) characteristics | outline/toc=6.3.17 Analog switches booster
2026-07-26 21:57:51 | stm32l476je | table_87 | page=196 | Y=6.3.23 Temperature sensor characteristics | outline/toc=6.3.24 V monitoring characteristics
2026-07-26 21:57:51 | stm32l476je | table_120 | page=235 | Y=7.1 Device marking | outline/toc=7.2 LQFP144 package information (1A)
2026-07-26 21:57:51 | stm32l476je | table_121 | page=238 | Y=7.1 Device marking | outline/toc=7.3 UFBGA144 package information (A02Y)
2026-07-26 21:57:51 | stm32l476je | table_122 | page=239 | Y=7.1 Device marking | outline/toc=7.3 UFBGA144 package information (A02Y)
2026-07-26 21:57:51 | stm32l476je | table_123 | page=240 | Y=7.1 Device marking | outline/toc=7.4 UFBGA132 package information (A0G8)
2026-07-26 21:57:51 | stm32l476je | table_124 | page=241 | Y=7.1 Device marking | outline/toc=7.4 UFBGA132 package information (A0G8)
2026-07-26 21:57:51 | stm32l476je | table_125 | page=243 | Y=7.1 Device marking | outline/toc=7.5 LQFP100 package information (1L)
2026-07-26 21:57:51 | stm32l476je | table_126 | page=246 | Y=7.1 Device marking | outline/toc=7.6 WLCSP99 package information (B0JR)
2026-07-26 21:57:51 | stm32l476je | table_127 | page=247 | Y=7.1 Device marking | outline/toc=7.6 WLCSP99 package information (B0JR)
2026-07-26 21:57:51 | stm32l476je | table_128 | page=249 | Y=7.1 Device marking | outline/toc=7.7 WLCSP81 package information (A05Z)
2026-07-26 21:57:51 | stm32l476je | table_129 | page=250 | Y=7.1 Device marking | outline/toc=7.7 WLCSP81 package information (A05Z)
2026-07-26 21:57:51 | stm32l476je | table_130 | page=252 | Y=7.1 Device marking | outline/toc=7.8 WLCSP72 package information (A02R)
2026-07-26 21:57:51 | stm32l476je | table_131 | page=253 | Y=7.1 Device marking | outline/toc=7.8 WLCSP72 package information (A02R)
2026-07-26 21:57:51 | stm32l476je | table_132 | page=256 | Y=7.1 Device marking | outline/toc=7.9 LQFP64 package information (5W)
2026-07-26 21:57:51 | stm32l476je | table_133 | page=258 | Y=7.10 Thermal characteristics | outline/toc=7.10.1 Reference document
2026-07-26 21:57:51 | stm32l476je | table_134 | page=261 | Y=7.10.2 Selecting the product temperature range | outline/toc=8 Ordering information
2026-07-26 21:57:51 | stm32l476je | table_135 | page=263 | Y=9 Important security notice | outline/toc=10 Revision history
2026-07-26 21:58:04 | stm32l496ae | table_8 | page=43 | Y=3.17.1 Temperature sensor | outline/toc=3.18 Digital to analog converter (DAC)
2026-07-26 21:58:04 | stm32l496ae | table_9 | page=43 | Y=3.17.2 Internal voltage reference (V ) | outline/toc=3.18 Digital to analog converter (DAC)
2026-07-26 21:58:04 | stm32l496ae | table_10 | page=49 | Y=3.28 Timers and watchdogs | outline/toc=3.28.1 Advanced-control timer (TIM1, TIM8)
2026-07-26 21:58:04 | stm32l496ae | table_11 | page=53 | Y=3.30 Inter-integrated circuit interface (I C) | outline/toc=3.30 Inter-integrated circuit interface (I2C)
2026-07-26 21:58:04 | stm32l496ae | table_12 | page=54 | Y=10 Mbit/s | outline/toc=3.31 Universal synchronous/asynchronous receiver transmitter (USART)
2026-07-26 21:58:04 | stm32l496ae | table_13 | page=57 | Y=3.34 Serial audio interfaces (SAI) | outline/toc=3.36 Controller area network (CAN)
2026-07-26 21:58:04 | stm32l496ae | table_14 | page=72 | Y=3.42.1 Serial wire JTAG debug port (SWJ-DP) | outline/toc=4 Pinouts and pin description
2026-07-26 21:58:04 | stm32l496ae | table_15 | page=73 | Y=3.42.1 Serial wire JTAG debug port (SWJ-DP) | outline/toc=4 Pinouts and pin description
2026-07-26 21:58:04 | stm32l496ae | table_16 | page=98 | Y=3.42.1 Serial wire JTAG debug port (SWJ-DP) | outline/toc=4 Pinouts and pin description
2026-07-26 21:58:04 | stm32l496ae | table_17 | page=107 | Y=3.42.1 Serial wire JTAG debug port (SWJ-DP) | outline/toc=4 Pinouts and pin description
2026-07-26 21:58:04 | stm32l496ae | table_18 | page=117 | Y=6 Reserved | outline/toc=5 Memory mapping
2026-07-26 21:58:04 | stm32l496ae | table_52 | page=160 | Y=6.3.5 Supply current characteristics | outline/toc=6.3.7 External clock source characteristics
2026-07-26 21:58:04 | stm32l496ae | table_53 | page=160 | Y=6.3.5 Supply current characteristics | outline/toc=6.3.7 External clock source characteristics
2026-07-26 21:58:04 | stm32l496ae | table_57 | page=163 | Y=8 MHz controlled | outline/toc=6.3.7 External clock source characteristics
2026-07-26 21:58:04 | stm32l496ae | table_61 | page=170 | Y=6.3.8 Internal clock source characteristics | outline/toc=6.3.9 PLL characteristics
2026-07-26 21:58:05 | stm32l496ae | table_64 | page=172 | Y=6.3.10 Flash memory characteristics | outline/toc=6.3.11 EMC characteristics
2026-07-26 21:58:05 | stm32l496ae | table_67 | page=174 | Y=6.3.12 Electrical sensitivity characteristics | outline/toc=6.3.11 EMC characteristics
2026-07-26 21:58:05 | stm32l496ae | table_68 | page=174 | Y=6.3.12 Electrical sensitivity characteristics | outline/toc=6.3.11 EMC characteristics
2026-07-26 21:58:05 | stm32l496ae | table_69 | page=175 | Y=6.3.13 I/O current injection characteristics | outline/toc=6.3.14 I/O port characteristics
2026-07-26 21:58:05 | stm32l496ae | table_74 | page=183 | Y=6.3.16 Extended interrupt and event controller input (EXTI) characteristics | outline/toc=6.3.17 Analog switches booster
2026-07-26 21:58:05 | stm32l496ae | table_88 | page=209 | Y=6.3.24 V monitoring characteristics | outline/toc=6.3.25 LCD controller characteristics
2026-07-26 21:58:05 | stm32l496ae | table_89 | page=209 | Y=6.3.24 V monitoring characteristics | outline/toc=6.3.25 LCD controller characteristics
2026-07-26 21:58:05 | stm32l496ae | table_104 | page=226 | Y=6.3.28 Communication interfaces characteristics | outline/toc=6.3.29 FSMC characteristics
2026-07-26 21:58:05 | stm32l496ae | table_118 | page=243 | Y=6.3.29 FSMC characteristics | outline/toc=6.3.30 Camera interface (DCMI) timing specifications
2026-07-26 21:58:05 | stm32l496ae | table_120 | page=244 | Y=6.3.31 SWPMI characteristics | outline/toc=6.3.32 SD/SDIO MMC card host interface (SDIO) characteristics
2026-07-26 21:58:05 | stm32l496ae | table_123 | page=249 | Y=7.1 Device marking | outline/toc=7.2 UFBGA169 package information (A0YV)
2026-07-26 21:58:05 | stm32l496ae | table_124 | page=250 | Y=7.1 Device marking | outline/toc=7.2 UFBGA169 package information (A0YV)
2026-07-26 21:58:05 | stm32l496ae | table_125 | page=252 | Y=7.1 Device marking | outline/toc=7.3 LQFP144 package information (1A)
2026-07-26 21:58:05 | stm32l496ae | table_126 | page=255 | Y=7.1 Device marking | outline/toc=7.4 UFBGA132 package information (A0G8)
2026-07-26 21:58:05 | stm32l496ae | table_127 | page=256 | Y=7.1 Device marking | outline/toc=7.4 UFBGA132 package information (A0G8)
2026-07-26 21:58:05 | stm32l496ae | table_128 | page=258 | Y=7.1 Device marking | outline/toc=7.5 WLCSP115 package information (B0E8)
2026-07-26 21:58:05 | stm32l496ae | table_129 | page=259 | Y=7.1 Device marking | outline/toc=7.5 WLCSP115 package information (B0E8)
2026-07-26 21:58:05 | stm32l496ae | table_130 | page=262 | Y=7.1 Device marking | outline/toc=7.6 LQFP100 package information (1L)
2026-07-26 21:58:05 | stm32l496ae | table_131 | page=265 | Y=7.1 Device marking | outline/toc=7.7 WLCSP100L package information (A07D)
2026-07-26 21:58:05 | stm32l496ae | table_132 | page=266 | Y=7.1 Device marking | outline/toc=7.7 WLCSP100L package information (A07D)
2026-07-26 21:58:05 | stm32l496ae | table_133 | page=269 | Y=7.1 Device marking | outline/toc=7.8 LQFP64 package information (5W)
2026-07-26 21:58:05 | stm32l496ae | table_134 | page=271 | Y=7.9 Thermal characteristics | outline/toc=7.9.2 Selecting the product temperature range
2026-07-26 21:58:05 | stm32l496ae | table_135 | page=274 | Y=7.9.2 Selecting the product temperature range | outline/toc=8 Ordering information
2026-07-26 21:58:05 | stm32l496ae | table_136 | page=277 | Y=9 Important security notice | outline/toc=10 Revision history
2026-07-26 21:58:21 | stm32n645a0 | table_8 | page=36 | Y=3.9 General purpose direct memory access controller (GPDMA) | outline/toc=3.10 High performance direct memory access controller (HPDMA)
2026-07-26 21:58:21 | stm32n645a0 | table_9 | page=38 | Y=3.10 High performance direct memory access controller (HPDMA) | outline/toc=3.11 Chrom-ART Accelerator controller (DMA2D)
2026-07-26 21:58:21 | stm32n645a0 | table_10 | page=38 | Y=3.10 High performance direct memory access controller (HPDMA) | outline/toc=3.11 Chrom-ART Accelerator controller (DMA2D)
2026-07-26 21:58:21 | stm32n645a0 | table_11 | page=68 | Y=3.42 Tamper and backup registers (TAMP) | outline/toc=3.38.6 Low-power timer (LPTIM)
2026-07-26 21:58:21 | stm32n645a0 | table_13 | page=73 | Y=3.45.2 LPUART | outline/toc=3.38.6 Low-power timer (LPTIM)
2026-07-26 21:58:21 | stm32n645a0 | table_15 | page=76 | Y=3.47 Serial audio interface (SAI) | outline/toc=3.38.6 Low-power timer (LPTIM)
2026-07-26 21:58:21 | stm32n645a0 | table_16 | page=78 | Y=3.51 USB on-the-go high speed (OTG) | outline/toc=3.38.6 Low-power timer (LPTIM)
2026-07-26 21:58:21 | stm32n645a0 | table_17 | page=88 | Y=3.55.2 Embedded Trace Macrocell | outline/toc=3.38.6 Low-power timer (LPTIM)
2026-07-26 21:58:21 | stm32n645a0 | table_18 | page=89 | Y=3.55.2 Embedded Trace Macrocell | outline/toc=3.38.6 Low-power timer (LPTIM)
2026-07-26 21:58:21 | stm32n645a0 | table_19 | page=113 | Y=3.55.2 Embedded Trace Macrocell | outline/toc=3.38.6 Low-power timer (LPTIM)
2026-07-26 21:58:21 | stm32n645a0 | table_20 | page=124 | Y=3.55.2 Embedded Trace Macrocell | outline/toc=3.38.6 Low-power timer (LPTIM)
2026-07-26 21:58:21 | stm32n645a0 | table_22 | page=138 | Y=1.8 V supply voltage V | outline/toc=5.2 Absolute maximum ratings
2026-07-26 21:58:21 | stm32n645a0 | table_23 | page=138 | Y=1.8 V supply voltage V | outline/toc=5.2 Absolute maximum ratings
2026-07-26 21:58:21 | stm32n645a0 | table_25 | page=140 | Y=5.3.2 Operating conditions at power-up/power-down | outline/toc=5.3.3 Embedded reset and power control block characteristics
2026-07-26 21:58:21 | stm32n645a0 | table_26 | page=141 | Y=5.3.3 Embedded reset and power control block characteristics | outline/toc=5.3.4 SMPS step-down converter
2026-07-26 21:58:21 | stm32n645a0 | table_53 | page=163 | Y=5.3.9 External clock source security characteristics | outline/toc=5.3.10 Internal clock source characteristics
2026-07-26 21:58:21 | stm32n645a0 | table_54 | page=163 | Y=5.3.9 External clock source security characteristics | outline/toc=5.3.10 Internal clock source characteristics
2026-07-26 21:58:21 | stm32n645a0 | table_56 | page=164 | Y=5.3.10 Internal clock source characteristics | outline/toc=5.3.11 PLL characteristics
2026-07-26 21:58:21 | stm32n645a0 | table_57 | page=164 | Y=5.3.10 Internal clock source characteristics | outline/toc=5.3.11 PLL characteristics
2026-07-26 21:58:21 | stm32n645a0 | table_58 | page=165 | Y=5.3.11 PLL characteristics | outline/toc=5.3.12 PLL spread spectrum clock generation (SSCG) characteristics
2026-07-26 21:58:21 | stm32n645a0 | table_60 | page=166 | Y=5.3.13 OTP characteristics | outline/toc=5.3.14 EMC characteristics
2026-07-26 21:58:21 | stm32n645a0 | table_62 | page=167 | Y=5.3.14 EMC characteristics | outline/toc=5.3.15 Electrical sensitivity characteristics
2026-07-26 21:58:21 | stm32n645a0 | table_63 | page=168 | Y=5.3.15 Electrical sensitivity characteristics | outline/toc=5.3.17 I/O port characteristics
2026-07-26 21:58:21 | stm32n645a0 | table_64 | page=168 | Y=5.3.15 Electrical sensitivity characteristics | outline/toc=5.3.17 I/O port characteristics
2026-07-26 21:58:21 | stm32n645a0 | table_86 | page=192 | Y=5.3.19 FMC characteristics | outline/toc=5.3.20 XSPI interface characteristics
2026-07-26 21:58:21 | stm32n645a0 | table_100 | page=206 | Y=5.3.26 V , V , V , V , ADC | outline/toc=5.3.28 Compensation cell characteristics
2026-07-26 21:58:21 | stm32n645a0 | table_111 | page=217 | Y=5.3.36 Communications interfaces | outline/toc=5.3.30 Audio digital filter (ADF) characteristics
2026-07-26 21:58:21 | stm32n645a0 | table_112 | page=220 | Y=5.3.36 Communications interfaces | outline/toc=5.3.30 Audio digital filter (ADF) characteristics
2026-07-26 21:58:21 | stm32n645a0 | table_113 | page=220 | Y=5.3.36 Communications interfaces | outline/toc=5.3.30 Audio digital filter (ADF) characteristics
2026-07-26 21:58:21 | stm32n645a0 | table_114 | page=220 | Y=5.3.36 Communications interfaces | outline/toc=5.3.30 Audio digital filter (ADF) characteristics
2026-07-26 21:58:21 | stm32n645a0 | table_115 | page=221 | Y=5.3.36 Communications interfaces | outline/toc=5.3.30 Audio digital filter (ADF) characteristics
2026-07-26 21:58:21 | stm32n645a0 | table_116 | page=223 | Y=5.3.36 Communications interfaces | outline/toc=5.3.30 Audio digital filter (ADF) characteristics
2026-07-26 21:58:21 | stm32n645a0 | table_117 | page=225 | Y=5.3.36 Communications interfaces | outline/toc=5.3.30 Audio digital filter (ADF) characteristics
2026-07-26 21:58:21 | stm32n645a0 | table_118 | page=225 | Y=5.3.36 Communications interfaces | outline/toc=5.3.30 Audio digital filter (ADF) characteristics
2026-07-26 21:58:21 | stm32n645a0 | table_119 | page=226 | Y=5.3.36 Communications interfaces | outline/toc=5.3.30 Audio digital filter (ADF) characteristics
2026-07-26 21:58:21 | stm32n645a0 | table_120 | page=227 | Y=5.3.36 Communications interfaces | outline/toc=5.3.30 Audio digital filter (ADF) characteristics
2026-07-26 21:58:21 | stm32n645a0 | table_121 | page=228 | Y=5.3.36 Communications interfaces | outline/toc=5.3.30 Audio digital filter (ADF) characteristics
2026-07-26 21:58:21 | stm32n645a0 | table_122 | page=229 | Y=5.3.37 Embedded PHY characteristics | outline/toc=5.3.30 Audio digital filter (ADF) characteristics
2026-07-26 21:58:21 | stm32n645a0 | table_123 | page=230 | Y=5.3.37 Embedded PHY characteristics | outline/toc=5.3.30 Audio digital filter (ADF) characteristics
2026-07-26 21:58:21 | stm32n645a0 | table_124 | page=232 | Y=5.3.37 Embedded PHY characteristics | outline/toc=5.3.30 Audio digital filter (ADF) characteristics
2026-07-26 21:58:21 | stm32n645a0 | table_128 | page=236 | Y=5.3.38 JTAG/SWD interface characteristics | outline/toc=5.3.30 Audio digital filter (ADF) characteristics
2026-07-26 21:58:21 | stm32n645a0 | table_129 | page=239 | Y=5.3.38 JTAG/SWD interface characteristics | outline/toc=5.3.30 Audio digital filter (ADF) characteristics
2026-07-26 21:58:21 | stm32n645a0 | table_130 | page=242 | Y=5.3.38 JTAG/SWD interface characteristics | outline/toc=5.3.30 Audio digital filter (ADF) characteristics
2026-07-26 21:58:21 | stm32n645a0 | table_131 | page=243 | Y=5.3.38 JTAG/SWD interface characteristics | outline/toc=5.3.30 Audio digital filter (ADF) characteristics
2026-07-26 21:58:21 | stm32n645a0 | table_132 | page=245 | Y=5.3.38 JTAG/SWD interface characteristics | outline/toc=5.3.30 Audio digital filter (ADF) characteristics
2026-07-26 21:58:21 | stm32n645a0 | table_133 | page=248 | Y=5.3.38 JTAG/SWD interface characteristics | outline/toc=5.3.30 Audio digital filter (ADF) characteristics
2026-07-26 21:58:21 | stm32n645a0 | table_134 | page=251 | Y=5.3.38 JTAG/SWD interface characteristics | outline/toc=5.3.30 Audio digital filter (ADF) characteristics
2026-07-26 21:58:21 | stm32n645a0 | table_135 | page=252 | Y=5.3.38 JTAG/SWD interface characteristics | outline/toc=5.3.30 Audio digital filter (ADF) characteristics
2026-07-26 21:58:21 | stm32n645a0 | table_136 | page=253 | Y=5.3.38 JTAG/SWD interface characteristics | outline/toc=5.3.30 Audio digital filter (ADF) characteristics
2026-07-26 21:58:21 | stm32n645a0 | table_137 | page=256 | Y=5.3.38 JTAG/SWD interface characteristics | outline/toc=5.3.30 Audio digital filter (ADF) characteristics
2026-07-26 21:58:53 | stm32l4a6ag | table_8 | page=43 | Y=3.17.1 Temperature sensor | outline/toc=3.18 Digital to analog converter (DAC)
2026-07-26 21:58:53 | stm32l4a6ag | table_9 | page=43 | Y=3.17.2 Internal voltage reference (V ) | outline/toc=3.18 Digital to analog converter (DAC)
2026-07-26 21:58:53 | stm32l4a6ag | table_11 | page=53 | Y=3.31 Inter-integrated circuit interface (I C) | outline/toc=3.31 Inter-integrated circuit interface (I2C)
2026-07-26 21:58:53 | stm32l4a6ag | table_12 | page=54 | Y=10 Mbit/s | outline/toc=3.32 Universal synchronous/asynchronous receiver transmitter (USART)
2026-07-26 21:58:53 | stm32l4a6ag | table_13 | page=57 | Y=3.35 Serial audio interfaces (SAI) | outline/toc=3.37 Controller area network (CAN)
2026-07-26 21:58:53 | stm32l4a6ag | table_14 | page=71 | Y=3.43.1 Serial wire JTAG debug port (SWJ-DP) | outline/toc=4 Pinouts and pin description
2026-07-26 21:58:53 | stm32l4a6ag | table_15 | page=72 | Y=3.43.1 Serial wire JTAG debug port (SWJ-DP) | outline/toc=4 Pinouts and pin description
2026-07-26 21:58:53 | stm32l4a6ag | table_16 | page=97 | Y=3.43.1 Serial wire JTAG debug port (SWJ-DP) | outline/toc=4 Pinouts and pin description
2026-07-26 21:58:53 | stm32l4a6ag | table_17 | page=106 | Y=3.43.1 Serial wire JTAG debug port (SWJ-DP) | outline/toc=4 Pinouts and pin description
2026-07-26 21:58:53 | stm32l4a6ag | table_18 | page=116 | Y=6 Reserved | outline/toc=5 Memory mapping
2026-07-26 21:58:53 | stm32l4a6ag | table_21 | page=124 | Y=6.2 Absolute maximum ratings | outline/toc=6.3.1 General operating conditions
2026-07-26 21:58:53 | stm32l4a6ag | table_52 | page=159 | Y=6.3.5 Supply current characteristics | outline/toc=6.3.7 External clock source characteristics
2026-07-26 21:58:53 | stm32l4a6ag | table_53 | page=159 | Y=6.3.5 Supply current characteristics | outline/toc=6.3.7 External clock source characteristics
2026-07-26 21:58:53 | stm32l4a6ag | table_57 | page=162 | Y=8 MHz controlled | outline/toc=6.3.7 External clock source characteristics
2026-07-26 21:58:53 | stm32l4a6ag | table_62 | page=170 | Y=6.3.9 PLL characteristics | outline/toc=6.3.10 Flash memory characteristics
2026-07-26 21:58:53 | stm32l4a6ag | table_64 | page=171 | Y=6.3.10 Flash memory characteristics | outline/toc=6.3.11 EMC characteristics
2026-07-26 21:58:53 | stm32l4a6ag | table_67 | page=173 | Y=6.3.12 Electrical sensitivity characteristics | outline/toc=6.3.11 EMC characteristics
2026-07-26 21:58:53 | stm32l4a6ag | table_68 | page=173 | Y=6.3.12 Electrical sensitivity characteristics | outline/toc=6.3.11 EMC characteristics
2026-07-26 21:58:53 | stm32l4a6ag | table_69 | page=174 | Y=6.3.13 I/O current injection characteristics | outline/toc=6.3.14 I/O port characteristics
2026-07-26 21:58:53 | stm32l4a6ag | table_74 | page=182 | Y=6.3.16 Extended interrupt and event controller input (EXTI) characteristics | outline/toc=6.3.17 Analog switches booster
2026-07-26 21:58:53 | stm32l4a6ag | table_88 | page=208 | Y=6.3.24 V monitoring characteristics | outline/toc=6.3.25 LCD controller characteristics
2026-07-26 21:58:53 | stm32l4a6ag | table_89 | page=208 | Y=6.3.24 V monitoring characteristics | outline/toc=6.3.25 LCD controller characteristics
2026-07-26 21:58:53 | stm32l4a6ag | table_104 | page=225 | Y=6.3.28 Communication interfaces characteristics | outline/toc=6.3.29 FSMC characteristics
2026-07-26 21:58:53 | stm32l4a6ag | table_120 | page=243 | Y=6.3.31 SWPMI characteristics | outline/toc=6.3.32 SD/SDIO MMC card host interface (SDIO) characteristics
2026-07-26 21:58:53 | stm32l4a6ag | table_123 | page=246 | Y=7 Package information | outline/toc=7.1 UFBGA169 package information
2026-07-26 21:58:53 | stm32l4a6ag | table_124 | page=247 | Y=7 Package information | outline/toc=7.1 UFBGA169 package information
2026-07-26 21:58:53 | stm32l4a6ag | table_125 | page=251 | Y=7 Package information | outline/toc=7.2 LQFP144 package information
2026-07-26 21:58:53 | stm32l4a6ag | table_126 | page=256 | Y=7 Package information | outline/toc=7.3 UFBGA132 package information
2026-07-26 21:58:53 | stm32l4a6ag | table_127 | page=257 | Y=7 Package information | outline/toc=7.3 UFBGA132 package information
2026-07-26 21:58:53 | stm32l4a6ag | table_128 | page=260 | Y=7 Package information | outline/toc=7.4 LQFP100 package information
2026-07-26 21:58:53 | stm32l4a6ag | table_129 | page=264 | Y=7 Package information | outline/toc=7.5 WLCSP100L package information
2026-07-26 21:58:53 | stm32l4a6ag | table_130 | page=265 | Y=7 Package information | outline/toc=7.5 WLCSP100L package information
2026-07-26 21:58:53 | stm32l4a6ag | table_131 | page=268 | Y=7 Package information | outline/toc=7.6 LQFP64 package information
2026-07-26 21:58:53 | stm32l4a6ag | table_132 | page=272 | Y=7.7 Thermal characteristics | outline/toc=7.7.2 Selecting the product temperature range
2026-07-26 21:58:53 | stm32l4a6ag | table_133 | page=275 | Y=7.7.2 Selecting the product temperature range | outline/toc=8 Ordering information
2026-07-26 21:58:53 | stm32l4a6ag | table_134 | page=277 | Y=9 Important security notice | outline/toc=10 Revision history
2026-07-26 21:59:26 | stm32u031c6 | table_2 | page=8 | Y=3.4.1 Embedded flash memory | outline/toc=3.4.2 Embedded SRAM
2026-07-26 21:59:26 | stm32u031c6 | table_4 | page=15 | Y=3.8 Peripheral interconnect matrix | outline/toc=3.9.2 Clocks and startup
2026-07-26 21:59:26 | stm32u031c6 | table_5 | page=19 | Y=3.15.1 Temperature sensor | outline/toc=3.16 Digital-to-analog converter (DAC)
2026-07-26 21:59:26 | stm32u031c6 | table_6 | page=19 | Y=3.15.2 Internal voltage reference (V ) | outline/toc=3.16 Digital-to-analog converter (DAC)
2026-07-26 21:59:26 | stm32u031c6 | table_7 | page=21 | Y=3.21 Timers and watchdogs | outline/toc=3.21.1 Advanced-control timer (TIM1)
2026-07-26 21:59:26 | stm32u031c6 | table_8 | page=24 | Y=3.22 Real-time clock (RTC), tamper (TAMP) and backup registers | outline/toc=3.24 Universal synchronous/asynchronous receiver transmitter (USART/UART)
2026-07-26 21:59:26 | stm32u031c6 | table_10 | page=25 | Y=3.26 Serial peripheral interface (SPI) | outline/toc=3.27.1 Serial wire debug port (SW-DP)
2026-07-26 21:59:26 | stm32u031c6 | table_20 | page=42 | Y=6.2 Absolute maximum ratings | outline/toc=6.3.2 Operating conditions at power-up / power-down
2026-07-26 21:59:26 | stm32u031c6 | table_21 | page=42 | Y=6.3.1 General operating conditions | outline/toc=6.3.2 Operating conditions at power-up / power-down
2026-07-26 21:59:26 | stm32u031c6 | table_22 | page=43 | Y=6.3.2 Operating conditions at power-up / power-down | outline/toc=6.3.3 Embedded reset and power control block characteristics
2026-07-26 21:59:26 | stm32u031c6 | table_43 | page=63 | Y=6.3.5.1 I/O system current consumption | outline/toc=6.3.5 Supply current characteristics
2026-07-26 21:59:26 | stm32u031c6 | table_45 | page=65 | Y=6.3.6 Wake-up time from low-power modes and voltage scaling transition times | outline/toc=6.3.7 External clock source characteristics
2026-07-26 21:59:26 | stm32u031c6 | table_46 | page=65 | Y=6.3.6 Wake-up time from low-power modes and voltage scaling transition times | outline/toc=6.3.7 External clock source characteristics
2026-07-26 21:59:26 | stm32u031c6 | table_50 | page=68 | Y=8 MHz controlled | outline/toc=6.3.7 External clock source characteristics
2026-07-26 21:59:26 | stm32u031c6 | table_54 | page=73 | Y=6.3.9 PLL characteristics | outline/toc=6.3.10 Flash memory characteristics
2026-07-26 21:59:27 | stm32u031c6 | table_56 | page=74 | Y=6.3.10 Flash memory characteristics | outline/toc=6.3.11 EMC characteristics
2026-07-26 21:59:27 | stm32u031c6 | table_58 | page=75 | Y=6.3.11 EMC characteristics | outline/toc=6.3.12 Electrical sensitivity characteristics
2026-07-26 21:59:27 | stm32u031c6 | table_60 | page=76 | Y=6.3.12 Electrical sensitivity characteristics | outline/toc=6.3.14 I/O port characteristics
2026-07-26 21:59:27 | stm32u031c6 | table_61 | page=76 | Y=6.3.13 I/O current injection characteristics | outline/toc=6.3.14 I/O port characteristics
2026-07-26 21:59:27 | stm32u031c6 | table_66 | page=81 | Y=6.3.16 Extended interrupt and event controller input (EXTI) characteristics | outline/toc=6.3.17 Analog switches booster
2026-07-26 21:59:27 | stm32u031c6 | table_69 | page=83 | Y=2.4 V | outline/toc=6.3.18 Analog-to-digital converter characteristics
2026-07-26 21:59:27 | stm32u031c6 | table_70 | page=85 | Y=2.4 V | outline/toc=6.3.18 Analog-to-digital converter characteristics
2026-07-26 21:59:27 | stm32u031c6 | table_71 | page=88 | Y=6.3.19 Temperature sensor characteristics | outline/toc=6.3.21 Digital-to-analog converter characteristics
2026-07-26 21:59:27 | stm32u031c6 | table_72 | page=88 | Y=6.3.20 V monitoring characteristics | outline/toc=6.3.21 Digital-to-analog converter characteristics
2026-07-26 21:59:27 | stm32u031c6 | table_73 | page=88 | Y=6.3.20 V monitoring characteristics | outline/toc=6.3.21 Digital-to-analog converter characteristics
2026-07-26 21:59:27 | stm32u031c6 | table_81 | page=96 | Y=6.3.24 Timer characteristics | outline/toc=6.3.26 USART characteristics
2026-07-26 21:59:27 | stm32u031c6 | table_84 | page=103 | Y=7.1 Device marking | outline/toc=7.2 TSSOP20 package information (YA)
2026-07-26 21:59:27 | stm32u031c6 | table_85 | page=106 | Y=7.1 Device marking | outline/toc=7.3 WLCSP27 package information (B0KB)
2026-07-26 21:59:27 | stm32u031c6 | table_86 | page=107 | Y=7.1 Device marking | outline/toc=7.3.1 Device marking for WLCSP27
2026-07-26 21:59:27 | stm32u031c6 | table_87 | page=110 | Y=7.1 Device marking | outline/toc=7.4 UFQFPN32 package information (A0B8)
2026-07-26 21:59:27 | stm32u031c6 | table_88 | page=110 | Y=7.1 Device marking | outline/toc=7.4 UFQFPN32 package information (A0B8)
2026-07-26 21:59:27 | stm32u031c6 | table_89 | page=111 | Y=7.1 Device marking | outline/toc=7.4 UFQFPN32 package information (A0B8)
2026-07-26 21:59:27 | stm32u031c6 | table_90 | page=112 | Y=7.1 Device marking | outline/toc=7.5 LQFP48 package information (5B)
2026-07-26 21:59:27 | stm32u031c6 | table_91 | page=116 | Y=7.1 Device marking | outline/toc=7.6 UFQFPN48 package information (A0B9)
2026-07-26 21:59:27 | stm32u031c6 | table_92 | page=117 | Y=7.1 Device marking | outline/toc=7.7 LQFP64 package information (5W)
2026-07-26 21:59:27 | stm32u031c6 | table_93 | page=120 | Y=7.1 Device marking | outline/toc=7.8 UFBGA64 package information (A019)
2026-07-26 21:59:27 | stm32u031c6 | table_94 | page=122 | Y=7.1 Device marking | outline/toc=7.9 Package thermal characteristics
2026-07-26 21:59:27 | stm32u031c6 | table_96 | page=126 | Y=7.9.1 Reference documents | outline/toc=8 Ordering information
2026-07-26 22:00:09 | stm32l562ce | table_1 | page=3 | Y=2 DMA controllers | outline/toc=
2026-07-26 22:00:09 | stm32l562ce | table_2 | page=18 | Y=1 Introduction | outline/toc=2 Description
2026-07-26 22:00:09 | stm32l562ce | table_14 | page=65 | Y=3.21.1 Temperature sensor | outline/toc=3.21.3 VBAT battery voltage monitoring
2026-07-26 22:00:09 | stm32l562ce | table_15 | page=65 | Y=3.21.2 Internal voltage reference (V ) | outline/toc=3.21.3 VBAT battery voltage monitoring
2026-07-26 22:00:09 | stm32l562ce | table_17 | page=78 | Y=3.35 Tamper and backup registers (TAMP) | outline/toc=3.36 Inter-integrated circuit interface (I2C)
2026-07-26 22:00:09 | stm32l562ce | table_19 | page=81 | Y=3.40 Serial audio interfaces (SAI) | outline/toc=3.41 Secure digital input/output and MultiMediaCards Interface (SDMMC)
2026-07-26 22:00:09 | stm32l562ce | table_26 | page=149 | Y=5.2 Absolute maximum ratings | outline/toc=5.3.1 General operating conditions
2026-07-26 22:00:09 | stm32l562ce | table_30 | page=153 | Y=5.3.3 Operating conditions at power-up / power-down | outline/toc=5.3.4 Embedded reset and power control block characteristics
2026-07-26 22:00:10 | stm32l552cc | table_1 | page=2 | Y=2 DMA controllers | outline/toc=
2026-07-26 22:00:10 | stm32l552cc | table_2 | page=16 | Y=1 Introduction | outline/toc=2 Description
2026-07-26 22:00:10 | stm32l562ce | table_98 | page=233 | Y=5.3.12 EMC characteristics | outline/toc=5.3.13 Electrical sensitivity characteristics
2026-07-26 22:00:10 | stm32l562ce | table_100 | page=234 | Y=5.3.13 Electrical sensitivity characteristics | outline/toc=5.3.14 I/O current injection characteristics
2026-07-26 22:00:10 | stm32l562ce | table_105 | page=241 | Y=5.3.15 I/O port characteristics | outline/toc=5.3.16 NRST pin characteristics
2026-07-26 22:00:10 | stm32l562ce | table_106 | page=242 | Y=5.3.16 NRST pin characteristics | outline/toc=5.3.17 Extended interrupt and event controller input (EXTI) characteristics
2026-07-26 22:00:10 | stm32l552cc | table_14 | page=62 | Y=3.21.1 Temperature sensor | outline/toc=3.21.3 VBAT battery voltage monitoring
2026-07-26 22:00:10 | stm32l552cc | table_15 | page=62 | Y=3.21.2 Internal voltage reference (V ) | outline/toc=3.21.3 VBAT battery voltage monitoring
2026-07-26 22:00:10 | stm32l552cc | table_16 | page=68 | Y=3.30 Timers and watchdogs | outline/toc=3.30.1 Advanced-control timer (TIM1, TIM8)
2026-07-26 22:00:10 | stm32l552cc | table_17 | page=73 | Y=3.32 Tamper and backup registers (TAMP) | outline/toc=3.33 Inter-integrated circuit interface (I2C)
2026-07-26 22:00:10 | stm32l552cc | table_19 | page=76 | Y=3.37 Serial audio interfaces (SAI) | outline/toc=3.38 Secure digital input/output and MultiMediaCards Interface (SDMMC)
2026-07-26 22:00:10 | stm32l562ce | table_120 | page=270 | Y=5.3.24 Temperature sensor characteristics | outline/toc=5.3.25 V monitoring characteristics
2026-07-26 22:00:10 | stm32l562ce | table_123 | page=271 | Y=5.3.26 Temperature and V thresholds monitoring | outline/toc=5.3.27 DFSDM characteristics
2026-07-26 22:00:10 | stm32l552cc | table_26 | page=144 | Y=5.2 Absolute maximum ratings | outline/toc=5.3.1 General operating conditions
2026-07-26 22:00:10 | stm32l562ce | table_137 | page=289 | Y=1.5 Ns | outline/toc=5.3.30 FSMC characteristics
2026-07-26 22:00:10 | stm32l552cc | table_30 | page=148 | Y=5.3.3 Operating conditions at power-up / power-down | outline/toc=5.3.4 Embedded reset and power control block characteristics
2026-07-26 22:00:10 | stm32l562ce | table_138 | page=291 | Y=1.5 Ns | outline/toc=5.3.30 FSMC characteristics
2026-07-26 22:00:10 | stm32l562ce | table_139 | page=291 | Y=1.5 Ns | outline/toc=5.3.30 FSMC characteristics
2026-07-26 22:00:10 | stm32l562ce | table_140 | page=293 | Y=1.5 Ns | outline/toc=5.3.30 FSMC characteristics
2026-07-26 22:00:10 | stm32l562ce | table_141 | page=295 | Y=1.5 Ns | outline/toc=5.3.30 FSMC characteristics
2026-07-26 22:00:10 | stm32l562ce | table_142 | page=297 | Y=1.5 Ns | outline/toc=5.3.30 FSMC characteristics
2026-07-26 22:00:10 | stm32l562ce | table_143 | page=299 | Y=1.5 Ns | outline/toc=5.3.30 FSMC characteristics
2026-07-26 22:00:10 | stm32l562ce | table_144 | page=301 | Y=1.5 Ns | outline/toc=5.3.30 FSMC characteristics
2026-07-26 22:00:10 | stm32l562ce | table_145 | page=302 | Y=1.5 Ns | outline/toc=5.3.30 FSMC characteristics
2026-07-26 22:00:10 | stm32l562ce | table_149 | page=309 | Y=5.3.31 OCTOSPI characteristics | outline/toc=5.3.32 SD/SDIO/MMC card host interfaces (SDMMC)
2026-07-26 22:00:10 | stm32l562ce | table_154 | page=314 | Y=6.1 Device marking | outline/toc=6.2 LQFP48 package information
2026-07-26 22:00:10 | stm32l562ce | table_155 | page=316 | Y=6.1 Device marking | outline/toc=6.3 UFQFPN48 package information
2026-07-26 22:00:10 | stm32l562ce | table_156 | page=318 | Y=6.1 Device marking | outline/toc=6.4 LQFP64 package information
2026-07-26 22:00:10 | stm32l562ce | table_157 | page=320 | Y=6.1 Device marking | outline/toc=6.5 WLCSP81 package information
2026-07-26 22:00:10 | stm32l562ce | table_158 | page=322 | Y=6.1 Device marking | outline/toc=6.5 WLCSP81 package information
2026-07-26 22:00:10 | stm32l562ce | table_159 | page=323 | Y=6.1 Device marking | outline/toc=6.6 LQFP100 package information
2026-07-26 22:00:10 | stm32l562ce | table_160 | page=325 | Y=6.1 Device marking | outline/toc=6.7 UFBGA132 package information
2026-07-26 22:00:10 | stm32l562ce | table_161 | page=326 | Y=6.1 Device marking | outline/toc=6.7 UFBGA132 package information
2026-07-26 22:00:10 | stm32l562ce | table_162 | page=328 | Y=6.1 Device marking | outline/toc=6.8 LQFP144 package information
2026-07-26 22:00:10 | stm32l552cc | table_98 | page=228 | Y=5.3.12 EMC characteristics | outline/toc=5.3.13 Electrical sensitivity characteristics
2026-07-26 22:00:10 | stm32l552cc | table_100 | page=229 | Y=5.3.13 Electrical sensitivity characteristics | outline/toc=5.3.14 I/O current injection characteristics
2026-07-26 22:00:10 | stm32l552cc | table_105 | page=236 | Y=5.3.15 I/O port characteristics | outline/toc=5.3.16 NRST pin characteristics
2026-07-26 22:00:10 | stm32l552cc | table_106 | page=237 | Y=5.3.16 NRST pin characteristics | outline/toc=5.3.17 Extended interrupt and event controller input (EXTI) characteristics
2026-07-26 22:00:10 | stm32l552cc | table_120 | page=265 | Y=5.3.24 Temperature sensor characteristics | outline/toc=5.3.25 V monitoring characteristics
2026-07-26 22:00:10 | stm32l552cc | table_123 | page=266 | Y=5.3.26 Temperature and V thresholds monitoring | outline/toc=5.3.27 DFSDM characteristics
2026-07-26 22:00:10 | stm32l552cc | table_137 | page=284 | Y=1.5 Ns | outline/toc=5.3.30 FSMC characteristics
2026-07-26 22:00:10 | stm32l552cc | table_138 | page=286 | Y=1.5 Ns | outline/toc=5.3.30 FSMC characteristics
2026-07-26 22:00:10 | stm32l552cc | table_139 | page=286 | Y=1.5 Ns | outline/toc=5.3.30 FSMC characteristics
2026-07-26 22:00:10 | stm32l552cc | table_140 | page=288 | Y=1.5 Ns | outline/toc=5.3.30 FSMC characteristics
2026-07-26 22:00:10 | stm32l552cc | table_141 | page=290 | Y=1.5 Ns | outline/toc=5.3.30 FSMC characteristics
2026-07-26 22:00:10 | stm32l552cc | table_142 | page=292 | Y=1.5 Ns | outline/toc=5.3.30 FSMC characteristics
2026-07-26 22:00:10 | stm32l552cc | table_143 | page=294 | Y=1.5 Ns | outline/toc=5.3.30 FSMC characteristics
2026-07-26 22:00:10 | stm32l552cc | table_144 | page=296 | Y=1.5 Ns | outline/toc=5.3.30 FSMC characteristics
2026-07-26 22:00:10 | stm32l552cc | table_145 | page=297 | Y=1.5 Ns | outline/toc=5.3.30 FSMC characteristics
2026-07-26 22:00:10 | stm32l552cc | table_149 | page=304 | Y=5.3.31 OCTOSPI characteristics | outline/toc=5.3.32 SD/SDIO/MMC card host interfaces (SDMMC)
2026-07-26 22:00:10 | stm32l552cc | table_153 | page=308 | Y=6 Package information | outline/toc=6.1 LQFP48 package information
2026-07-26 22:00:10 | stm32l552cc | table_154 | page=311 | Y=6 Package information | outline/toc=6.2 UFQFPN48 package information
2026-07-26 22:00:10 | stm32l552cc | table_155 | page=314 | Y=6 Package information | outline/toc=6.3 LQFP64 package information
2026-07-26 22:00:10 | stm32l552cc | table_156 | page=317 | Y=6 Package information | outline/toc=6.4 WLCSP81 package information
2026-07-26 22:00:10 | stm32l552cc | table_157 | page=319 | Y=6 Package information | outline/toc=6.4 WLCSP81 package information
2026-07-26 22:00:10 | stm32l552cc | table_158 | page=320 | Y=6 Package information | outline/toc=6.5 LQFP100 package information
2026-07-26 22:00:10 | stm32l552cc | table_159 | page=323 | Y=6 Package information | outline/toc=6.6 UFBGA132 package information
2026-07-26 22:00:10 | stm32l552cc | table_160 | page=324 | Y=6 Package information | outline/toc=6.6 UFBGA132 package information
2026-07-26 22:00:10 | stm32l552cc | table_161 | page=327 | Y=6 Package information | outline/toc=6.7 LQFP144 package information
2026-07-26 22:00:10 | stm32l552cc | table_164 | page=335 | Y=7 Ordering information | outline/toc=8 Revision history
2026-07-26 22:00:21 | stm32u073c8 | table_2 | page=8 | Y=3.4.1 Embedded flash memory | outline/toc=3.4.2 Embedded SRAM
2026-07-26 22:00:21 | stm32u073c8 | table_4 | page=15 | Y=3.8 Peripheral interconnect matrix | outline/toc=3.9.2 Clocks and startup
2026-07-26 22:00:21 | stm32u073c8 | table_5 | page=19 | Y=3.16.1 Temperature sensor | outline/toc=3.17 Digital-to-analog converter (DAC)
2026-07-26 22:00:21 | stm32u073c8 | table_6 | page=19 | Y=3.16.2 Internal voltage reference (V ) | outline/toc=3.17 Digital-to-analog converter (DAC)
2026-07-26 22:00:21 | stm32u073c8 | table_8 | page=24 | Y=3.25 Real-time clock (RTC), tamper (TAMP) and backup registers | outline/toc=3.27 Universal synchronous/asynchronous receiver transmitter (USART/UART)
2026-07-26 22:00:21 | stm32u073c8 | table_20 | page=44 | Y=6.2 Absolute maximum ratings | outline/toc=6.3.1 General operating conditions
2026-07-26 22:00:21 | stm32u073c8 | table_21 | page=44 | Y=6.2 Absolute maximum ratings | outline/toc=6.3.1 General operating conditions
2026-07-26 22:00:21 | stm32u073c8 | table_23 | page=45 | Y=6.3.2 Operating conditions at power-up / power-down | outline/toc=6.3.3 Embedded reset and power control block characteristics
2026-07-26 22:00:21 | stm32u073c8 | table_44 | page=67 | Y=6.3.5.1 I/O system current consumption | outline/toc=6.3.5 Supply current characteristics
2026-07-26 22:00:21 | stm32u073c8 | table_51 | page=72 | Y=8 MHz controlled | outline/toc=6.3.7 External clock source characteristics
2026-07-26 22:00:21 | stm32u073c8 | table_55 | page=78 | Y=6.3.8 Internal clock source characteristics | outline/toc=6.3.9 PLL characteristics
2026-07-26 22:00:21 | stm32u073c8 | table_58 | page=80 | Y=6.3.10 Flash memory characteristics | outline/toc=6.3.11 EMC characteristics
2026-07-26 22:00:21 | stm32u073c8 | table_60 | page=81 | Y=6.3.11 EMC characteristics | outline/toc=6.3.12 Electrical sensitivity characteristics
2026-07-26 22:00:21 | stm32u073c8 | table_62 | page=82 | Y=6.3.12 Electrical sensitivity characteristics | outline/toc=6.3.14 I/O port characteristics
2026-07-26 22:00:21 | stm32u073c8 | table_63 | page=82 | Y=6.3.13 I/O current injection characteristics | outline/toc=6.3.14 I/O port characteristics
2026-07-26 22:00:21 | stm32u073c8 | table_68 | page=87 | Y=6.3.16 Extended interrupt and event controller input (EXTI) characteristics | outline/toc=6.3.17 Analog switches booster
2026-07-26 22:00:21 | stm32u073c8 | table_71 | page=89 | Y=2.4 V | outline/toc=6.3.18 Analog-to-digital converter characteristics
2026-07-26 22:00:21 | stm32u073c8 | table_72 | page=91 | Y=2.4 V | outline/toc=6.3.18 Analog-to-digital converter characteristics
2026-07-26 22:00:21 | stm32u073c8 | table_73 | page=94 | Y=6.3.19 Temperature sensor characteristics | outline/toc=6.3.21 Digital-to-analog converter characteristics
2026-07-26 22:00:21 | stm32u073c8 | table_74 | page=94 | Y=6.3.20 V monitoring characteristics | outline/toc=6.3.21 Digital-to-analog converter characteristics
2026-07-26 22:00:21 | stm32u073c8 | table_75 | page=94 | Y=6.3.20 V monitoring characteristics | outline/toc=6.3.21 Digital-to-analog converter characteristics
2026-07-26 22:00:22 | stm32u073c8 | table_85 | page=104 | Y=6.3.26 Timer characteristics | outline/toc=6.3.28 USART characteristics
2026-07-26 22:00:22 | stm32u073c8 | table_89 | page=112 | Y=7.1 Device marking | outline/toc=7.2 UFQFPN32 package information (A0B8)
2026-07-26 22:00:22 | stm32u073c8 | table_90 | page=112 | Y=7.1 Device marking | outline/toc=7.2 UFQFPN32 package information (A0B8)
2026-07-26 22:00:22 | stm32u073c8 | table_91 | page=113 | Y=7.1 Device marking | outline/toc=7.2 UFQFPN32 package information (A0B8)
2026-07-26 22:00:22 | stm32u073c8 | table_92 | page=114 | Y=7.1 Device marking | outline/toc=7.3 WLCSP42 package information (B0K9)
2026-07-26 22:00:22 | stm32u073c8 | table_93 | page=116 | Y=7.1 Device marking | outline/toc=7.3.1 Device marking for WLCSP42
2026-07-26 22:00:22 | stm32u073c8 | table_94 | page=117 | Y=7.1 Device marking | outline/toc=7.4 LQFP48 package information (5B)
2026-07-26 22:00:22 | stm32u073c8 | table_95 | page=121 | Y=7.1 Device marking | outline/toc=7.5 UFQFPN48 package information (A0B9)
2026-07-26 22:00:22 | stm32u073c8 | table_96 | page=122 | Y=7.1 Device marking | outline/toc=7.6 LQFP64 package information (5W)
2026-07-26 22:00:22 | stm32u073c8 | table_97 | page=125 | Y=7.1 Device marking | outline/toc=7.7 UFBGA64 package information (A019)
2026-07-26 22:00:22 | stm32u073c8 | table_98 | page=127 | Y=7.1 Device marking | outline/toc=7.7 UFBGA64 package information (A019)
2026-07-26 22:00:22 | stm32u073c8 | table_99 | page=128 | Y=7.1 Device marking | outline/toc=7.8 LQFP80 package information (9X)
2026-07-26 22:00:22 | stm32u073c8 | table_100 | page=131 | Y=7.1 Device marking | outline/toc=7.9 UFBGA81 package information (B0B8)
2026-07-26 22:00:22 | stm32u073c8 | table_101 | page=133 | Y=7.1 Device marking | outline/toc=7.10 Package thermal characteristics
2026-07-26 22:00:22 | stm32u073c8 | table_103 | page=137 | Y=7.10.1 Reference documents | outline/toc=8 Ordering information
2026-07-26 22:00:24 | stm32u535cb | table_5 | page=27 | Y=3.6 TrustZone security architecture | outline/toc=3.6.2 Default TrustZone security state
2026-07-26 22:00:24 | stm32u535cb | table_11 | page=51 | Y=3.17 General purpose direct memory access controller (GPDMA) | outline/toc=3.18 Low-power direct memory access controller (LPDMA)
2026-07-26 22:00:24 | stm32u535cb | table_15 | page=56 | Y=3.24 Delay block (DLYB) | outline/toc=3.25 Analog-to-digital converter (ADC1 and ADC4)
2026-07-26 22:00:24 | stm32u535cb | table_16 | page=60 | Y=3.25.3 Temperature sensor | outline/toc=3.25.5 VBAT battery voltage monitoring
2026-07-26 22:00:24 | stm32u535cb | table_17 | page=60 | Y=3.25.4 Internal voltage reference (VREFINT) | outline/toc=3.25.5 VBAT battery voltage monitoring
2026-07-26 22:00:24 | stm32u535cb | table_18 | page=63 | Y=3.30 Multi-function digital filter (MDF) and audio digital filter (ADF) | outline/toc=3.30.1 Multi-function digital filter (MDF)
2026-07-26 22:00:24 | stm32u535cb | table_19 | page=70 | Y=3.36 Timers and watchdogs | outline/toc=3.36.1 Advanced-control timers (TIM1, TIM8)
2026-07-26 22:00:24 | stm32u535cb | table_20 | page=75 | Y=3.37.2 Tamper and backup registers (TAMP) | outline/toc=3.38 Inter-integrated circuit interface (I2C)
2026-07-26 22:00:24 | stm32u535cb | table_21 | page=76 | Y=3.37.2 Tamper and backup registers (TAMP) | outline/toc=3.38 Inter-integrated circuit interface (I2C)
2026-07-26 22:00:24 | stm32u535cb | table_22 | page=80 | Y=3.40 Serial peripheral interface (SPI) | outline/toc=3.41 Serial audio interfaces (SAI)
2026-07-26 22:00:24 | stm32u535cb | table_23 | page=81 | Y=3.41 Serial audio interfaces (SAI) | outline/toc=3.42 Secure digital input/output and MultiMediaCards interface (SDMMC)
2026-07-26 22:00:24 | stm32u535cb | table_24 | page=82 | Y=3.42 Secure digital input/output and MultiMediaCards interface | outline/toc=3.43 Controller area network (FDCAN)
2026-07-26 22:00:24 | stm32u535cb | table_33 | page=134 | Y=5.3.2 Operating conditions at power-up/power-down | outline/toc=5.3.3 Embedded reset and power control block characteristics
2026-07-26 22:00:24 | stm32u535cb | table_35 | page=136 | Y=5.3.4 SMPS characteristics | outline/toc=5.3.5 Embedded voltage reference
2026-07-26 22:00:24 | stm32u535cb | table_76 | page=184 | Y=5.3.6 Supply current characteristics | outline/toc=5.3.8 External clock timing characteristics
2026-07-26 22:00:24 | stm32u535cb | table_80 | page=188 | Y=8 MHz controlled | outline/toc=5.3.8 External clock timing characteristics
2026-07-26 22:00:24 | stm32u535cb | table_84 | page=196 | Y=5.3.9 Internal clock timing characteristics | outline/toc=5.3.10 PLL characteristics
2026-07-26 22:00:25 | stm32u535cb | table_89 | page=200 | Y=5.3.12 EMC characteristics | outline/toc=5.3.13 Electrical sensitivity characteristics
2026-07-26 22:00:25 | stm32u535cb | table_91 | page=201 | Y=5.3.13 Electrical sensitivity characteristics | outline/toc=5.3.14 I/O current injection characteristics
2026-07-26 22:00:25 | stm32u535cb | table_101 | page=212 | Y=5.3.17 Extended interrupt and event controller input (EXTI) characteristics | outline/toc=5.3.18 Analog switches booster
2026-07-26 22:00:25 | stm32u535cb | table_109 | page=224 | Y=5.3.21 Temperature sensor characteristics | outline/toc=5.3.23 V monitoring characteristics
2026-07-26 22:00:25 | stm32u535cb | table_110 | page=224 | Y=5.3.22 V monitoring characteristics | outline/toc=5.3.23 V monitoring characteristics
2026-07-26 22:00:25 | stm32u535cb | table_112 | page=225 | Y=5.3.23 V monitoring characteristics | outline/toc=5.3.24 Digital-to-analog converter characteristics
2026-07-26 22:00:25 | stm32u535cb | table_131 | page=253 | Y=5.3.35 Delay block characteristics | outline/toc=5.3.36 I2C interface characteristics
2026-07-26 22:00:25 | stm32u535cb | table_132 | page=253 | Y=5.3.35 Delay block characteristics | outline/toc=5.3.36 I2C interface characteristics
2026-07-26 22:00:25 | stm32u535cb | table_139 | page=265 | Y=6 Package information | outline/toc=6.1 LQFP48 package information (5B)
2026-07-26 22:00:25 | stm32u535cb | table_140 | page=269 | Y=6 Package information | outline/toc=6.2 UFQFPN48 package information (A0B9)
2026-07-26 22:00:25 | stm32u535cb | table_143 | page=276 | Y=6 Package information | outline/toc=6.4 LQFP64 package information (5W)
2026-07-26 22:00:25 | stm32u535cb | table_144 | page=280 | Y=6 Package information | outline/toc=6.5 UFBGA64 package information (A019)
2026-07-26 22:00:25 | stm32u535cb | table_145 | page=281 | Y=6 Package information | outline/toc=6.5 UFBGA64 package information (A019)
2026-07-26 22:00:25 | stm32u535cb | table_146 | page=284 | Y=6 Package information | outline/toc=6.6 WLCSP72 package information (B0HK)
2026-07-26 22:00:25 | stm32u535cb | table_147 | page=285 | Y=6 Package information | outline/toc=6.6 WLCSP72 package information (B0HK)
2026-07-26 22:00:25 | stm32u535cb | table_148 | page=288 | Y=6 Package information | outline/toc=6.7 LQFP100 package information (1L)
2026-07-26 22:00:25 | stm32u535cb | table_149 | page=292 | Y=6 Package information | outline/toc=6.8 UFBGA100 package information (A0C2)
2026-07-26 22:00:25 | stm32u535cb | table_150 | page=293 | Y=6 Package information | outline/toc=6.8 UFBGA100 package information (A0C2)
2026-07-26 22:00:25 | stm32u535cb | table_151 | page=295 | Y=6.9 Package thermal characteristics | outline/toc=6.9.1 Reference documents
2026-07-26 22:00:27 | stm32u083cc | table_2 | page=8 | Y=3.4.1 Embedded flash memory | outline/toc=3.4.2 Embedded SRAM
2026-07-26 22:00:27 | stm32u083cc | table_4 | page=15 | Y=3.8 Peripheral interconnect matrix | outline/toc=3.9.2 Clocks and startup
2026-07-26 22:00:28 | stm32u083cc | table_5 | page=19 | Y=3.16.1 Temperature sensor | outline/toc=3.17 Digital-to-analog converter (DAC)
2026-07-26 22:00:28 | stm32u083cc | table_6 | page=19 | Y=3.16.2 Internal voltage reference (V ) | outline/toc=3.17 Digital-to-analog converter (DAC)
2026-07-26 22:00:28 | stm32u083cc | table_7 | page=22 | Y=3.25 Timers and watchdogs | outline/toc=3.25.2 General-purpose timers (TIM2, 3, 15, 16)
2026-07-26 22:00:28 | stm32u083cc | table_8 | page=25 | Y=3.26 Real-time clock (RTC), tamper (TAMP) and backup registers | outline/toc=3.28 Universal synchronous/asynchronous receiver transmitter (USART/UART)
2026-07-26 22:00:28 | stm32u083cc | table_10 | page=26 | Y=3.30 Serial peripheral interface (SPI) | outline/toc=3.32.1 Serial wire debug port (SW-DP)
2026-07-26 22:00:28 | stm32u083cc | table_20 | page=44 | Y=6.2 Absolute maximum ratings | outline/toc=6.3.1 General operating conditions
2026-07-26 22:00:28 | stm32u083cc | table_21 | page=44 | Y=6.2 Absolute maximum ratings | outline/toc=6.3.1 General operating conditions
2026-07-26 22:00:28 | stm32u083cc | table_23 | page=45 | Y=6.3.2 Operating conditions at power-up / power-down | outline/toc=6.3.3 Embedded reset and power control block characteristics
2026-07-26 22:00:28 | stm32u083cc | table_44 | page=67 | Y=6.3.5.1 I/O system current consumption | outline/toc=6.3.5 Supply current characteristics
2026-07-26 22:00:28 | stm32u083cc | table_51 | page=72 | Y=8 MHz controlled | outline/toc=6.3.7 External clock source characteristics
2026-07-26 22:00:28 | stm32u083cc | table_55 | page=78 | Y=6.3.8 Internal clock source characteristics | outline/toc=6.3.9 PLL characteristics
2026-07-26 22:00:28 | stm32u083cc | table_58 | page=80 | Y=6.3.10 Flash memory characteristics | outline/toc=6.3.11 EMC characteristics
2026-07-26 22:00:28 | stm32u083cc | table_60 | page=81 | Y=6.3.11 EMC characteristics | outline/toc=6.3.12 Electrical sensitivity characteristics
2026-07-26 22:00:28 | stm32u083cc | table_62 | page=82 | Y=6.3.12 Electrical sensitivity characteristics | outline/toc=6.3.14 I/O port characteristics
2026-07-26 22:00:28 | stm32u083cc | table_63 | page=82 | Y=6.3.13 I/O current injection characteristics | outline/toc=6.3.14 I/O port characteristics
2026-07-26 22:00:28 | stm32u083cc | table_68 | page=87 | Y=6.3.16 Extended interrupt and event controller input (EXTI) characteristics | outline/toc=6.3.17 Analog switches booster
2026-07-26 22:00:28 | stm32u083cc | table_71 | page=89 | Y=2.4 V | outline/toc=6.3.18 Analog-to-digital converter characteristics
2026-07-26 22:00:28 | stm32u083cc | table_72 | page=91 | Y=2.4 V | outline/toc=6.3.18 Analog-to-digital converter characteristics
2026-07-26 22:00:28 | stm32u083cc | table_73 | page=94 | Y=6.3.19 Temperature sensor characteristics | outline/toc=6.3.21 Digital-to-analog converter characteristics
2026-07-26 22:00:28 | stm32u083cc | table_74 | page=94 | Y=6.3.20 V monitoring characteristics | outline/toc=6.3.21 Digital-to-analog converter characteristics
2026-07-26 22:00:28 | stm32u083cc | table_75 | page=94 | Y=6.3.20 V monitoring characteristics | outline/toc=6.3.21 Digital-to-analog converter characteristics
2026-07-26 22:00:28 | stm32u083cc | table_85 | page=104 | Y=6.3.26 Timer characteristics | outline/toc=6.3.28 USART characteristics
2026-07-26 22:00:28 | stm32u083cc | table_89 | page=112 | Y=7.1 Device marking | outline/toc=7.2 UFQFPN32 package information (A0B8)
2026-07-26 22:00:28 | stm32u083cc | table_90 | page=112 | Y=7.1 Device marking | outline/toc=7.2 UFQFPN32 package information (A0B8)
2026-07-26 22:00:28 | stm32u083cc | table_91 | page=113 | Y=7.1 Device marking | outline/toc=7.2 UFQFPN32 package information (A0B8)
2026-07-26 22:00:28 | stm32u083cc | table_92 | page=114 | Y=7.1 Device marking | outline/toc=7.3 WLCSP42 package information (B0K9)
2026-07-26 22:00:28 | stm32u083cc | table_93 | page=116 | Y=7.1 Device marking | outline/toc=7.3.1 Device marking for WLCSP42
2026-07-26 22:00:28 | stm32u083cc | table_94 | page=117 | Y=7.1 Device marking | outline/toc=7.4 LQFP48 package information (5B)
2026-07-26 22:00:28 | stm32u083cc | table_95 | page=121 | Y=7.1 Device marking | outline/toc=7.5 UFQFPN48 package information (A0B9)
2026-07-26 22:00:28 | stm32u083cc | table_96 | page=122 | Y=7.1 Device marking | outline/toc=7.6 LQFP64 package information (5W)
2026-07-26 22:00:28 | stm32u083cc | table_97 | page=125 | Y=7.1 Device marking | outline/toc=7.7 UFBGA64 package information (A019)
2026-07-26 22:00:28 | stm32u083cc | table_98 | page=127 | Y=7.1 Device marking | outline/toc=7.7 UFBGA64 package information (A019)
2026-07-26 22:00:28 | stm32u083cc | table_99 | page=128 | Y=7.1 Device marking | outline/toc=7.8 LQFP80 package information (9X)
2026-07-26 22:00:28 | stm32u083cc | table_100 | page=131 | Y=7.1 Device marking | outline/toc=7.9 UFBGA81 package information (B0B8)
2026-07-26 22:00:28 | stm32u083cc | table_101 | page=133 | Y=7.1 Device marking | outline/toc=7.10 Package thermal characteristics
2026-07-26 22:00:28 | stm32u083cc | table_103 | page=137 | Y=7.10.1 Reference documents | outline/toc=8 Ordering information
2026-07-26 22:01:19 | stm32u545ce | table_11 | page=51 | Y=3.17 General purpose direct memory access controller (GPDMA) | outline/toc=3.18 Low-power direct memory access controller (LPDMA)
2026-07-26 22:01:19 | stm32u545ce | table_15 | page=56 | Y=3.24 Delay block (DLYB) | outline/toc=3.25 Analog-to-digital converter (ADC1 and ADC4)
2026-07-26 22:01:19 | stm32u545ce | table_16 | page=60 | Y=3.25.3 Temperature sensor | outline/toc=3.25.5 VBAT battery voltage monitoring
2026-07-26 22:01:19 | stm32u545ce | table_17 | page=60 | Y=3.25.4 Internal voltage reference (VREFINT) | outline/toc=3.25.5 VBAT battery voltage monitoring
2026-07-26 22:01:19 | stm32u545ce | table_18 | page=63 | Y=3.30 Multi-function digital filter (MDF) and audio digital filter (ADF) | outline/toc=3.30.1 Multi-function digital filter (MDF)
2026-07-26 22:01:19 | stm32u545ce | table_19 | page=71 | Y=3.34 True random number generator (RNG) | outline/toc=3.36 HASH hardware accelerator (HASH)
2026-07-26 22:01:19 | stm32u545ce | table_21 | page=79 | Y=3.40.2 Tamper and backup registers (TAMP) | outline/toc=3.41 Inter-integrated circuit interface (I2C)
2026-07-26 22:01:19 | stm32u545ce | table_22 | page=80 | Y=3.40.2 Tamper and backup registers (TAMP) | outline/toc=3.41 Inter-integrated circuit interface (I2C)
2026-07-26 22:01:19 | stm32u545ce | table_23 | page=84 | Y=3.43 Serial peripheral interface (SPI) | outline/toc=3.44 Serial audio interfaces (SAI)
2026-07-26 22:01:19 | stm32u545ce | table_24 | page=85 | Y=3.44 Serial audio interfaces (SAI) | outline/toc=3.45 Secure digital input/output and MultiMediaCards interface (SDMMC)
2026-07-26 22:01:19 | stm32u545ce | table_25 | page=86 | Y=3.45 Secure digital input/output and MultiMediaCards interface | outline/toc=3.46 Controller area network (FDCAN)
2026-07-26 22:01:19 | stm32u545ce | table_34 | page=138 | Y=5.3.2 Operating conditions at power-up/power-down | outline/toc=5.3.3 Embedded reset and power control block characteristics
2026-07-26 22:01:19 | stm32u545ce | table_36 | page=140 | Y=5.3.4 SMPS characteristics | outline/toc=5.3.5 Embedded voltage reference
2026-07-26 22:01:19 | stm32u545ce | table_77 | page=189 | Y=5.3.6 Supply current characteristics | outline/toc=5.3.8 External clock timing characteristics
2026-07-26 22:01:19 | stm32u545ce | table_81 | page=193 | Y=8 MHz controlled | outline/toc=5.3.8 External clock timing characteristics
2026-07-26 22:01:19 | stm32u545ce | table_85 | page=201 | Y=5.3.9 Internal clock timing characteristics | outline/toc=5.3.10 PLL characteristics
2026-07-26 22:01:19 | stm32u545ce | table_86 | page=201 | Y=5.3.9 Internal clock timing characteristics | outline/toc=5.3.10 PLL characteristics
2026-07-26 22:01:19 | stm32u545ce | table_91 | page=205 | Y=5.3.12 EMC characteristics | outline/toc=5.3.13 Electrical sensitivity characteristics
2026-07-26 22:01:19 | stm32u545ce | table_93 | page=206 | Y=5.3.13 Electrical sensitivity characteristics | outline/toc=5.3.14 I/O current injection characteristics
2026-07-26 22:01:19 | stm32u545ce | table_103 | page=217 | Y=5.3.17 Extended interrupt and event controller input (EXTI) characteristics | outline/toc=5.3.18 Analog switches booster
2026-07-26 22:01:19 | stm32u545ce | table_111 | page=229 | Y=5.3.21 Temperature sensor characteristics | outline/toc=5.3.23 V monitoring characteristics
2026-07-26 22:01:19 | stm32u545ce | table_112 | page=229 | Y=5.3.22 V monitoring characteristics | outline/toc=5.3.23 V monitoring characteristics
2026-07-26 22:01:19 | stm32u545ce | table_114 | page=230 | Y=5.3.23 V monitoring characteristics | outline/toc=5.3.24 Digital-to-analog converter characteristics
2026-07-26 22:01:19 | stm32u545ce | table_133 | page=258 | Y=5.3.35 Delay block characteristics | outline/toc=5.3.36 I2C interface characteristics
2026-07-26 22:01:19 | stm32u545ce | table_134 | page=258 | Y=5.3.35 Delay block characteristics | outline/toc=5.3.36 I2C interface characteristics
2026-07-26 22:01:19 | stm32u545ce | table_141 | page=270 | Y=6 Package information | outline/toc=6.1 LQFP48 package information (5B)
2026-07-26 22:01:19 | stm32u545ce | table_142 | page=274 | Y=6 Package information | outline/toc=6.2 UFQFPN48 package information (A0B9)
2026-07-26 22:01:19 | stm32u545ce | table_145 | page=281 | Y=6 Package information | outline/toc=6.4 LQFP64 package information (5W)
2026-07-26 22:01:19 | stm32u545ce | table_146 | page=285 | Y=6 Package information | outline/toc=6.5 UFBGA64 package information (A019)
2026-07-26 22:01:19 | stm32u545ce | table_147 | page=286 | Y=6 Package information | outline/toc=6.5 UFBGA64 package information (A019)
2026-07-26 22:01:19 | stm32u545ce | table_148 | page=289 | Y=6 Package information | outline/toc=6.6 WLCSP72 package information (B0HK)
2026-07-26 22:01:19 | stm32u545ce | table_149 | page=290 | Y=6 Package information | outline/toc=6.6 WLCSP72 package information (B0HK)
2026-07-26 22:01:19 | stm32u545ce | table_150 | page=293 | Y=6 Package information | outline/toc=6.7 LQFP100 package information (1L)
2026-07-26 22:01:19 | stm32u545ce | table_151 | page=297 | Y=6 Package information | outline/toc=6.8 UFBGA100 package information (A0C2)
2026-07-26 22:01:19 | stm32u545ce | table_152 | page=298 | Y=6 Package information | outline/toc=6.8 UFBGA100 package information (A0C2)
2026-07-26 22:01:19 | stm32u545ce | table_153 | page=300 | Y=6.9 Package thermal characteristics | outline/toc=6.9.1 Reference documents
2026-07-26 22:01:45 | stm32u575ag | table_11 | page=54 | Y=3.17 General purpose direct memory access controller (GPDMA) | outline/toc=3.18 Low-power direct memory access controller (LPDMA)
2026-07-26 22:01:45 | stm32u575ag | table_14 | page=56 | Y=3.18 Low-power direct memory access controller (LPDMA) | outline/toc=3.19 Chrom-ART Accelerator controller (DMA2D)
2026-07-26 22:01:45 | stm32u575ag | table_15 | page=61 | Y=3.27 Delay block (DLYB) | outline/toc=3.28 Analog-to-digital converter (ADC1 and ADC4)
2026-07-26 22:01:45 | stm32u575ag | table_17 | page=66 | Y=3.28.4 Internal voltage reference (VREFINT) | outline/toc=3.29 Digital-to-analog converter (DAC)
2026-07-26 22:01:45 | stm32u575ag | table_18 | page=68 | Y=3.33 Multifunction digital filter (MDF) and audio digital filter (ADF) | outline/toc=3.33.1 Multifunction digital filter (MDF)
2026-07-26 22:01:45 | stm32u575ag | table_19 | page=75 | Y=3.39 Timers and watchdogs | outline/toc=3.39.1 Advanced-control timers (TIM1, TIM8)
2026-07-26 22:01:45 | stm32u575ag | table_20 | page=80 | Y=3.40.2 Tamper and backup registers (TAMP) | outline/toc=3.41 Inter-integrated circuit interface (I2C)
2026-07-26 22:01:45 | stm32u575ag | table_21 | page=81 | Y=3.40.2 Tamper and backup registers (TAMP) | outline/toc=3.41 Inter-integrated circuit interface (I2C)
2026-07-26 22:01:45 | stm32u575ag | table_22 | page=85 | Y=3.43 Serial peripheral interface (SPI) | outline/toc=3.44 Serial audio interfaces (SAI)
2026-07-26 22:01:45 | stm32u575ag | table_23 | page=86 | Y=3.44 Serial audio interfaces (SAI) | outline/toc=3.45 Secure digital input/output and MultiMediaCards interface (SDMMC)
2026-07-26 22:01:45 | stm32u575ag | table_76 | page=210 | Y=5.3.6 Supply current characteristics | outline/toc=5.3.8 External clock timing characteristics
2026-07-26 22:01:45 | stm32u575ag | table_80 | page=215 | Y=8 MHz controlled | outline/toc=5.3.8 External clock timing characteristics
2026-07-26 22:01:45 | stm32u575ag | table_84 | page=222 | Y=5.3.9 Internal clock timing characteristics | outline/toc=5.3.10 PLL characteristics
2026-07-26 22:01:45 | stm32u575ag | table_89 | page=226 | Y=5.3.12 EMC characteristics | outline/toc=5.3.13 Electrical sensitivity characteristics
2026-07-26 22:01:45 | stm32u575ag | table_91 | page=227 | Y=5.3.13 Electrical sensitivity characteristics | outline/toc=5.3.14 I/O current injection characteristics
2026-07-26 22:01:45 | stm32u575ag | table_101 | page=239 | Y=5.3.17 Extended interrupt and event controller input (EXTI) characteristics | outline/toc=5.3.18 Analog switches booster
2026-07-26 22:01:45 | stm32u575ag | table_109 | page=251 | Y=5.3.21 Temperature sensor characteristics | outline/toc=5.3.23 V monitoring characteristics
2026-07-26 22:01:45 | stm32u575ag | table_110 | page=251 | Y=5.3.22 V monitoring characteristics | outline/toc=5.3.23 V monitoring characteristics
2026-07-26 22:01:45 | stm32u575ag | table_112 | page=252 | Y=5.3.23 V monitoring characteristics | outline/toc=5.3.24 Digital-to-analog converter characteristics
2026-07-26 22:01:45 | stm32u575ag | table_124 | page=271 | Y=5.3.32 Timer characteristics | outline/toc=5.3.33 FSMC characteristics
2026-07-26 22:01:45 | stm32u575ag | table_125 | page=271 | Y=5.3.32 Timer characteristics | outline/toc=5.3.33 FSMC characteristics
2026-07-26 22:01:45 | stm32u575ag | table_139 | page=286 | Y=5.3.33 FSMC characteristics | outline/toc=5.3.34 OCTOSPI characteristics
2026-07-26 22:01:45 | stm32u575ag | table_145 | page=294 | Y=5.3.36 Delay block characteristics | outline/toc=5.3.37 I2C interface characteristics
2026-07-26 22:01:45 | stm32u575ag | table_146 | page=295 | Y=5.3.36 Delay block characteristics | outline/toc=5.3.38 USART (SPI mode) characteristics
2026-07-26 22:01:45 | stm32u575ag | table_151 | page=304 | Y=5.3.42 UCPD characteristics | outline/toc=5.3.43 JTAG/SWD interface characteristics
2026-07-26 22:01:45 | stm32u575ag | table_154 | page=308 | Y=6 Package information | outline/toc=6.1 UFQFPN48 package information (A0B9)
2026-07-26 22:01:45 | stm32u575ag | table_155 | page=311 | Y=6 Package information | outline/toc=6.2 LQFP48 package information (5B)
2026-07-26 22:01:45 | stm32u575ag | table_156 | page=315 | Y=6 Package information | outline/toc=6.3 LQFP64 package information (5W)
2026-07-26 22:01:45 | stm32u575ag | table_157 | page=318 | Y=6 Package information | outline/toc=6.4 WLCSP90 package information (B01C)
2026-07-26 22:01:45 | stm32u575ag | table_158 | page=319 | Y=6 Package information | outline/toc=6.4 WLCSP90 package information (B01C)
2026-07-26 22:01:45 | stm32u575ag | table_159 | page=322 | Y=6 Package information | outline/toc=6.5 LQFP100 package information (1L)
2026-07-26 22:01:45 | stm32u575ag | table_160 | page=325 | Y=6 Package information | outline/toc=6.6 UFBGA132 package information (A0G8)
2026-07-26 22:01:45 | stm32u575ag | table_161 | page=326 | Y=6 Package information | outline/toc=6.6 UFBGA132 package information (A0G8)
2026-07-26 22:01:45 | stm32u575ag | table_162 | page=329 | Y=6 Package information | outline/toc=6.7 LQFP144 package information (1A)
2026-07-26 22:01:45 | stm32u575ag | table_163 | page=333 | Y=6 Package information | outline/toc=6.8 UFBGA169 package information (A0YV)
2026-07-26 22:01:45 | stm32u575ag | table_164 | page=334 | Y=6 Package information | outline/toc=6.8 UFBGA169 package information (A0YV)
2026-07-26 22:01:45 | stm32u575ag | table_165 | page=337 | Y=6.9 Package thermal characteristics | outline/toc=6.9.1 Reference documents
2026-07-26 22:02:02 | stm32u585ai | table_11 | page=54 | Y=3.17 General purpose direct memory access controller (GPDMA) | outline/toc=3.18 Low-power direct memory access controller (LPDMA)
2026-07-26 22:02:02 | stm32u585ai | table_14 | page=56 | Y=3.18 Low-power direct memory access controller (LPDMA) | outline/toc=3.19 Chrom-ART Accelerator controller (DMA2D)
2026-07-26 22:02:02 | stm32u585ai | table_15 | page=61 | Y=3.27 Delay block (DLYB) | outline/toc=3.28 Analog-to-digital converter (ADC1 and ADC4)
2026-07-26 22:02:02 | stm32u585ai | table_17 | page=66 | Y=3.28.4 Internal voltage reference (VREFINT) | outline/toc=3.29 Digital-to-analog converter (DAC)
2026-07-26 22:02:02 | stm32u585ai | table_18 | page=68 | Y=3.33 Multifunction digital filter (MDF) and audio digital filter (ADF) | outline/toc=3.33.1 Multifunction digital filter (MDF)
2026-07-26 22:02:02 | stm32u585ai | table_19 | page=76 | Y=3.37 True random number generator (RNG) | outline/toc=3.39 HASH hardware accelerator (HASH)
2026-07-26 22:02:02 | stm32u585ai | table_21 | page=84 | Y=3.43.2 Tamper and backup registers (TAMP) | outline/toc=3.44 Inter-integrated circuit interface (I2C)
2026-07-26 22:02:02 | stm32u585ai | table_22 | page=85 | Y=3.43.2 Tamper and backup registers (TAMP) | outline/toc=3.44 Inter-integrated circuit interface (I2C)
2026-07-26 22:02:02 | stm32u585ai | table_23 | page=89 | Y=3.46 Serial peripheral interface (SPI) | outline/toc=3.47 Serial audio interfaces (SAI)
2026-07-26 22:02:02 | stm32u585ai | table_24 | page=90 | Y=3.47 Serial audio interfaces (SAI) | outline/toc=3.48 Secure digital input/output and MultiMediaCards interface (SDMMC)
2026-07-26 22:02:02 | stm32u585ai | table_77 | page=214 | Y=5.3.6 Supply current characteristics | outline/toc=5.3.8 External clock timing characteristics
2026-07-26 22:02:02 | stm32u585ai | table_81 | page=219 | Y=8 MHz controlled | outline/toc=5.3.8 External clock timing characteristics
2026-07-26 22:02:02 | stm32u585ai | table_85 | page=226 | Y=5.3.9 Internal clock timing characteristics | outline/toc=5.3.10 PLL characteristics
2026-07-26 22:02:02 | stm32u585ai | table_86 | page=226 | Y=5.3.9 Internal clock timing characteristics | outline/toc=5.3.10 PLL characteristics
2026-07-26 22:02:02 | stm32u585ai | table_91 | page=230 | Y=5.3.12 EMC characteristics | outline/toc=5.3.13 Electrical sensitivity characteristics
2026-07-26 22:02:02 | stm32u585ai | table_93 | page=231 | Y=5.3.13 Electrical sensitivity characteristics | outline/toc=5.3.14 I/O current injection characteristics
2026-07-26 22:02:02 | stm32u585ai | table_103 | page=243 | Y=5.3.17 Extended interrupt and event controller input (EXTI) characteristics | outline/toc=5.3.18 Analog switches booster
2026-07-26 22:02:02 | stm32u585ai | table_111 | page=255 | Y=5.3.21 Temperature sensor characteristics | outline/toc=5.3.23 V monitoring characteristics
2026-07-26 22:02:02 | stm32u585ai | table_112 | page=255 | Y=5.3.22 V monitoring characteristics | outline/toc=5.3.23 V monitoring characteristics
2026-07-26 22:02:02 | stm32u585ai | table_114 | page=256 | Y=5.3.23 V monitoring characteristics | outline/toc=5.3.24 Digital-to-analog converter characteristics
2026-07-26 22:02:02 | stm32u585ai | table_126 | page=275 | Y=5.3.32 Timer characteristics | outline/toc=5.3.33 FSMC characteristics
2026-07-26 22:02:02 | stm32u585ai | table_127 | page=275 | Y=5.3.32 Timer characteristics | outline/toc=5.3.33 FSMC characteristics
2026-07-26 22:02:02 | stm32u585ai | table_141 | page=290 | Y=5.3.33 FSMC characteristics | outline/toc=5.3.34 OCTOSPI characteristics
2026-07-26 22:02:02 | stm32u585ai | table_147 | page=298 | Y=5.3.36 Delay block characteristics | outline/toc=5.3.37 I2C interface characteristics
2026-07-26 22:02:02 | stm32u585ai | table_148 | page=299 | Y=5.3.36 Delay block characteristics | outline/toc=5.3.38 USART (SPI mode) characteristics
2026-07-26 22:02:02 | stm32u585ai | table_153 | page=308 | Y=5.3.42 UCPD characteristics | outline/toc=5.3.43 JTAG/SWD interface characteristics
2026-07-26 22:02:02 | stm32u585ai | table_156 | page=312 | Y=6 Package information | outline/toc=6.1 UFQFPN48 package information (A0B9)
2026-07-26 22:02:02 | stm32u585ai | table_157 | page=315 | Y=6 Package information | outline/toc=6.2 LQFP48 package information (5B)
2026-07-26 22:02:02 | stm32u585ai | table_158 | page=319 | Y=6 Package information | outline/toc=6.3 LQFP64 package information (5W)
2026-07-26 22:02:02 | stm32u585ai | table_159 | page=322 | Y=6 Package information | outline/toc=6.4 WLCSP90 package information (B01C)
2026-07-26 22:02:02 | stm32u585ai | table_160 | page=323 | Y=6 Package information | outline/toc=6.4 WLCSP90 package information (B01C)
2026-07-26 22:02:02 | stm32u585ai | table_161 | page=326 | Y=6 Package information | outline/toc=6.5 LQFP100 package information (1L)
2026-07-26 22:02:02 | stm32u585ai | table_162 | page=329 | Y=6 Package information | outline/toc=6.6 UFBGA132 package information (A0G8)
2026-07-26 22:02:02 | stm32u585ai | table_163 | page=330 | Y=6 Package information | outline/toc=6.6 UFBGA132 package information (A0G8)
2026-07-26 22:02:02 | stm32u585ai | table_164 | page=333 | Y=6 Package information | outline/toc=6.7 LQFP144 package information (1A)
2026-07-26 22:02:02 | stm32u585ai | table_165 | page=337 | Y=6 Package information | outline/toc=6.8 UFBGA169 package information (A0YV)
2026-07-26 22:02:02 | stm32u585ai | table_166 | page=338 | Y=6 Package information | outline/toc=6.8 UFBGA169 package information (A0YV)
2026-07-26 22:02:02 | stm32u585ai | table_167 | page=341 | Y=6.9 Package thermal characteristics | outline/toc=6.9.1 Reference documents
2026-07-26 22:02:05 | stm32u375ce | table_5 | page=14 | A=3.7 Global TrustZone® controller (GTZC) | B=3.6 Boot modes
2026-07-26 22:02:05 | stm32u375ce | table_6 | page=14 | A=3.7 Global TrustZone® controller (GTZC) | B=3.6 Boot modes
2026-07-26 22:02:05 | stm32u375ce | table_7 | page=15 | A=3.7.1 TrustZone® security architecture | B=3.6 Boot modes
2026-07-26 22:02:05 | stm32u375ce | table_10 | page=35 | Y=3.20.1 Temperature sensor | outline/toc=3.20.2 Internal voltage reference (VREFINT)
2026-07-26 22:02:05 | stm32u375ce | table_12 | page=40 | Y=3.30 Timers and watchdogs | outline/toc=3.30.1 Advanced-control timers (TIM1)
2026-07-26 22:02:05 | stm32u375ce | table_13 | page=45 | Y=3.32 Tamper and backup registers (TAMP) | outline/toc=3.34 Improved inter-integrated circuit interface (I3C)
2026-07-26 22:02:05 | stm32u375ce | table_14 | page=47 | Y=3.32 Tamper and backup registers (TAMP) | outline/toc=3.35 Universal synchronous/asynchronous receiver transmitter (USART)
2026-07-26 22:02:05 | stm32u375ce | table_16 | page=51 | Y=3.37 Serial peripheral interface (SPI) | outline/toc=3.38 Serial audio interfaces (SAI)
2026-07-26 22:02:05 | stm32u375ce | table_17 | page=52 | Y=3.38 Serial audio interfaces (SAI) | outline/toc=3.39 Secure digital input/output and MultiMediaCards interface (SDMMC)
2026-07-26 22:02:05 | stm32u375ce | table_18 | page=53 | Y=3.39 Secure digital input/output and MultiMediaCards interface (SDMMC) | outline/toc=3.40 Controller area network (FDCAN)
2026-07-26 22:02:05 | stm32u375ce | table_19 | page=54 | Y=3.41 USB full-speed (USB) | outline/toc=3.42.2 Embedded Trace Macrocell
2026-07-26 22:02:05 | stm32u375ce | table_28 | page=99 | Y=5.3.2 Operating conditions at power-up/power-down | outline/toc=5.3.3 Embedded reset and power control block characteristics
2026-07-26 22:02:05 | stm32u375ce | table_69 | page=129 | Y=5.3.7 Wake-up time from low-power modes and voltage scaling transition times | outline/toc=5.3.8 External clock timing characteristics
2026-07-26 22:02:05 | stm32u375ce | table_70 | page=129 | Y=5.3.7 Wake-up time from low-power modes and voltage scaling transition times | outline/toc=5.3.8 External clock timing characteristics
2026-07-26 22:02:05 | stm32u375ce | table_74 | page=133 | Y=5.3.8 External clock timing characteristics | outline/toc=5.3.9 Internal clock timing characteristics
2026-07-26 22:02:05 | stm32u375ce | table_79 | page=140 | Y=5.3.10 Flash memory characteristics | outline/toc=5.3.11 EMC characteristics
2026-07-26 22:02:05 | stm32u375ce | table_80 | page=140 | Y=5.3.10 Flash memory characteristics | outline/toc=5.3.11 EMC characteristics
2026-07-26 22:02:05 | stm32u375ce | table_81 | page=141 | Y=5.3.11 EMC characteristics | outline/toc=5.3.12 Electrical sensitivity characteristics
2026-07-26 22:02:05 | stm32u375ce | table_82 | page=141 | Y=5.3.11 EMC characteristics | outline/toc=5.3.12 Electrical sensitivity characteristics
2026-07-26 22:02:05 | stm32u375ce | table_85 | page=143 | Y=5.3.13 I/O current injection characteristics | outline/toc=5.3.14 I/O port characteristics
2026-07-26 22:02:05 | stm32u375ce | table_93 | page=151 | Y=5.3.16 Extended interrupt and event controller input (EXTI) characteristics | outline/toc=5.3.17 Analog switches booster
2026-07-26 22:02:05 | stm32u375ce | table_98 | page=156 | Y=5.3.19 Temperature sensor characteristics | outline/toc=5.3.21 V monitoring characteristics
2026-07-26 22:02:05 | stm32u375ce | table_99 | page=156 | Y=5.3.20 V monitoring characteristics | outline/toc=5.3.21 V monitoring characteristics
2026-07-26 22:02:05 | stm32u375ce | table_107 | page=167 | Y=5.3.26 ADF characteristics | outline/toc=5.3.27 Timer characteristics
2026-07-26 22:02:05 | stm32u375ce | table_108 | page=168 | Y=5.3.27 Timer characteristics | outline/toc=5.3.28 OCTOSPI characteristics
2026-07-26 22:02:05 | stm32u375ce | table_109 | page=168 | Y=5.3.27 Timer characteristics | outline/toc=5.3.28 OCTOSPI characteristics
2026-07-26 22:02:05 | stm32u375ce | table_110 | page=168 | Y=5.3.27 Timer characteristics | outline/toc=5.3.28 OCTOSPI characteristics
2026-07-26 22:02:05 | stm32u375ce | table_116 | page=175 | Y=5.3.30 Delay block characteristics | outline/toc=5.3.32 I3C interface characteristics
2026-07-26 22:02:05 | stm32u375ce | table_117 | page=175 | Y=5.3.30 Delay block characteristics | outline/toc=5.3.32 I3C interface characteristics
2026-07-26 22:02:05 | stm32u375ce | table_118 | page=176 | Y=5.3.30 Delay block characteristics | outline/toc=5.3.33 USART characteristics
2026-07-26 22:02:05 | stm32u375ce | table_119 | page=176 | Y=5.3.30 Delay block characteristics | outline/toc=5.3.33 USART characteristics
2026-07-26 22:02:05 | stm32u375ce | table_123 | page=183 | Y=5.3.35 SAI characteristics | outline/toc=5.3.37 JTAG/SWD interface characteristics
2026-07-26 22:02:05 | stm32u375ce | table_126 | page=188 | Y=6.1 Device marking | outline/toc=6.2 UFQFPN32 package information (A0B8)
2026-07-26 22:02:05 | stm32u375ce | table_127 | page=188 | Y=6.1 Device marking | outline/toc=6.2 UFQFPN32 package information (A0B8)
2026-07-26 22:02:05 | stm32u375ce | table_128 | page=189 | Y=6.1 Device marking | outline/toc=6.2 UFQFPN32 package information (A0B8)
2026-07-26 22:02:05 | stm32u375ce | table_129 | page=191 | Y=6.1 Device marking | outline/toc=6.3 LQFP48 package information (5B)
2026-07-26 22:02:05 | stm32u375ce | table_130 | page=194 | Y=6.1 Device marking | outline/toc=6.4 UFQFPN48 package information (A0B9)
2026-07-26 22:02:05 | stm32u375ce | table_131 | page=196 | Y=6.1 Device marking | outline/toc=6.5 WLCSP52 package information (B0JQ)
2026-07-26 22:02:05 | stm32u375ce | table_132 | page=196 | Y=6.1 Device marking | outline/toc=6.5 WLCSP52 package information (B0JQ)
2026-07-26 22:02:05 | stm32u375ce | table_133 | page=197 | Y=6.1 Device marking | outline/toc=6.5.1 Device marking for WLCSP52
2026-07-26 22:02:05 | stm32u375ce | table_134 | page=200 | Y=6.1 Device marking | outline/toc=6.6 LQFP64 package information (5W)
2026-07-26 22:02:05 | stm32u375ce | table_135 | page=203 | Y=6.1 Device marking | outline/toc=6.7 UFBGA64 package information (A019)
2026-07-26 22:02:05 | stm32u375ce | table_136 | page=204 | Y=6.1 Device marking | outline/toc=6.7 UFBGA64 package information (A019)
2026-07-26 22:02:05 | stm32u375ce | table_137 | page=206 | Y=6.1 Device marking | outline/toc=6.8 WLCSP68 package information (B0JP)
2026-07-26 22:02:05 | stm32u375ce | table_138 | page=206 | Y=6.1 Device marking | outline/toc=6.8 WLCSP68 package information (B0JP)
2026-07-26 22:02:05 | stm32u375ce | table_139 | page=207 | Y=6.1 Device marking | outline/toc=6.8.1 Device marking for WLCSP68
2026-07-26 22:02:05 | stm32u375ce | table_140 | page=210 | Y=6.1 Device marking | outline/toc=6.9 LQFP100 package information (1L)
2026-07-26 22:02:05 | stm32u375ce | table_141 | page=213 | Y=6.1 Device marking | outline/toc=6.10 UFBGA100 package information (A0C2)
2026-07-26 22:02:05 | stm32u375ce | table_142 | page=214 | Y=6.1 Device marking | outline/toc=6.11 Package thermal characteristics
2026-07-26 22:02:07 | stm32u3b5cg | table_5 | page=14 | A=3.7 Global TrustZone® controller (GTZC) | B=3.6 Boot modes
2026-07-26 22:02:07 | stm32u3b5cg | table_6 | page=14 | A=3.7 Global TrustZone® controller (GTZC) | B=3.6 Boot modes
2026-07-26 22:02:07 | stm32u3b5cg | table_7 | page=15 | A=3.7.1 TrustZone® security architecture | B=3.6 Boot modes
2026-07-26 22:02:07 | stm32u3b5cg | table_10 | page=36 | Y=3.21.1 Temperature sensor | outline/toc=3.22 Digital-to-analog converter (DAC)
2026-07-26 22:02:07 | stm32u3b5cg | table_11 | page=36 | Y=3.21.2 Internal voltage reference (VREFINT) | outline/toc=3.22 Digital-to-analog converter (DAC)
2026-07-26 22:02:07 | stm32u3b5cg | table_12 | page=41 | Y=3.31 Timers and watchdogs | outline/toc=3.31.2 General-purpose timers (TIM2, TIM3, TIM4, TIM12, TIM15, TIM16, TIM17)
2026-07-26 22:02:07 | stm32u3b5cg | table_13 | page=46 | Y=3.33 Tamper and backup registers (TAMP) | outline/toc=3.35 Improved inter-integrated circuit interface (I3C)
2026-07-26 22:02:07 | stm32u3b5cg | table_14 | page=48 | Y=3.33 Tamper and backup registers (TAMP) | outline/toc=3.36 Universal synchronous/asynchronous receiver transmitter (USART)
2026-07-26 22:02:07 | stm32u3b5cg | table_16 | page=52 | Y=3.38 Serial peripheral interface (SPI) | outline/toc=3.39 Serial audio interfaces (SAI)
2026-07-26 22:02:07 | stm32u385cg | table_5 | page=14 | A=3.7 Global TrustZone® controller (GTZC) | B=3.6 Boot modes
2026-07-26 22:02:07 | stm32u385cg | table_6 | page=14 | A=3.7 Global TrustZone® controller (GTZC) | B=3.6 Boot modes
2026-07-26 22:02:07 | stm32u385cg | table_7 | page=15 | A=3.7.1 TrustZone® security architecture | B=3.6 Boot modes
2026-07-26 22:02:07 | stm32u3b5cg | table_17 | page=53 | Y=3.39 Serial audio interfaces (SAI) | outline/toc=3.40 Secure digital input/output and MultiMediaCards interface (SDMMC)
2026-07-26 22:02:07 | stm32u385cg | table_10 | page=35 | Y=3.20.1 Temperature sensor | outline/toc=3.20.2 Internal voltage reference (VREFINT)
2026-07-26 22:02:07 | stm32u3b5cg | table_18 | page=54 | Y=3.40 Secure digital input/output and MultiMediaCards interface (SDMMC) | outline/toc=3.41 Controller area network (FDCAN)
2026-07-26 22:02:07 | stm32u385cg | table_12 | page=42 | Y=3.32 Timers and watchdogs | outline/toc=3.32.1 Advanced-control timers (TIM1)
2026-07-26 22:02:07 | stm32u3b5cg | table_19 | page=55 | Y=3.42 USB full-speed (USB) | outline/toc=3.43.2 Embedded Trace Macrocell
2026-07-26 22:02:07 | stm32u385cg | table_13 | page=47 | Y=3.34 Tamper and backup registers (TAMP) | outline/toc=3.36 Improved inter-integrated circuit interface (I3C)
2026-07-26 22:02:07 | stm32u385cg | table_14 | page=49 | Y=3.34 Tamper and backup registers (TAMP) | outline/toc=3.37 Universal synchronous/asynchronous receiver transmitter (USART)
2026-07-26 22:02:07 | stm32u385cg | table_16 | page=53 | Y=3.39 Serial peripheral interface (SPI) | outline/toc=3.40 Serial audio interfaces (SAI)
2026-07-26 22:02:07 | stm32u385cg | table_17 | page=54 | Y=3.40 Serial audio interfaces (SAI) | outline/toc=3.41 Secure digital input/output and MultiMediaCards interface (SDMMC)
2026-07-26 22:02:07 | stm32u385cg | table_18 | page=55 | Y=3.41 Secure digital input/output and MultiMediaCards interface (SDMMC) | outline/toc=3.42 Controller area network (FDCAN)
2026-07-26 22:02:07 | stm32u385cg | table_19 | page=56 | Y=3.43 USB full-speed (USB) | outline/toc=3.44.2 Embedded Trace Macrocell
2026-07-26 22:02:07 | stm32u3b5cg | table_69 | page=140 | Y=5.3.7 Wake-up time from low-power modes and voltage scaling transition times | outline/toc=5.3.8 External clock timing characteristics
2026-07-26 22:02:07 | stm32u3b5cg | table_70 | page=140 | Y=5.3.7 Wake-up time from low-power modes and voltage scaling transition times | outline/toc=5.3.8 External clock timing characteristics
2026-07-26 22:02:07 | stm32u3b5cg | table_74 | page=144 | Y=5.3.8 External clock timing characteristics | outline/toc=5.3.9 Internal clock timing characteristics
2026-07-26 22:02:07 | stm32u385cg | table_28 | page=101 | Y=5.3.2 Operating conditions at power-up/power-down | outline/toc=5.3.3 Embedded reset and power control block characteristics
2026-07-26 22:02:07 | stm32u3b5cg | table_79 | page=151 | Y=5.3.10 Flash memory characteristics | outline/toc=5.3.11 EMC characteristics
2026-07-26 22:02:07 | stm32u3b5cg | table_80 | page=151 | Y=5.3.10 Flash memory characteristics | outline/toc=5.3.11 EMC characteristics
2026-07-26 22:02:07 | stm32u3b5cg | table_81 | page=152 | Y=5.3.11 EMC characteristics | outline/toc=5.3.12 Electrical sensitivity characteristics
2026-07-26 22:02:07 | stm32u3b5cg | table_82 | page=152 | Y=5.3.11 EMC characteristics | outline/toc=5.3.12 Electrical sensitivity characteristics
2026-07-26 22:02:07 | stm32u3b5cg | table_83 | page=153 | Y=5.3.12 Electrical sensitivity characteristics | outline/toc=5.3.13 I/O current injection characteristics
2026-07-26 22:02:07 | stm32u3b5cg | table_84 | page=153 | Y=5.3.12 Electrical sensitivity characteristics | outline/toc=5.3.13 I/O current injection characteristics
2026-07-26 22:02:07 | stm32u3b5cg | table_85 | page=154 | Y=5.3.13 I/O current injection characteristics | outline/toc=5.3.14 I/O port characteristics
2026-07-26 22:02:07 | stm32u385cg | table_70 | page=132 | Y=5.3.7 Wake-up time from low-power modes and voltage scaling transition times | outline/toc=5.3.8 External clock timing characteristics
2026-07-26 22:02:07 | stm32u3b5cg | table_93 | page=162 | Y=5.3.16 Extended interrupt and event controller input (EXTI) characteristics | outline/toc=5.3.17 Analog switches booster
2026-07-26 22:02:07 | stm32u3b5cg | table_98 | page=167 | Y=5.3.19 Temperature sensor characteristics | outline/toc=5.3.21 V monitoring characteristics
2026-07-26 22:02:07 | stm32u3b5cg | table_99 | page=167 | Y=5.3.20 V monitoring characteristics | outline/toc=5.3.21 V monitoring characteristics
2026-07-26 22:02:07 | stm32u385cg | table_74 | page=136 | Y=5.3.8 External clock timing characteristics | outline/toc=5.3.9 Internal clock timing characteristics
2026-07-26 22:02:07 | stm32u385cg | table_79 | page=143 | Y=5.3.10 Flash memory characteristics | outline/toc=5.3.11 EMC characteristics
2026-07-26 22:02:07 | stm32u385cg | table_80 | page=143 | Y=5.3.10 Flash memory characteristics | outline/toc=5.3.11 EMC characteristics
2026-07-26 22:02:07 | stm32u385cg | table_81 | page=144 | Y=5.3.11 EMC characteristics | outline/toc=5.3.12 Electrical sensitivity characteristics
2026-07-26 22:02:07 | stm32u385cg | table_82 | page=144 | Y=5.3.11 EMC characteristics | outline/toc=5.3.12 Electrical sensitivity characteristics
2026-07-26 22:02:07 | stm32u3b5cg | table_107 | page=178 | Y=5.3.26 ADF characteristics | outline/toc=5.3.27 Timer characteristics
2026-07-26 22:02:07 | stm32u385cg | table_85 | page=146 | Y=5.3.13 I/O current injection characteristics | outline/toc=5.3.14 I/O port characteristics
2026-07-26 22:02:07 | stm32u3b5cg | table_108 | page=179 | Y=5.3.27 Timer characteristics | outline/toc=5.3.28 OCTOSPI characteristics
2026-07-26 22:02:07 | stm32u3b5cg | table_109 | page=179 | Y=5.3.27 Timer characteristics | outline/toc=5.3.28 OCTOSPI characteristics
2026-07-26 22:02:07 | stm32u3b5cg | table_110 | page=179 | Y=5.3.27 Timer characteristics | outline/toc=5.3.28 OCTOSPI characteristics
2026-07-26 22:02:07 | stm32u385cg | table_93 | page=154 | Y=5.3.16 Extended interrupt and event controller input (EXTI) characteristics | outline/toc=5.3.17 Analog switches booster
2026-07-26 22:02:07 | stm32u3b5cg | table_117 | page=186 | Y=5.3.30 Delay block characteristics | outline/toc=5.3.32 I3C interface characteristics
2026-07-26 22:02:07 | stm32u3b5cg | table_118 | page=187 | Y=5.3.30 Delay block characteristics | outline/toc=5.3.33 USART characteristics
2026-07-26 22:02:07 | stm32u385cg | table_98 | page=159 | Y=5.3.19 Temperature sensor characteristics | outline/toc=5.3.21 V monitoring characteristics
2026-07-26 22:02:07 | stm32u3b5cg | table_119 | page=187 | Y=5.3.30 Delay block characteristics | outline/toc=5.3.33 USART characteristics
2026-07-26 22:02:07 | stm32u385cg | table_99 | page=159 | Y=5.3.20 V monitoring characteristics | outline/toc=5.3.21 V monitoring characteristics
2026-07-26 22:02:07 | stm32u3b5cg | table_123 | page=194 | Y=5.3.35 SAI characteristics | outline/toc=5.3.37 JTAG/SWD interface characteristics
2026-07-26 22:02:07 | stm32u3b5cg | table_126 | page=199 | Y=6.1 Device marking | outline/toc=6.2 LQFP48 package information (5B)
2026-07-26 22:02:07 | stm32u3b5cg | table_127 | page=202 | Y=6.1 Device marking | outline/toc=6.3 UFQFPN48 package information (A0B9)
2026-07-26 22:02:07 | stm32u3b5cg | table_128 | page=204 | Y=6.1 Device marking | outline/toc=6.4 LQFP64 package information (5W)
2026-07-26 22:02:07 | stm32u3b5cg | table_129 | page=207 | Y=6.1 Device marking | outline/toc=6.5.1 Device marking for WLCSP72
2026-07-26 22:02:07 | stm32u3b5cg | table_131 | page=213 | Y=6.1 Device marking | outline/toc=6.7 LQFP100 package information (1L)
2026-07-26 22:02:07 | stm32u3b5cg | table_132 | page=216 | Y=6.1 Device marking | outline/toc=6.8.1 Device marking for WLCSP126
2026-07-26 22:02:07 | stm32u3b5cg | table_133 | page=219 | Y=6.1 Device marking | outline/toc=6.9 UFBGA132 package information (A0G8)
2026-07-26 22:02:07 | stm32u3b5cg | table_134 | page=220 | Y=6.1 Device marking | outline/toc=6.10 LQFP144 package information (1A)
2026-07-26 22:02:07 | stm32u3b5cg | table_135 | page=222 | Y=6.1 Device marking | outline/toc=6.10 LQFP144 package information (1A)
2026-07-26 22:02:07 | stm32u385cg | table_107 | page=170 | Y=5.3.26 ADF characteristics | outline/toc=5.3.27 Timer characteristics
2026-07-26 22:02:07 | stm32u385cg | table_108 | page=171 | Y=5.3.27 Timer characteristics | outline/toc=5.3.28 OCTOSPI characteristics
2026-07-26 22:02:07 | stm32u385cg | table_109 | page=171 | Y=5.3.27 Timer characteristics | outline/toc=5.3.28 OCTOSPI characteristics
2026-07-26 22:02:07 | stm32u385cg | table_110 | page=171 | Y=5.3.27 Timer characteristics | outline/toc=5.3.28 OCTOSPI characteristics
2026-07-26 22:02:07 | stm32u385cg | table_116 | page=178 | Y=5.3.30 Delay block characteristics | outline/toc=5.3.32 I3C interface characteristics
2026-07-26 22:02:07 | stm32u385cg | table_117 | page=178 | Y=5.3.30 Delay block characteristics | outline/toc=5.3.32 I3C interface characteristics
2026-07-26 22:02:07 | stm32u385cg | table_123 | page=186 | Y=5.3.35 SAI characteristics | outline/toc=5.3.37 JTAG/SWD interface characteristics
2026-07-26 22:02:07 | stm32u385cg | table_126 | page=191 | Y=6.1 Device marking | outline/toc=6.2 UFQFPN32 package information (A0B8)
2026-07-26 22:02:07 | stm32u385cg | table_127 | page=191 | Y=6.1 Device marking | outline/toc=6.2 UFQFPN32 package information (A0B8)
2026-07-26 22:02:07 | stm32u385cg | table_128 | page=192 | Y=6.1 Device marking | outline/toc=6.2 UFQFPN32 package information (A0B8)
2026-07-26 22:02:07 | stm32u385cg | table_129 | page=194 | Y=6.1 Device marking | outline/toc=6.3 LQFP48 package information (5B)
2026-07-26 22:02:07 | stm32u385cg | table_130 | page=197 | Y=6.1 Device marking | outline/toc=6.4 UFQFPN48 package information (A0B9)
2026-07-26 22:02:07 | stm32u385cg | table_131 | page=199 | Y=6.1 Device marking | outline/toc=6.5 WLCSP52 package information (B0JQ)
2026-07-26 22:02:07 | stm32u385cg | table_132 | page=199 | Y=6.1 Device marking | outline/toc=6.5 WLCSP52 package information (B0JQ)
2026-07-26 22:02:07 | stm32u385cg | table_133 | page=200 | Y=6.1 Device marking | outline/toc=6.5.1 Device marking for WLCSP52
2026-07-26 22:02:07 | stm32u385cg | table_134 | page=203 | Y=6.1 Device marking | outline/toc=6.6 LQFP64 package information (5W)
2026-07-26 22:02:07 | stm32u385cg | table_135 | page=206 | Y=6.1 Device marking | outline/toc=6.7 UFBGA64 package information (A019)
2026-07-26 22:02:07 | stm32u385cg | table_136 | page=207 | Y=6.1 Device marking | outline/toc=6.7 UFBGA64 package information (A019)
2026-07-26 22:02:07 | stm32u385cg | table_137 | page=209 | Y=6.1 Device marking | outline/toc=6.8 WLCSP68 package information (B0JP)
2026-07-26 22:02:07 | stm32u385cg | table_138 | page=209 | Y=6.1 Device marking | outline/toc=6.8 WLCSP68 package information (B0JP)
2026-07-26 22:02:07 | stm32u385cg | table_139 | page=210 | Y=6.1 Device marking | outline/toc=6.8.1 Device marking for WLCSP68
2026-07-26 22:02:07 | stm32u385cg | table_140 | page=213 | Y=6.1 Device marking | outline/toc=6.9 LQFP100 package information (1L)
2026-07-26 22:02:07 | stm32u385cg | table_141 | page=216 | Y=6.1 Device marking | outline/toc=6.10 UFBGA100 package information (A0C2)
2026-07-26 22:02:17 | stm32u3c5ci | table_5 | page=14 | A=3.7 Global TrustZone® controller (GTZC) | B=3.6 Boot modes
2026-07-26 22:02:17 | stm32u3c5ci | table_6 | page=14 | A=3.7 Global TrustZone® controller (GTZC) | B=3.6 Boot modes
2026-07-26 22:02:17 | stm32u3c5ci | table_7 | page=15 | A=3.7.1 TrustZone® security architecture | B=3.6 Boot modes
2026-07-26 22:02:17 | stm32u3c5ci | table_10 | page=36 | Y=3.21.1 Temperature sensor | outline/toc=3.22 Digital-to-analog converter (DAC)
2026-07-26 22:02:17 | stm32u3c5ci | table_11 | page=36 | Y=3.21.2 Internal voltage reference (VREFINT) | outline/toc=3.22 Digital-to-analog converter (DAC)
2026-07-26 22:02:17 | stm32u3c5ci | table_12 | page=43 | Y=3.33 Timers and watchdogs | outline/toc=3.33.1 Advanced-control timers (TIM1/TIM8)
2026-07-26 22:02:17 | stm32u3c5ci | table_13 | page=48 | Y=3.35 Tamper and backup registers (TAMP) | outline/toc=3.37 Improved inter-integrated circuit interface (I3C)
2026-07-26 22:02:17 | stm32u3c5ci | table_14 | page=50 | Y=3.35 Tamper and backup registers (TAMP) | outline/toc=3.38 Universal synchronous/asynchronous receiver transmitter (USART)
2026-07-26 22:02:17 | stm32u3c5ci | table_16 | page=54 | Y=3.40 Serial peripheral interface (SPI) | outline/toc=3.41 Serial audio interfaces (SAI)
2026-07-26 22:02:17 | stm32u3c5ci | table_17 | page=55 | Y=3.41 Serial audio interfaces (SAI) | outline/toc=3.42 Secure digital input/output and MultiMediaCards interface (SDMMC)
2026-07-26 22:02:17 | stm32u3c5ci | table_18 | page=56 | Y=3.42 Secure digital input/output and MultiMediaCards interface (SDMMC) | outline/toc=3.43 Controller area network (FDCAN)
2026-07-26 22:02:17 | stm32u3c5ci | table_19 | page=57 | Y=3.44 USB full-speed (USB) | outline/toc=3.45.2 Embedded Trace Macrocell
2026-07-26 22:02:17 | stm32u3c5ci | table_69 | page=142 | Y=5.3.7 Wake-up time from low-power modes and voltage scaling transition times | outline/toc=5.3.8 External clock timing characteristics
2026-07-26 22:02:17 | stm32u3c5ci | table_70 | page=142 | Y=5.3.7 Wake-up time from low-power modes and voltage scaling transition times | outline/toc=5.3.8 External clock timing characteristics
2026-07-26 22:02:17 | stm32u3c5ci | table_74 | page=146 | Y=5.3.8 External clock timing characteristics | outline/toc=5.3.9 Internal clock timing characteristics
2026-07-26 22:02:17 | stm32u3c5ci | table_79 | page=153 | Y=5.3.10 Flash memory characteristics | outline/toc=5.3.11 EMC characteristics
2026-07-26 22:02:17 | stm32u3c5ci | table_80 | page=153 | Y=5.3.10 Flash memory characteristics | outline/toc=5.3.11 EMC characteristics
2026-07-26 22:02:17 | stm32u3c5ci | table_81 | page=154 | Y=5.3.11 EMC characteristics | outline/toc=5.3.12 Electrical sensitivity characteristics
2026-07-26 22:02:17 | stm32u3c5ci | table_82 | page=154 | Y=5.3.11 EMC characteristics | outline/toc=5.3.12 Electrical sensitivity characteristics
2026-07-26 22:02:17 | stm32u3c5ci | table_83 | page=155 | Y=5.3.12 Electrical sensitivity characteristics | outline/toc=5.3.13 I/O current injection characteristics
2026-07-26 22:02:17 | stm32u3c5ci | table_84 | page=155 | Y=5.3.12 Electrical sensitivity characteristics | outline/toc=5.3.13 I/O current injection characteristics
2026-07-26 22:02:17 | stm32u3c5ci | table_85 | page=156 | Y=5.3.13 I/O current injection characteristics | outline/toc=5.3.14 I/O port characteristics
2026-07-26 22:02:17 | stm32u3c5ci | table_93 | page=164 | Y=5.3.16 Extended interrupt and event controller input (EXTI) characteristics | outline/toc=5.3.17 Analog switches booster
2026-07-26 22:02:17 | stm32u3c5ci | table_98 | page=169 | Y=5.3.19 Temperature sensor characteristics | outline/toc=5.3.21 V monitoring characteristics
2026-07-26 22:02:17 | stm32u3c5ci | table_99 | page=169 | Y=5.3.20 V monitoring characteristics | outline/toc=5.3.21 V monitoring characteristics
2026-07-26 22:02:17 | stm32u3c5ci | table_107 | page=180 | Y=5.3.26 ADF characteristics | outline/toc=5.3.27 Timer characteristics
2026-07-26 22:02:17 | stm32u3c5ci | table_108 | page=181 | Y=5.3.27 Timer characteristics | outline/toc=5.3.28 OCTOSPI characteristics
2026-07-26 22:02:17 | stm32u3c5ci | table_109 | page=181 | Y=5.3.27 Timer characteristics | outline/toc=5.3.28 OCTOSPI characteristics
2026-07-26 22:02:17 | stm32u3c5ci | table_110 | page=181 | Y=5.3.27 Timer characteristics | outline/toc=5.3.28 OCTOSPI characteristics
2026-07-26 22:02:17 | stm32u3c5ci | table_116 | page=188 | Y=5.3.30 Delay block characteristics | outline/toc=5.3.32 I3C interface characteristics
2026-07-26 22:02:17 | stm32u3c5ci | table_117 | page=188 | Y=5.3.30 Delay block characteristics | outline/toc=5.3.32 I3C interface characteristics
2026-07-26 22:02:17 | stm32u3c5ci | table_118 | page=189 | Y=5.3.30 Delay block characteristics | outline/toc=5.3.33 USART characteristics
2026-07-26 22:02:17 | stm32u3c5ci | table_119 | page=189 | Y=5.3.30 Delay block characteristics | outline/toc=5.3.33 USART characteristics
2026-07-26 22:02:17 | stm32u3c5ci | table_123 | page=196 | Y=5.3.35 SAI characteristics | outline/toc=5.3.37 JTAG/SWD interface characteristics
2026-07-26 22:02:17 | stm32u3c5ci | table_126 | page=201 | Y=6.1 Device marking | outline/toc=6.2 LQFP48 package information (5B)
2026-07-26 22:02:17 | stm32u3c5ci | table_127 | page=204 | Y=6.1 Device marking | outline/toc=6.3 UFQFPN48 package information (A0B9)
2026-07-26 22:02:17 | stm32u3c5ci | table_128 | page=206 | Y=6.1 Device marking | outline/toc=6.4 LQFP64 package information (5W)
2026-07-26 22:02:17 | stm32u3c5ci | table_129 | page=209 | Y=6.1 Device marking | outline/toc=6.5.1 Device marking for WLCSP72
2026-07-26 22:02:17 | stm32u3c5ci | table_131 | page=215 | Y=6.1 Device marking | outline/toc=6.7 LQFP100 package information (1L)
2026-07-26 22:02:17 | stm32u3c5ci | table_132 | page=218 | Y=6.1 Device marking | outline/toc=6.8.1 Device marking for WLCSP126
2026-07-26 22:02:17 | stm32u3c5ci | table_133 | page=221 | Y=6.1 Device marking | outline/toc=6.9 UFBGA132 package information (A0G8)
2026-07-26 22:02:17 | stm32u3c5ci | table_134 | page=222 | Y=6.1 Device marking | outline/toc=6.10 LQFP144 package information (1A)
2026-07-26 22:02:17 | stm32u3c5ci | table_135 | page=224 | Y=6.1 Device marking | outline/toc=6.10 LQFP144 package information (1A)
2026-07-26 22:02:31 | stm32u595ai | table_5 | page=30 | Y=3.6 TrustZone security architecture | outline/toc=3.6.2 Default TrustZone security state
2026-07-26 22:02:31 | stm32u595ai | table_11 | page=55 | Y=3.17 General purpose direct memory access controller (GPDMA) | outline/toc=3.18 Low-power direct memory access controller (LPDMA)
2026-07-26 22:02:31 | stm32u595ai | table_12 | page=55 | Y=3.17 General purpose direct memory access controller (GPDMA) | outline/toc=3.18 Low-power direct memory access controller (LPDMA)
2026-07-26 22:02:31 | stm32u595ai | table_13 | page=57 | Y=3.18 Low-power direct memory access controller (LPDMA) | outline/toc=3.19 Neo-Chrom GPU (GPU2D)
2026-07-26 22:02:31 | stm32u595ai | table_14 | page=57 | Y=3.18 Low-power direct memory access controller (LPDMA) | outline/toc=3.19 Neo-Chrom GPU (GPU2D)
2026-07-26 22:02:31 | stm32u595ai | table_15 | page=65 | Y=3.30.1 HSPI TrustZone security | outline/toc=3.31.1 Analog-to-digital converters (ADC1/2)
2026-07-26 22:02:31 | stm32u595ai | table_16 | page=69 | Y=3.31.3 Temperature sensor | outline/toc=3.32 Digital to analog converter (DAC)
2026-07-26 22:02:31 | stm32u595ai | table_17 | page=69 | Y=3.31.4 Internal voltage reference (V ) | outline/toc=3.32 Digital to analog converter (DAC)
2026-07-26 22:02:31 | stm32u595ai | table_19 | page=80 | Y=3.44 Timers and watchdogs | outline/toc=3.44.1 Advanced-control timers (TIM1, TIM8)
2026-07-26 22:02:31 | stm32u595ai | table_20 | page=85 | Y=3.45.2 Tamper and backup registers (TAMP) | outline/toc=3.46 Inter-integrated circuit interface (I2C)
2026-07-26 22:02:31 | stm32u595ai | table_21 | page=86 | Y=3.45.2 Tamper and backup registers (TAMP) | outline/toc=3.46 Inter-integrated circuit interface (I2C)
2026-07-26 22:02:31 | stm32u595ai | table_22 | page=90 | Y=3.48 Serial peripheral interfaces (SPI) | outline/toc=3.49 Serial audio interfaces (SAI)
2026-07-26 22:02:32 | stm32u595ai | table_23 | page=91 | Y=3.49 Serial audio interfaces (SAI) | outline/toc=3.50 Secure digital input/output and MultiMediaCards interface (SDMMC)
2026-07-26 22:02:32 | stm32u595ai | table_67 | page=240 | Y=5.3.6 Supply current characteristics | outline/toc=5.3.8 External clock timing characteristics
2026-07-26 22:02:32 | stm32u595ai | table_68 | page=240 | Y=5.3.6 Supply current characteristics | outline/toc=5.3.8 External clock timing characteristics
2026-07-26 22:02:32 | stm32u595ai | table_72 | page=244 | Y=8 MHz controlled | outline/toc=5.3.8 External clock timing characteristics
2026-07-26 22:02:32 | stm32u595ai | table_76 | page=252 | Y=5.3.9 Internal clock timing characteristics | outline/toc=5.3.10 PLL characteristics
2026-07-26 22:02:32 | stm32u595ai | table_81 | page=256 | Y=5.3.12 EMC characteristics | outline/toc=5.3.13 Electrical sensitivity characteristics
2026-07-26 22:02:32 | stm32u595ai | table_83 | page=257 | Y=5.3.13 Electrical sensitivity characteristics | outline/toc=5.3.14 I/O current injection characteristics
2026-07-26 22:02:32 | stm32u595ai | table_84 | page=258 | Y=5.3.14 I/O current injection characteristics | outline/toc=5.3.15 I/O port characteristics
2026-07-26 22:02:32 | stm32u595ai | table_93 | page=269 | Y=5.3.17 Extended interrupt and event controller input (EXTI) characteristics | outline/toc=5.3.18 Analog switches booster
2026-07-26 22:02:32 | stm32u595ai | table_101 | page=282 | Y=5.3.21 Temperature sensor characteristics | outline/toc=5.3.23 V monitoring characteristics
2026-07-26 22:02:32 | stm32u595ai | table_102 | page=282 | Y=5.3.22 V monitoring characteristics | outline/toc=5.3.23 V monitoring characteristics
2026-07-26 22:02:32 | stm32u595ai | table_104 | page=283 | Y=5.3.23 V monitoring characteristics | outline/toc=5.3.24 Digital-to-analog converter characteristics
2026-07-26 22:02:32 | stm32u595ai | table_122 | page=308 | Y=5.3.34 Timer characteristics | outline/toc=5.3.35 FSMC characteristics
2026-07-26 22:02:32 | stm32u595ai | table_123 | page=308 | Y=5.3.34 Timer characteristics | outline/toc=5.3.35 FSMC characteristics
2026-07-26 22:02:33 | stm32u595ai | table_136 | page=323 | Y=5.3.35 FSMC characteristics | outline/toc=5.3.36 OCTOSPI characteristics
2026-07-26 22:02:33 | stm32u595ai | table_137 | page=323 | Y=5.3.35 FSMC characteristics | outline/toc=5.3.36 OCTOSPI characteristics
2026-07-26 22:02:33 | stm32u595ai | table_146 | page=336 | Y=5.3.39 Delay block characteristics | outline/toc=5.3.40 I2C interface characteristics
2026-07-26 22:02:33 | stm32u595ai | table_147 | page=337 | Y=5.3.39 Delay block characteristics | outline/toc=5.3.41 USART characteristics
2026-07-26 22:02:33 | stm32u595ai | table_155 | page=347 | Y=5.3.45 UCPD characteristics | outline/toc=5.3.46 JTAG/SWD interface characteristics
2026-07-26 22:02:33 | stm32u595ai | table_158 | page=351 | Y=6 Package information | outline/toc=6.1 LQFP64 package information (5W)
2026-07-26 22:02:33 | stm32u595ai | table_159 | page=355 | Y=6 Package information | outline/toc=6.2 LQFP100 package information (1L)
2026-07-26 22:02:33 | stm32u595ai | table_160 | page=358 | Y=6 Package information | outline/toc=6.3 UFBGA132 package information (A0G8)
2026-07-26 22:02:33 | stm32u595ai | table_161 | page=359 | Y=6 Package information | outline/toc=6.3 UFBGA132 package information (A0G8)
2026-07-26 22:02:33 | stm32u595ai | table_162 | page=362 | Y=6 Package information | outline/toc=6.4 LQFP144 package information (1A)
2026-07-26 22:02:33 | stm32u595ai | table_163 | page=367 | Y=6 Package information | outline/toc=6.5 WLCSP150 package information (B0DX)
2026-07-26 22:02:33 | stm32u595ai | table_164 | page=368 | Y=6 Package information | outline/toc=6.5 WLCSP150 package information (B0DX)
2026-07-26 22:02:33 | stm32u595ai | table_165 | page=369 | Y=6 Package information | outline/toc=6.6 TFBGA169 package information (B0MA)
2026-07-26 22:02:33 | stm32u595ai | table_166 | page=371 | Y=6 Package information | outline/toc=6.6 TFBGA169 package information (B0MA)
2026-07-26 22:02:33 | stm32u595ai | table_167 | page=373 | Y=6 Package information | outline/toc=6.7 WLCSP208 package information (B0DV)
2026-07-26 22:02:33 | stm32u595ai | table_168 | page=374 | Y=6 Package information | outline/toc=6.7 WLCSP208 package information (B0DV)
2026-07-26 22:02:33 | stm32u595ai | table_171 | page=380 | Y=6.9 Package thermal characteristics | outline/toc=6.9.1 Reference documents
2026-07-26 22:02:57 | stm32u5a5aj | table_11 | page=55 | Y=3.17 General purpose direct memory access controller (GPDMA) | outline/toc=3.18 Low-power direct memory access controller (LPDMA)
2026-07-26 22:02:57 | stm32u5a5aj | table_12 | page=55 | Y=3.17 General purpose direct memory access controller (GPDMA) | outline/toc=3.18 Low-power direct memory access controller (LPDMA)
2026-07-26 22:02:57 | stm32u5a5aj | table_13 | page=57 | Y=3.18 Low-power direct memory access controller (LPDMA) | outline/toc=3.19 Neo-Chrom GPU (GPU2D)
2026-07-26 22:02:57 | stm32u5a5aj | table_14 | page=57 | Y=3.18 Low-power direct memory access controller (LPDMA) | outline/toc=3.19 Neo-Chrom GPU (GPU2D)
2026-07-26 22:02:57 | stm32u5a5aj | table_15 | page=65 | Y=3.30.1 HSPI TrustZone security | outline/toc=3.31.1 Analog-to-digital converters (ADC1/2)
2026-07-26 22:02:57 | stm32u5a5aj | table_16 | page=69 | Y=3.31.3 Temperature sensor | outline/toc=3.32 Digital to analog converter (DAC)
2026-07-26 22:02:57 | stm32u5a5aj | table_17 | page=69 | Y=3.31.4 Internal voltage reference (V ) | outline/toc=3.32 Digital to analog converter (DAC)
2026-07-26 22:02:57 | stm32u5a5aj | table_21 | page=89 | Y=3.48.2 Tamper and backup registers (TAMP) | outline/toc=3.49 Inter-integrated circuit interface (I2C)
2026-07-26 22:02:57 | stm32u5a5aj | table_22 | page=90 | Y=3.48.2 Tamper and backup registers (TAMP) | outline/toc=3.49 Inter-integrated circuit interface (I2C)
2026-07-26 22:02:57 | stm32u5a5aj | table_23 | page=94 | Y=3.51 Serial peripheral interfaces (SPI) | outline/toc=3.52 Serial audio interfaces (SAI)
2026-07-26 22:02:57 | stm32u5a5aj | table_24 | page=95 | Y=3.52 Serial audio interfaces (SAI) | outline/toc=3.53 Secure digital input/output and MultiMediaCards interface (SDMMC)
2026-07-26 22:02:57 | stm32u5a5aj | table_25 | page=96 | Y=3.53 Secure digital input/output and MultiMediaCards interface | outline/toc=3.54 Controller area network (FDCAN)
2026-07-26 22:02:57 | stm32u5a5aj | table_68 | page=244 | Y=5.3.6 Supply current characteristics | outline/toc=5.3.8 External clock timing characteristics
2026-07-26 22:02:57 | stm32u5a5aj | table_69 | page=244 | Y=5.3.6 Supply current characteristics | outline/toc=5.3.8 External clock timing characteristics
2026-07-26 22:02:57 | stm32u5a5aj | table_73 | page=248 | Y=8 MHz controlled | outline/toc=5.3.8 External clock timing characteristics
2026-07-26 22:02:57 | stm32u5a5aj | table_77 | page=256 | Y=5.3.9 Internal clock timing characteristics | outline/toc=5.3.10 PLL characteristics
2026-07-26 22:02:57 | stm32u5a5aj | table_78 | page=256 | Y=5.3.9 Internal clock timing characteristics | outline/toc=5.3.10 PLL characteristics
2026-07-26 22:02:57 | stm32u5a5aj | table_83 | page=260 | Y=5.3.12 EMC characteristics | outline/toc=5.3.13 Electrical sensitivity characteristics
2026-07-26 22:02:57 | stm32u5a5aj | table_85 | page=261 | Y=5.3.13 Electrical sensitivity characteristics | outline/toc=5.3.14 I/O current injection characteristics
2026-07-26 22:02:57 | stm32u5a5aj | table_86 | page=262 | Y=5.3.14 I/O current injection characteristics | outline/toc=5.3.15 I/O port characteristics
2026-07-26 22:02:57 | stm32u5a5aj | table_95 | page=273 | Y=5.3.17 Extended interrupt and event controller input (EXTI) characteristics | outline/toc=5.3.18 Analog switches booster
2026-07-26 22:02:57 | stm32u5a5aj | table_103 | page=286 | Y=5.3.21 Temperature sensor characteristics | outline/toc=5.3.23 V monitoring characteristics
2026-07-26 22:02:57 | stm32u5a5aj | table_104 | page=286 | Y=5.3.22 V monitoring characteristics | outline/toc=5.3.23 V monitoring characteristics
2026-07-26 22:02:58 | stm32u5a5aj | table_106 | page=287 | Y=5.3.23 V monitoring characteristics | outline/toc=5.3.24 Digital-to-analog converter characteristics
2026-07-26 22:02:58 | stm32u5a5aj | table_124 | page=312 | Y=5.3.34 Timer characteristics | outline/toc=5.3.35 FSMC characteristics
2026-07-26 22:02:58 | stm32u5a5aj | table_125 | page=312 | Y=5.3.34 Timer characteristics | outline/toc=5.3.35 FSMC characteristics
2026-07-26 22:02:58 | stm32u5a5aj | table_138 | page=327 | Y=5.3.35 FSMC characteristics | outline/toc=5.3.36 OCTOSPI characteristics
2026-07-26 22:02:58 | stm32u5a5aj | table_139 | page=327 | Y=5.3.35 FSMC characteristics | outline/toc=5.3.36 OCTOSPI characteristics
2026-07-26 22:02:58 | stm32u5a5aj | table_148 | page=340 | Y=5.3.39 Delay block characteristics | outline/toc=5.3.40 I2C interface characteristics
2026-07-26 22:02:58 | stm32u5a5aj | table_149 | page=341 | Y=5.3.39 Delay block characteristics | outline/toc=5.3.41 USART characteristics
2026-07-26 22:02:58 | stm32u5a5aj | table_157 | page=351 | Y=5.3.45 UCPD characteristics | outline/toc=5.3.46 JTAG/SWD interface characteristics
2026-07-26 22:02:58 | stm32u5a5aj | table_160 | page=355 | Y=6 Package information | outline/toc=6.1 LQFP64 package information (5W)
2026-07-26 22:02:58 | stm32u5a5aj | table_161 | page=359 | Y=6 Package information | outline/toc=6.2 LQFP100 package information (1L)
2026-07-26 22:02:58 | stm32u5a5aj | table_162 | page=362 | Y=6 Package information | outline/toc=6.3 UFBGA132 package information (A0G8)
2026-07-26 22:02:58 | stm32u5a5aj | table_163 | page=363 | Y=6 Package information | outline/toc=6.3 UFBGA132 package information (A0G8)
2026-07-26 22:02:58 | stm32u5a5aj | table_164 | page=366 | Y=6 Package information | outline/toc=6.4 LQFP144 package information (1A)
2026-07-26 22:02:58 | stm32u5a5aj | table_165 | page=371 | Y=6 Package information | outline/toc=6.5 WLCSP150 package information (B0DX)
2026-07-26 22:02:58 | stm32u5a5aj | table_166 | page=372 | Y=6 Package information | outline/toc=6.5 WLCSP150 package information (B0DX)
2026-07-26 22:02:58 | stm32u5a5aj | table_167 | page=373 | Y=6 Package information | outline/toc=6.6 TFBGA169 package information (B0MA)
2026-07-26 22:02:58 | stm32u5a5aj | table_168 | page=375 | Y=6 Package information | outline/toc=6.6 TFBGA169 package information (B0MA)
2026-07-26 22:02:58 | stm32u5a5aj | table_169 | page=377 | Y=6 Package information | outline/toc=6.7 WLCSP208 package information (B0DV)
2026-07-26 22:02:58 | stm32u5a5aj | table_170 | page=378 | Y=6 Package information | outline/toc=6.7 WLCSP208 package information (B0DV)
2026-07-26 22:02:58 | stm32u5a5aj | table_173 | page=384 | Y=6.9 Package thermal characteristics | outline/toc=6.9.1 Reference documents
2026-07-26 22:03:14 | stm32u5f7vj | table_11 | page=52 | Y=3.17 General purpose direct memory access controller (GPDMA) | outline/toc=3.18 Low-power direct memory access controller (LPDMA)
2026-07-26 22:03:14 | stm32u5f7vj | table_14 | page=54 | Y=3.18 Low-power direct memory access controller (LPDMA) | outline/toc=3.19 Neo-Chrom graphic processor (GPU2D)
2026-07-26 22:03:14 | stm32u5f7vj | table_15 | page=62 | Y=3.32.1 HSPI TrustZone security | outline/toc=3.33 Analog-to-digital converters (ADC1, ADC2, and ADC4)
2026-07-26 22:03:14 | stm32u5f7vj | table_16 | page=66 | Y=3.33.3 Temperature sensor | outline/toc=3.33.4 Internal voltage reference (VREFINT)
2026-07-26 22:03:14 | stm32u5f7vj | table_17 | page=67 | Y=3.33.4 Internal voltage reference (V ) | outline/toc=3.34 Digital to analog converter (DAC)
2026-07-26 22:03:14 | stm32u5f7vj | table_18 | page=69 | Y=3.38 Multi-function digital filter (MDF) and audio digital filter (ADF) | outline/toc=3.38.1 Multi-function digital filter (MDF)
2026-07-26 22:03:14 | stm32u5f7vj | table_20 | page=83 | Y=3.47.2 Tamper and backup registers (TAMP) | outline/toc=3.48 Inter-integrated circuit interface (I2C)
2026-07-26 22:03:14 | stm32u5f7vj | table_21 | page=84 | Y=3.47.2 Tamper and backup registers (TAMP) | outline/toc=3.48 Inter-integrated circuit interface (I2C)
2026-07-26 22:03:14 | stm32u5f7vj | table_22 | page=88 | Y=3.50 Serial peripheral interfaces (SPI) | outline/toc=3.51 Serial audio interfaces (SAI)
2026-07-26 22:03:14 | stm32u5f7vj | table_23 | page=89 | Y=3.51 Serial audio interfaces (SAI) | outline/toc=3.52 Secure digital input/output and MultiMediaCards interface (SDMMC)
2026-07-26 22:03:14 | stm32u5f7vj | table_33 | page=163 | Y=5.3.2 Operating conditions at power-up/power-down | outline/toc=5.3.3 Embedded reset and power control block characteristics
2026-07-26 22:03:14 | stm32u5f7vj | table_75 | page=221 | Y=5.3.6 Supply current characteristics | outline/toc=5.3.8 External clock timing characteristics
2026-07-26 22:03:14 | stm32u5f7vj | table_76 | page=221 | Y=5.3.6 Supply current characteristics | outline/toc=5.3.8 External clock timing characteristics
2026-07-26 22:03:14 | stm32u5f7vj | table_80 | page=226 | Y=8 MHz controlled | outline/toc=5.3.9 Internal clock timing characteristics
2026-07-26 22:03:14 | stm32u5f7vj | table_84 | page=233 | Y=5.3.9 Internal clock timing characteristics | outline/toc=5.3.10 PLL characteristics
2026-07-26 22:03:14 | stm32u5f7vj | table_89 | page=237 | Y=5.3.12 EMC characteristics | outline/toc=5.3.13 Electrical sensitivity characteristics
2026-07-26 22:03:14 | stm32u5f7vj | table_91 | page=238 | Y=5.3.13 Electrical sensitivity characteristics | outline/toc=5.3.14 I/O current injection characteristics
2026-07-26 22:03:14 | stm32u5f7vj | table_92 | page=239 | Y=5.3.14 I/O current injection characteristics | outline/toc=5.3.15 I/O port characteristics
2026-07-26 22:03:14 | stm32u5f7vj | table_101 | page=249 | Y=5.3.17 Extended interrupt and event controller input (EXTI) characteristics | outline/toc=5.3.18 Analog switches booster
2026-07-26 22:03:14 | stm32u5f7vj | table_109 | page=261 | Y=5.3.21 Temperature sensor characteristics | outline/toc=5.3.23 V monitoring characteristics
2026-07-26 22:03:14 | stm32u5f7vj | table_110 | page=261 | Y=5.3.22 V monitoring characteristics | outline/toc=5.3.23 V monitoring characteristics
2026-07-26 22:03:14 | stm32u5f7vj | table_112 | page=262 | Y=5.3.23 V monitoring characteristics | outline/toc=5.3.24 Digital-to-analog converter characteristics
2026-07-26 22:03:14 | stm32u5f7vj | table_130 | page=287 | Y=5.3.34 Timer characteristics | outline/toc=5.3.35 FSMC characteristics
2026-07-26 22:03:14 | stm32u5f7vj | table_131 | page=287 | Y=5.3.34 Timer characteristics | outline/toc=5.3.35 FSMC characteristics
2026-07-26 22:03:14 | stm32u5f7vj | table_145 | page=303 | Y=5.3.35 FSMC characteristics | outline/toc=5.3.36 OCTOSPI characteristics
2026-07-26 22:03:15 | stm32u5f7vj | table_154 | page=316 | Y=5.3.39 Delay block characteristics | outline/toc=5.3.40 I2C interface characteristics
2026-07-26 22:03:15 | stm32u5f7vj | table_155 | page=317 | Y=5.3.39 Delay block characteristics | outline/toc=5.3.41 USART (SPI mode) characteristics
2026-07-26 22:03:15 | stm32u5f7vj | table_159 | page=326 | Y=5.3.43 SAI characteristics | outline/toc=5.3.46 JTAG/SWD interface characteristics
2026-07-26 22:03:15 | stm32u5f7vj | table_160 | page=326 | Y=5.3.43 SAI characteristics | outline/toc=5.3.46 JTAG/SWD interface characteristics
2026-07-26 22:03:15 | stm32u5f7vj | table_161 | page=327 | Y=5.3.43 SAI characteristics | outline/toc=5.3.46 JTAG/SWD interface characteristics
2026-07-26 22:03:15 | stm32u5f7vj | table_162 | page=327 | Y=5.3.45 UCPD characteristics | outline/toc=5.3.46 JTAG/SWD interface characteristics
2026-07-26 22:03:15 | stm32u5f7vj | table_165 | page=332 | Y=6.1 Device marking | outline/toc=6.2 LQFP100 package information (1L)
2026-07-26 22:03:15 | stm32u5f7vj | table_166 | page=335 | Y=6.1 Device marking | outline/toc=6.3 LQFP144 package information (1A)
2026-07-26 22:03:15 | stm32u5f7vj | table_167 | page=339 | Y=6.1 Device marking | outline/toc=6.4 UFBGA144 package information (A02Y)
2026-07-26 22:03:15 | stm32u5f7vj | table_168 | page=340 | Y=6.1 Device marking | outline/toc=6.4 UFBGA144 package information (A02Y)
2026-07-26 22:03:15 | stm32u5f7vj | table_169 | page=342 | Y=6.1 Device marking | outline/toc=6.5 WLCSP208 package information (B0KC)
2026-07-26 22:03:15 | stm32u5f7vj | table_170 | page=343 | Y=6.1 Device marking | outline/toc=6.5 WLCSP208 package information (B0KC)
2026-07-26 22:03:15 | stm32u5f7vj | table_171 | page=346 | Y=6.1 Device marking | outline/toc=6.6 TFBGA216 package information (A0L2)
2026-07-26 22:03:15 | stm32u5f7vj | table_172 | page=347 | Y=6.1 Device marking | outline/toc=6.7 Package thermal characteristics
2026-07-26 22:03:15 | stm32u5f7vj | table_173 | page=348 | Y=6.7 Package thermal characteristics | outline/toc=6.7.1 Reference documents
2026-07-26 22:03:43 | stm32u5g7vj | table_11 | page=52 | Y=3.17 General purpose direct memory access controller (GPDMA) | outline/toc=3.18 Low-power direct memory access controller (LPDMA)
2026-07-26 22:03:43 | stm32u5g7vj | table_14 | page=54 | Y=3.18 Low-power direct memory access controller (LPDMA) | outline/toc=3.19 Neo-Chrom graphic processor (GPU2D)
2026-07-26 22:03:43 | stm32u5g7vj | table_15 | page=62 | Y=3.32.1 HSPI TrustZone security | outline/toc=3.33 Analog-to-digital converters (ADC1, ADC2, and ADC4)
2026-07-26 22:03:43 | stm32u5g7vj | table_16 | page=66 | Y=3.33.3 Temperature sensor | outline/toc=3.33.4 Internal voltage reference (VREFINT)
2026-07-26 22:03:43 | stm32u5g7vj | table_17 | page=67 | Y=3.33.4 Internal voltage reference (V ) | outline/toc=3.34 Digital to analog converter (DAC)
2026-07-26 22:03:43 | stm32u5g7vj | table_18 | page=69 | Y=3.38 Multi-function digital filter (MDF) and audio digital filter (ADF) | outline/toc=3.38.1 Multi-function digital filter (MDF)
2026-07-26 22:03:43 | stm32u5g7vj | table_19 | page=78 | Y=3.44 True random number generator (RNG) | outline/toc=3.46 HASH hardware accelerator (HASH)
2026-07-26 22:03:43 | stm32u5g7vj | table_20 | page=81 | Y=3.49 Timers and watchdogs | outline/toc=3.49.1 Advanced-control timers (TIM1, TIM8)
2026-07-26 22:03:43 | stm32u5g7vj | table_21 | page=87 | Y=3.50.2 Tamper and backup registers (TAMP) | outline/toc=3.51 Inter-integrated circuit interface (I2C)
2026-07-26 22:03:43 | stm32u5g7vj | table_22 | page=87 | Y=3.50.2 Tamper and backup registers (TAMP) | outline/toc=3.51 Inter-integrated circuit interface (I2C)
2026-07-26 22:03:43 | stm32u5g7vj | table_24 | page=93 | Y=3.54 Serial audio interfaces (SAI) | outline/toc=3.55 Secure digital input/output and MultiMediaCards interface (SDMMC)
2026-07-26 22:03:43 | stm32u5g7vj | table_25 | page=94 | Y=3.55 Secure digital input/output and MultiMediaCards interface | outline/toc=3.56 Controller area network (FDCAN)
2026-07-26 22:03:43 | stm32u5g7vj | table_34 | page=160 | Y=5.3.2 Operating conditions at power-up/power-down | outline/toc=5.3.3 Embedded reset and power control block characteristics
2026-07-26 22:03:43 | stm32u5g7vj | table_36 | page=162 | Y=5.3.4 SMPS characteristics | outline/toc=5.3.5 Embedded voltage reference
2026-07-26 22:03:43 | stm32u5g7vj | table_76 | page=217 | Y=5.3.6 Supply current characteristics | outline/toc=5.3.8 External clock timing characteristics
2026-07-26 22:03:43 | stm32u5g7vj | table_77 | page=217 | Y=5.3.6 Supply current characteristics | outline/toc=5.3.8 External clock timing characteristics
2026-07-26 22:03:43 | stm32u5g7vj | table_81 | page=222 | Y=8 MHz controlled | outline/toc=5.3.9 Internal clock timing characteristics
2026-07-26 22:03:43 | stm32u5g7vj | table_85 | page=229 | Y=5.3.9 Internal clock timing characteristics | outline/toc=5.3.10 PLL characteristics
2026-07-26 22:03:43 | stm32u5g7vj | table_86 | page=229 | Y=5.3.9 Internal clock timing characteristics | outline/toc=5.3.10 PLL characteristics
2026-07-26 22:03:43 | stm32u5g7vj | table_91 | page=233 | Y=5.3.12 EMC characteristics | outline/toc=5.3.13 Electrical sensitivity characteristics
2026-07-26 22:03:43 | stm32u5g7vj | table_93 | page=234 | Y=5.3.13 Electrical sensitivity characteristics | outline/toc=5.3.14 I/O current injection characteristics
2026-07-26 22:03:43 | stm32u5g7vj | table_94 | page=235 | Y=5.3.14 I/O current injection characteristics | outline/toc=5.3.15 I/O port characteristics
2026-07-26 22:03:44 | stm32u5g7vj | table_103 | page=245 | Y=5.3.17 Extended interrupt and event controller input (EXTI) characteristics | outline/toc=5.3.18 Analog switches booster
2026-07-26 22:03:44 | stm32u5g7vj | table_111 | page=257 | Y=5.3.21 Temperature sensor characteristics | outline/toc=5.3.23 V monitoring characteristics
2026-07-26 22:03:44 | stm32u5g7vj | table_112 | page=257 | Y=5.3.22 V monitoring characteristics | outline/toc=5.3.23 V monitoring characteristics
2026-07-26 22:03:44 | stm32u5g7vj | table_114 | page=258 | Y=5.3.23 V monitoring characteristics | outline/toc=5.3.24 Digital-to-analog converter characteristics
2026-07-26 22:03:44 | stm32u5g7vj | table_132 | page=283 | Y=5.3.34 Timer characteristics | outline/toc=5.3.35 FSMC characteristics
2026-07-26 22:03:44 | stm32u5g7vj | table_133 | page=283 | Y=5.3.34 Timer characteristics | outline/toc=5.3.35 FSMC characteristics
2026-07-26 22:03:44 | stm32u5g7vj | table_147 | page=299 | Y=5.3.35 FSMC characteristics | outline/toc=5.3.36 OCTOSPI characteristics
2026-07-26 22:03:44 | stm32u5g7vj | table_156 | page=312 | Y=5.3.39 Delay block characteristics | outline/toc=5.3.40 I2C interface characteristics
2026-07-26 22:03:44 | stm32u5g7vj | table_157 | page=313 | Y=5.3.39 Delay block characteristics | outline/toc=5.3.41 USART (SPI mode) characteristics
2026-07-26 22:03:44 | stm32u5g7vj | table_161 | page=322 | Y=5.3.43 SAI characteristics | outline/toc=5.3.46 JTAG/SWD interface characteristics
2026-07-26 22:03:44 | stm32u5g7vj | table_162 | page=322 | Y=5.3.43 SAI characteristics | outline/toc=5.3.46 JTAG/SWD interface characteristics
2026-07-26 22:03:44 | stm32u5g7vj | table_163 | page=323 | Y=5.3.43 SAI characteristics | outline/toc=5.3.46 JTAG/SWD interface characteristics
2026-07-26 22:03:44 | stm32u5g7vj | table_164 | page=323 | Y=5.3.45 UCPD characteristics | outline/toc=5.3.46 JTAG/SWD interface characteristics
2026-07-26 22:03:44 | stm32u5g7vj | table_167 | page=328 | Y=6.1 Device marking | outline/toc=6.2 LQFP100 package information (1L)
2026-07-26 22:03:44 | stm32u5g7vj | table_168 | page=331 | Y=6.1 Device marking | outline/toc=6.3 LQFP144 package information (1A)
2026-07-26 22:03:44 | stm32u5g7vj | table_169 | page=335 | Y=6.1 Device marking | outline/toc=6.4 UFBGA144 package information (A02Y)
2026-07-26 22:03:44 | stm32u5g7vj | table_170 | page=336 | Y=6.1 Device marking | outline/toc=6.4 UFBGA144 package information (A02Y)
2026-07-26 22:03:44 | stm32u5g7vj | table_171 | page=338 | Y=6.1 Device marking | outline/toc=6.5 WLCSP208 package information (B0KC)
2026-07-26 22:03:44 | stm32u5g7vj | table_172 | page=339 | Y=6.1 Device marking | outline/toc=6.5 WLCSP208 package information (B0KC)
2026-07-26 22:03:44 | stm32u5g7vj | table_173 | page=342 | Y=6.1 Device marking | outline/toc=6.6 TFBGA216 package information (A0L2)
2026-07-26 22:03:44 | stm32u5g7vj | table_174 | page=343 | Y=6.1 Device marking | outline/toc=6.7 Package thermal characteristics
2026-07-26 22:03:44 | stm32u5g7vj | table_175 | page=344 | Y=6.7 Package thermal characteristics | outline/toc=6.7.1 Reference documents
2026-07-26 22:31:28 | stm32u585ai | table_11 | page=54 | Y=3.17 General purpose direct memory access controller (GPDMA) | outline/toc=3.18 Low-power direct memory access controller (LPDMA)
2026-07-26 22:31:28 | stm32u585ai | table_14 | page=56 | Y=3.18 Low-power direct memory access controller (LPDMA) | outline/toc=3.19 Chrom-ART Accelerator controller (DMA2D)
2026-07-26 22:31:28 | stm32u585ai | table_15 | page=61 | Y=3.27 Delay block (DLYB) | outline/toc=3.28 Analog-to-digital converter (ADC1 and ADC4)
2026-07-26 22:31:28 | stm32u585ai | table_17 | page=66 | Y=3.28.4 Internal voltage reference (VREFINT) | outline/toc=3.29 Digital-to-analog converter (DAC)
2026-07-26 22:31:28 | stm32u585ai | table_18 | page=68 | Y=3.33 Multifunction digital filter (MDF) and audio digital filter (ADF) | outline/toc=3.33.1 Multifunction digital filter (MDF)
2026-07-26 22:31:28 | stm32u585ai | table_19 | page=76 | Y=3.37 True random number generator (RNG) | outline/toc=3.39 HASH hardware accelerator (HASH)
2026-07-26 22:31:28 | stm32u585ai | table_21 | page=84 | Y=3.43.2 Tamper and backup registers (TAMP) | outline/toc=3.44 Inter-integrated circuit interface (I2C)
2026-07-26 22:31:28 | stm32u585ai | table_22 | page=85 | Y=3.43.2 Tamper and backup registers (TAMP) | outline/toc=3.44 Inter-integrated circuit interface (I2C)
2026-07-26 22:31:28 | stm32u585ai | table_23 | page=89 | Y=3.46 Serial peripheral interface (SPI) | outline/toc=3.47 Serial audio interfaces (SAI)
2026-07-26 22:31:28 | stm32u585ai | table_24 | page=90 | Y=3.47 Serial audio interfaces (SAI) | outline/toc=3.48 Secure digital input/output and MultiMediaCards interface (SDMMC)
2026-07-26 22:31:28 | stm32u585ai | table_77 | page=214 | Y=5.3.6 Supply current characteristics | outline/toc=5.3.8 External clock timing characteristics
2026-07-26 22:31:28 | stm32u585ai | table_81 | page=219 | Y=8 MHz controlled | outline/toc=5.3.8 External clock timing characteristics
2026-07-26 22:31:28 | stm32u585ai | table_85 | page=226 | Y=5.3.9 Internal clock timing characteristics | outline/toc=5.3.10 PLL characteristics
2026-07-26 22:31:28 | stm32u585ai | table_86 | page=226 | Y=5.3.9 Internal clock timing characteristics | outline/toc=5.3.10 PLL characteristics
2026-07-26 22:31:28 | stm32u585ai | table_91 | page=230 | Y=5.3.12 EMC characteristics | outline/toc=5.3.13 Electrical sensitivity characteristics
2026-07-26 22:31:28 | stm32u585ai | table_93 | page=231 | Y=5.3.13 Electrical sensitivity characteristics | outline/toc=5.3.14 I/O current injection characteristics
2026-07-26 22:31:28 | stm32u585ai | table_103 | page=243 | Y=5.3.17 Extended interrupt and event controller input (EXTI) characteristics | outline/toc=5.3.18 Analog switches booster
2026-07-26 22:31:28 | stm32u585ai | table_111 | page=255 | Y=5.3.21 Temperature sensor characteristics | outline/toc=5.3.23 V monitoring characteristics
2026-07-26 22:31:28 | stm32u585ai | table_112 | page=255 | Y=5.3.22 V monitoring characteristics | outline/toc=5.3.23 V monitoring characteristics
2026-07-26 22:31:28 | stm32u585ai | table_114 | page=256 | Y=5.3.23 V monitoring characteristics | outline/toc=5.3.24 Digital-to-analog converter characteristics
2026-07-26 22:31:28 | stm32u585ai | table_126 | page=275 | Y=5.3.32 Timer characteristics | outline/toc=5.3.33 FSMC characteristics
2026-07-26 22:31:28 | stm32u585ai | table_127 | page=275 | Y=5.3.32 Timer characteristics | outline/toc=5.3.33 FSMC characteristics
2026-07-26 22:31:28 | stm32u585ai | table_141 | page=290 | Y=5.3.33 FSMC characteristics | outline/toc=5.3.34 OCTOSPI characteristics
2026-07-26 22:31:28 | stm32u585ai | table_147 | page=298 | Y=5.3.36 Delay block characteristics | outline/toc=5.3.37 I2C interface characteristics
2026-07-26 22:31:28 | stm32u585ai | table_148 | page=299 | Y=5.3.36 Delay block characteristics | outline/toc=5.3.38 USART (SPI mode) characteristics
2026-07-26 22:31:28 | stm32u585ai | table_153 | page=308 | Y=5.3.42 UCPD characteristics | outline/toc=5.3.43 JTAG/SWD interface characteristics
2026-07-26 22:31:28 | stm32u585ai | table_156 | page=312 | Y=6 Package information | outline/toc=6.1 UFQFPN48 package information (A0B9)
2026-07-26 22:31:28 | stm32u585ai | table_157 | page=315 | Y=6 Package information | outline/toc=6.2 LQFP48 package information (5B)
2026-07-26 22:31:28 | stm32u585ai | table_158 | page=319 | Y=6 Package information | outline/toc=6.3 LQFP64 package information (5W)
2026-07-26 22:31:28 | stm32u585ai | table_159 | page=322 | Y=6 Package information | outline/toc=6.4 WLCSP90 package information (B01C)
2026-07-26 22:31:28 | stm32u585ai | table_160 | page=323 | Y=6 Package information | outline/toc=6.4 WLCSP90 package information (B01C)
2026-07-26 22:31:28 | stm32u585ai | table_161 | page=326 | Y=6 Package information | outline/toc=6.5 LQFP100 package information (1L)
2026-07-26 22:31:28 | stm32u585ai | table_162 | page=329 | Y=6 Package information | outline/toc=6.6 UFBGA132 package information (A0G8)
2026-07-26 22:31:28 | stm32u585ai | table_163 | page=330 | Y=6 Package information | outline/toc=6.6 UFBGA132 package information (A0G8)
2026-07-26 22:31:28 | stm32u585ai | table_164 | page=333 | Y=6 Package information | outline/toc=6.7 LQFP144 package information (1A)
2026-07-26 22:31:28 | stm32u585ai | table_165 | page=337 | Y=6 Package information | outline/toc=6.8 UFBGA169 package information (A0YV)
2026-07-26 22:31:28 | stm32u585ai | table_166 | page=338 | Y=6 Package information | outline/toc=6.8 UFBGA169 package information (A0YV)
2026-07-26 22:31:28 | stm32u585ai | table_167 | page=341 | Y=6.9 Package thermal characteristics | outline/toc=6.9.1 Reference documents
2026-07-26 22:32:12 | stm32u585ai | table_11 | page=54 | Y=3.17 General purpose direct memory access controller (GPDMA) | outline/toc=3.18 Low-power direct memory access controller (LPDMA)
2026-07-26 22:32:12 | stm32u585ai | table_14 | page=56 | Y=3.18 Low-power direct memory access controller (LPDMA) | outline/toc=3.19 Chrom-ART Accelerator controller (DMA2D)
2026-07-26 22:32:12 | stm32u585ai | table_15 | page=61 | Y=3.27 Delay block (DLYB) | outline/toc=3.28 Analog-to-digital converter (ADC1 and ADC4)
2026-07-26 22:32:12 | stm32u585ai | table_17 | page=66 | Y=3.28.4 Internal voltage reference (VREFINT) | outline/toc=3.29 Digital-to-analog converter (DAC)
2026-07-26 22:32:12 | stm32u585ai | table_18 | page=68 | Y=3.33 Multifunction digital filter (MDF) and audio digital filter (ADF) | outline/toc=3.33.1 Multifunction digital filter (MDF)
2026-07-26 22:32:12 | stm32u585ai | table_19 | page=76 | Y=3.37 True random number generator (RNG) | outline/toc=3.39 HASH hardware accelerator (HASH)
2026-07-26 22:32:12 | stm32u585ai | table_21 | page=84 | Y=3.43.2 Tamper and backup registers (TAMP) | outline/toc=3.44 Inter-integrated circuit interface (I2C)
2026-07-26 22:32:12 | stm32u585ai | table_22 | page=85 | Y=3.43.2 Tamper and backup registers (TAMP) | outline/toc=3.44 Inter-integrated circuit interface (I2C)
2026-07-26 22:32:12 | stm32u585ai | table_23 | page=89 | Y=3.46 Serial peripheral interface (SPI) | outline/toc=3.47 Serial audio interfaces (SAI)
2026-07-26 22:32:12 | stm32u585ai | table_24 | page=90 | Y=3.47 Serial audio interfaces (SAI) | outline/toc=3.48 Secure digital input/output and MultiMediaCards interface (SDMMC)
2026-07-26 22:32:13 | stm32u585ai | table_77 | page=214 | Y=5.3.6 Supply current characteristics | outline/toc=5.3.8 External clock timing characteristics
2026-07-26 22:32:13 | stm32u585ai | table_81 | page=219 | Y=8 MHz controlled | outline/toc=5.3.8 External clock timing characteristics
2026-07-26 22:32:13 | stm32u585ai | table_85 | page=226 | Y=5.3.9 Internal clock timing characteristics | outline/toc=5.3.10 PLL characteristics
2026-07-26 22:32:13 | stm32u585ai | table_86 | page=226 | Y=5.3.9 Internal clock timing characteristics | outline/toc=5.3.10 PLL characteristics
2026-07-26 22:32:13 | stm32u585ai | table_91 | page=230 | Y=5.3.12 EMC characteristics | outline/toc=5.3.13 Electrical sensitivity characteristics
2026-07-26 22:32:13 | stm32u585ai | table_93 | page=231 | Y=5.3.13 Electrical sensitivity characteristics | outline/toc=5.3.14 I/O current injection characteristics
2026-07-26 22:32:13 | stm32u585ai | table_103 | page=243 | Y=5.3.17 Extended interrupt and event controller input (EXTI) characteristics | outline/toc=5.3.18 Analog switches booster
2026-07-26 22:32:13 | stm32u585ai | table_111 | page=255 | Y=5.3.21 Temperature sensor characteristics | outline/toc=5.3.23 V monitoring characteristics
2026-07-26 22:32:13 | stm32u585ai | table_112 | page=255 | Y=5.3.22 V monitoring characteristics | outline/toc=5.3.23 V monitoring characteristics
2026-07-26 22:32:13 | stm32u585ai | table_114 | page=256 | Y=5.3.23 V monitoring characteristics | outline/toc=5.3.24 Digital-to-analog converter characteristics
2026-07-26 22:32:13 | stm32u585ai | table_126 | page=275 | Y=5.3.32 Timer characteristics | outline/toc=5.3.33 FSMC characteristics
2026-07-26 22:32:13 | stm32u585ai | table_127 | page=275 | Y=5.3.32 Timer characteristics | outline/toc=5.3.33 FSMC characteristics
2026-07-26 22:32:13 | stm32u585ai | table_141 | page=290 | Y=5.3.33 FSMC characteristics | outline/toc=5.3.34 OCTOSPI characteristics
2026-07-26 22:32:13 | stm32u585ai | table_147 | page=298 | Y=5.3.36 Delay block characteristics | outline/toc=5.3.37 I2C interface characteristics
2026-07-26 22:32:13 | stm32u585ai | table_148 | page=299 | Y=5.3.36 Delay block characteristics | outline/toc=5.3.38 USART (SPI mode) characteristics
2026-07-26 22:32:13 | stm32u585ai | table_153 | page=308 | Y=5.3.42 UCPD characteristics | outline/toc=5.3.43 JTAG/SWD interface characteristics
2026-07-26 22:32:13 | stm32u585ai | table_156 | page=312 | Y=6 Package information | outline/toc=6.1 UFQFPN48 package information (A0B9)
2026-07-26 22:32:13 | stm32u585ai | table_157 | page=315 | Y=6 Package information | outline/toc=6.2 LQFP48 package information (5B)
2026-07-26 22:32:13 | stm32u585ai | table_158 | page=319 | Y=6 Package information | outline/toc=6.3 LQFP64 package information (5W)
2026-07-26 22:32:13 | stm32u585ai | table_159 | page=322 | Y=6 Package information | outline/toc=6.4 WLCSP90 package information (B01C)
2026-07-26 22:32:13 | stm32u585ai | table_160 | page=323 | Y=6 Package information | outline/toc=6.4 WLCSP90 package information (B01C)
2026-07-26 22:32:13 | stm32u585ai | table_161 | page=326 | Y=6 Package information | outline/toc=6.5 LQFP100 package information (1L)
2026-07-26 22:32:13 | stm32u585ai | table_162 | page=329 | Y=6 Package information | outline/toc=6.6 UFBGA132 package information (A0G8)
2026-07-26 22:32:13 | stm32u585ai | table_163 | page=330 | Y=6 Package information | outline/toc=6.6 UFBGA132 package information (A0G8)
2026-07-26 22:32:13 | stm32u585ai | table_164 | page=333 | Y=6 Package information | outline/toc=6.7 LQFP144 package information (1A)
2026-07-26 22:32:13 | stm32u585ai | table_165 | page=337 | Y=6 Package information | outline/toc=6.8 UFBGA169 package information (A0YV)
2026-07-26 22:32:13 | stm32u585ai | table_166 | page=338 | Y=6 Package information | outline/toc=6.8 UFBGA169 package information (A0YV)
2026-07-26 22:32:13 | stm32u585ai | table_167 | page=341 | Y=6.9 Package thermal characteristics | outline/toc=6.9.1 Reference documents
2026-07-26 22:33:07 | stm32u585ai | table_11 | page=54 | Y=3.17 General purpose direct memory access controller (GPDMA) | outline/toc=3.18 Low-power direct memory access controller (LPDMA)
2026-07-26 22:33:07 | stm32u585ai | table_14 | page=56 | Y=3.18 Low-power direct memory access controller (LPDMA) | outline/toc=3.19 Chrom-ART Accelerator controller (DMA2D)
2026-07-26 22:33:07 | stm32u585ai | table_15 | page=61 | Y=3.27 Delay block (DLYB) | outline/toc=3.28 Analog-to-digital converter (ADC1 and ADC4)
2026-07-26 22:33:07 | stm32u585ai | table_17 | page=66 | Y=3.28.4 Internal voltage reference (VREFINT) | outline/toc=3.29 Digital-to-analog converter (DAC)
2026-07-26 22:33:07 | stm32u585ai | table_18 | page=68 | Y=3.33 Multifunction digital filter (MDF) and audio digital filter (ADF) | outline/toc=3.33.1 Multifunction digital filter (MDF)
2026-07-26 22:33:07 | stm32u585ai | table_19 | page=76 | Y=3.37 True random number generator (RNG) | outline/toc=3.39 HASH hardware accelerator (HASH)
2026-07-26 22:33:07 | stm32u585ai | table_21 | page=84 | Y=3.43.2 Tamper and backup registers (TAMP) | outline/toc=3.44 Inter-integrated circuit interface (I2C)
2026-07-26 22:33:07 | stm32u585ai | table_22 | page=85 | Y=3.43.2 Tamper and backup registers (TAMP) | outline/toc=3.44 Inter-integrated circuit interface (I2C)
2026-07-26 22:33:07 | stm32u585ai | table_23 | page=89 | Y=3.46 Serial peripheral interface (SPI) | outline/toc=3.47 Serial audio interfaces (SAI)
2026-07-26 22:33:07 | stm32u585ai | table_24 | page=90 | Y=3.47 Serial audio interfaces (SAI) | outline/toc=3.48 Secure digital input/output and MultiMediaCards interface (SDMMC)
2026-07-26 22:33:07 | stm32u585ai | table_77 | page=214 | Y=5.3.6 Supply current characteristics | outline/toc=5.3.8 External clock timing characteristics
2026-07-26 22:33:07 | stm32u585ai | table_81 | page=219 | Y=8 MHz controlled | outline/toc=5.3.8 External clock timing characteristics
2026-07-26 22:33:07 | stm32u585ai | table_85 | page=226 | Y=5.3.9 Internal clock timing characteristics | outline/toc=5.3.10 PLL characteristics
2026-07-26 22:33:07 | stm32u585ai | table_86 | page=226 | Y=5.3.9 Internal clock timing characteristics | outline/toc=5.3.10 PLL characteristics
2026-07-26 22:33:07 | stm32u585ai | table_91 | page=230 | Y=5.3.12 EMC characteristics | outline/toc=5.3.13 Electrical sensitivity characteristics
2026-07-26 22:33:07 | stm32u585ai | table_93 | page=231 | Y=5.3.13 Electrical sensitivity characteristics | outline/toc=5.3.14 I/O current injection characteristics
2026-07-26 22:33:07 | stm32u585ai | table_103 | page=243 | Y=5.3.17 Extended interrupt and event controller input (EXTI) characteristics | outline/toc=5.3.18 Analog switches booster
2026-07-26 22:33:07 | stm32u585ai | table_111 | page=255 | Y=5.3.21 Temperature sensor characteristics | outline/toc=5.3.23 V monitoring characteristics
2026-07-26 22:33:07 | stm32u585ai | table_112 | page=255 | Y=5.3.22 V monitoring characteristics | outline/toc=5.3.23 V monitoring characteristics
2026-07-26 22:33:07 | stm32u585ai | table_114 | page=256 | Y=5.3.23 V monitoring characteristics | outline/toc=5.3.24 Digital-to-analog converter characteristics
2026-07-26 22:33:07 | stm32u585ai | table_126 | page=275 | Y=5.3.32 Timer characteristics | outline/toc=5.3.33 FSMC characteristics
2026-07-26 22:33:07 | stm32u585ai | table_127 | page=275 | Y=5.3.32 Timer characteristics | outline/toc=5.3.33 FSMC characteristics
2026-07-26 22:33:07 | stm32u585ai | table_141 | page=290 | Y=5.3.33 FSMC characteristics | outline/toc=5.3.34 OCTOSPI characteristics
2026-07-26 22:33:07 | stm32u585ai | table_147 | page=298 | Y=5.3.36 Delay block characteristics | outline/toc=5.3.37 I2C interface characteristics
2026-07-26 22:33:07 | stm32u585ai | table_148 | page=299 | Y=5.3.36 Delay block characteristics | outline/toc=5.3.38 USART (SPI mode) characteristics
2026-07-26 22:33:07 | stm32u585ai | table_153 | page=308 | Y=5.3.42 UCPD characteristics | outline/toc=5.3.43 JTAG/SWD interface characteristics
2026-07-26 22:33:07 | stm32u585ai | table_156 | page=312 | Y=6 Package information | outline/toc=6.1 UFQFPN48 package information (A0B9)
2026-07-26 22:33:07 | stm32u585ai | table_157 | page=315 | Y=6 Package information | outline/toc=6.2 LQFP48 package information (5B)
2026-07-26 22:33:07 | stm32u585ai | table_158 | page=319 | Y=6 Package information | outline/toc=6.3 LQFP64 package information (5W)
2026-07-26 22:33:07 | stm32u585ai | table_159 | page=322 | Y=6 Package information | outline/toc=6.4 WLCSP90 package information (B01C)
2026-07-26 22:33:07 | stm32u585ai | table_160 | page=323 | Y=6 Package information | outline/toc=6.4 WLCSP90 package information (B01C)
2026-07-26 22:33:07 | stm32u585ai | table_161 | page=326 | Y=6 Package information | outline/toc=6.5 LQFP100 package information (1L)
2026-07-26 22:33:07 | stm32u585ai | table_162 | page=329 | Y=6 Package information | outline/toc=6.6 UFBGA132 package information (A0G8)
2026-07-26 22:33:07 | stm32u585ai | table_163 | page=330 | Y=6 Package information | outline/toc=6.6 UFBGA132 package information (A0G8)
2026-07-26 22:33:07 | stm32u585ai | table_164 | page=333 | Y=6 Package information | outline/toc=6.7 LQFP144 package information (1A)
2026-07-26 22:33:07 | stm32u585ai | table_165 | page=337 | Y=6 Package information | outline/toc=6.8 UFBGA169 package information (A0YV)
2026-07-26 22:33:07 | stm32u585ai | table_166 | page=338 | Y=6 Package information | outline/toc=6.8 UFBGA169 package information (A0YV)
2026-07-26 22:33:07 | stm32u585ai | table_167 | page=341 | Y=6.9 Package thermal characteristics | outline/toc=6.9.1 Reference documents
2026-07-26 22:33:50 | stm32u585ai | table_11 | page=54 | Y=3.17 General purpose direct memory access controller (GPDMA) | outline/toc=3.18 Low-power direct memory access controller (LPDMA)
2026-07-26 22:33:50 | stm32u585ai | table_14 | page=56 | Y=3.18 Low-power direct memory access controller (LPDMA) | outline/toc=3.19 Chrom-ART Accelerator controller (DMA2D)
2026-07-26 22:33:50 | stm32u585ai | table_15 | page=61 | Y=3.27 Delay block (DLYB) | outline/toc=3.28 Analog-to-digital converter (ADC1 and ADC4)
2026-07-26 22:33:50 | stm32u585ai | table_17 | page=66 | Y=3.28.4 Internal voltage reference (VREFINT) | outline/toc=3.29 Digital-to-analog converter (DAC)
2026-07-26 22:33:50 | stm32u585ai | table_18 | page=68 | Y=3.33 Multifunction digital filter (MDF) and audio digital filter (ADF) | outline/toc=3.33.1 Multifunction digital filter (MDF)
2026-07-26 22:33:50 | stm32u585ai | table_19 | page=76 | Y=3.37 True random number generator (RNG) | outline/toc=3.39 HASH hardware accelerator (HASH)
2026-07-26 22:33:50 | stm32u585ai | table_21 | page=84 | Y=3.43.2 Tamper and backup registers (TAMP) | outline/toc=3.44 Inter-integrated circuit interface (I2C)
2026-07-26 22:33:50 | stm32u585ai | table_22 | page=85 | Y=3.43.2 Tamper and backup registers (TAMP) | outline/toc=3.44 Inter-integrated circuit interface (I2C)
2026-07-26 22:33:50 | stm32u585ai | table_23 | page=89 | Y=3.46 Serial peripheral interface (SPI) | outline/toc=3.47 Serial audio interfaces (SAI)
2026-07-26 22:33:50 | stm32u585ai | table_24 | page=90 | Y=3.47 Serial audio interfaces (SAI) | outline/toc=3.48 Secure digital input/output and MultiMediaCards interface (SDMMC)
2026-07-26 22:33:51 | stm32u585ai | table_77 | page=214 | Y=5.3.6 Supply current characteristics | outline/toc=5.3.8 External clock timing characteristics
2026-07-26 22:33:51 | stm32u585ai | table_81 | page=219 | Y=8 MHz controlled | outline/toc=5.3.8 External clock timing characteristics
2026-07-26 22:33:51 | stm32u585ai | table_85 | page=226 | Y=5.3.9 Internal clock timing characteristics | outline/toc=5.3.10 PLL characteristics
2026-07-26 22:33:51 | stm32u585ai | table_86 | page=226 | Y=5.3.9 Internal clock timing characteristics | outline/toc=5.3.10 PLL characteristics
2026-07-26 22:33:51 | stm32u585ai | table_91 | page=230 | Y=5.3.12 EMC characteristics | outline/toc=5.3.13 Electrical sensitivity characteristics
2026-07-26 22:33:51 | stm32u585ai | table_93 | page=231 | Y=5.3.13 Electrical sensitivity characteristics | outline/toc=5.3.14 I/O current injection characteristics
2026-07-26 22:33:51 | stm32u585ai | table_103 | page=243 | Y=5.3.17 Extended interrupt and event controller input (EXTI) characteristics | outline/toc=5.3.18 Analog switches booster
2026-07-26 22:33:51 | stm32u585ai | table_111 | page=255 | Y=5.3.21 Temperature sensor characteristics | outline/toc=5.3.23 V monitoring characteristics
2026-07-26 22:33:51 | stm32u585ai | table_112 | page=255 | Y=5.3.22 V monitoring characteristics | outline/toc=5.3.23 V monitoring characteristics
2026-07-26 22:33:51 | stm32u585ai | table_114 | page=256 | Y=5.3.23 V monitoring characteristics | outline/toc=5.3.24 Digital-to-analog converter characteristics
2026-07-26 22:33:51 | stm32u585ai | table_126 | page=275 | Y=5.3.32 Timer characteristics | outline/toc=5.3.33 FSMC characteristics
2026-07-26 22:33:51 | stm32u585ai | table_127 | page=275 | Y=5.3.32 Timer characteristics | outline/toc=5.3.33 FSMC characteristics
2026-07-26 22:33:51 | stm32u585ai | table_141 | page=290 | Y=5.3.33 FSMC characteristics | outline/toc=5.3.34 OCTOSPI characteristics
2026-07-26 22:33:51 | stm32u585ai | table_147 | page=298 | Y=5.3.36 Delay block characteristics | outline/toc=5.3.37 I2C interface characteristics
2026-07-26 22:33:51 | stm32u585ai | table_148 | page=299 | Y=5.3.36 Delay block characteristics | outline/toc=5.3.38 USART (SPI mode) characteristics
2026-07-26 22:33:51 | stm32u585ai | table_153 | page=308 | Y=5.3.42 UCPD characteristics | outline/toc=5.3.43 JTAG/SWD interface characteristics
2026-07-26 22:33:51 | stm32u585ai | table_156 | page=312 | Y=6 Package information | outline/toc=6.1 UFQFPN48 package information (A0B9)
2026-07-26 22:33:51 | stm32u585ai | table_157 | page=315 | Y=6 Package information | outline/toc=6.2 LQFP48 package information (5B)
2026-07-26 22:33:51 | stm32u585ai | table_158 | page=319 | Y=6 Package information | outline/toc=6.3 LQFP64 package information (5W)
2026-07-26 22:33:51 | stm32u585ai | table_159 | page=322 | Y=6 Package information | outline/toc=6.4 WLCSP90 package information (B01C)
2026-07-26 22:33:51 | stm32u585ai | table_160 | page=323 | Y=6 Package information | outline/toc=6.4 WLCSP90 package information (B01C)
2026-07-26 22:33:51 | stm32u585ai | table_161 | page=326 | Y=6 Package information | outline/toc=6.5 LQFP100 package information (1L)
2026-07-26 22:33:51 | stm32u585ai | table_162 | page=329 | Y=6 Package information | outline/toc=6.6 UFBGA132 package information (A0G8)
2026-07-26 22:33:51 | stm32u585ai | table_163 | page=330 | Y=6 Package information | outline/toc=6.6 UFBGA132 package information (A0G8)
2026-07-26 22:33:51 | stm32u585ai | table_164 | page=333 | Y=6 Package information | outline/toc=6.7 LQFP144 package information (1A)
2026-07-26 22:33:51 | stm32u585ai | table_165 | page=337 | Y=6 Package information | outline/toc=6.8 UFBGA169 package information (A0YV)
2026-07-26 22:33:51 | stm32u585ai | table_166 | page=338 | Y=6 Package information | outline/toc=6.8 UFBGA169 package information (A0YV)
2026-07-26 22:33:51 | stm32u585ai | table_167 | page=341 | Y=6.9 Package thermal characteristics | outline/toc=6.9.1 Reference documents
2026-07-26 22:34:58 | stm32u585ai | table_11 | page=54 | Y=3.17 General purpose direct memory access controller (GPDMA) | outline/toc=3.18 Low-power direct memory access controller (LPDMA)
2026-07-26 22:34:58 | stm32u585ai | table_14 | page=56 | Y=3.18 Low-power direct memory access controller (LPDMA) | outline/toc=3.19 Chrom-ART Accelerator controller (DMA2D)
2026-07-26 22:34:58 | stm32u585ai | table_15 | page=61 | Y=3.27 Delay block (DLYB) | outline/toc=3.28 Analog-to-digital converter (ADC1 and ADC4)
2026-07-26 22:34:58 | stm32u585ai | table_17 | page=66 | Y=3.28.4 Internal voltage reference (VREFINT) | outline/toc=3.29 Digital-to-analog converter (DAC)
2026-07-26 22:34:58 | stm32u585ai | table_18 | page=68 | Y=3.33 Multifunction digital filter (MDF) and audio digital filter (ADF) | outline/toc=3.33.1 Multifunction digital filter (MDF)
2026-07-26 22:34:58 | stm32u585ai | table_19 | page=76 | Y=3.37 True random number generator (RNG) | outline/toc=3.39 HASH hardware accelerator (HASH)
2026-07-26 22:34:58 | stm32u585ai | table_21 | page=84 | Y=3.43.2 Tamper and backup registers (TAMP) | outline/toc=3.44 Inter-integrated circuit interface (I2C)
2026-07-26 22:34:58 | stm32u585ai | table_22 | page=85 | Y=3.43.2 Tamper and backup registers (TAMP) | outline/toc=3.44 Inter-integrated circuit interface (I2C)
2026-07-26 22:34:58 | stm32u585ai | table_23 | page=89 | Y=3.46 Serial peripheral interface (SPI) | outline/toc=3.47 Serial audio interfaces (SAI)
2026-07-26 22:34:58 | stm32u585ai | table_24 | page=90 | Y=3.47 Serial audio interfaces (SAI) | outline/toc=3.48 Secure digital input/output and MultiMediaCards interface (SDMMC)
2026-07-26 22:34:58 | stm32u585ai | table_77 | page=214 | Y=5.3.6 Supply current characteristics | outline/toc=5.3.8 External clock timing characteristics
2026-07-26 22:34:58 | stm32u585ai | table_81 | page=219 | Y=8 MHz controlled | outline/toc=5.3.8 External clock timing characteristics
2026-07-26 22:34:58 | stm32u585ai | table_85 | page=226 | Y=5.3.9 Internal clock timing characteristics | outline/toc=5.3.10 PLL characteristics
2026-07-26 22:34:58 | stm32u585ai | table_86 | page=226 | Y=5.3.9 Internal clock timing characteristics | outline/toc=5.3.10 PLL characteristics
2026-07-26 22:34:58 | stm32u585ai | table_91 | page=230 | Y=5.3.12 EMC characteristics | outline/toc=5.3.13 Electrical sensitivity characteristics
2026-07-26 22:34:58 | stm32u585ai | table_93 | page=231 | Y=5.3.13 Electrical sensitivity characteristics | outline/toc=5.3.14 I/O current injection characteristics
2026-07-26 22:34:58 | stm32u585ai | table_103 | page=243 | Y=5.3.17 Extended interrupt and event controller input (EXTI) characteristics | outline/toc=5.3.18 Analog switches booster
2026-07-26 22:34:58 | stm32u585ai | table_111 | page=255 | Y=5.3.21 Temperature sensor characteristics | outline/toc=5.3.23 V monitoring characteristics
2026-07-26 22:34:58 | stm32u585ai | table_112 | page=255 | Y=5.3.22 V monitoring characteristics | outline/toc=5.3.23 V monitoring characteristics
2026-07-26 22:34:58 | stm32u585ai | table_114 | page=256 | Y=5.3.23 V monitoring characteristics | outline/toc=5.3.24 Digital-to-analog converter characteristics
2026-07-26 22:34:58 | stm32u585ai | table_126 | page=275 | Y=5.3.32 Timer characteristics | outline/toc=5.3.33 FSMC characteristics
2026-07-26 22:34:58 | stm32u585ai | table_127 | page=275 | Y=5.3.32 Timer characteristics | outline/toc=5.3.33 FSMC characteristics
2026-07-26 22:34:58 | stm32u585ai | table_141 | page=290 | Y=5.3.33 FSMC characteristics | outline/toc=5.3.34 OCTOSPI characteristics
2026-07-26 22:34:58 | stm32u585ai | table_147 | page=298 | Y=5.3.36 Delay block characteristics | outline/toc=5.3.37 I2C interface characteristics
2026-07-26 22:34:58 | stm32u585ai | table_148 | page=299 | Y=5.3.36 Delay block characteristics | outline/toc=5.3.38 USART (SPI mode) characteristics
2026-07-26 22:34:58 | stm32u585ai | table_153 | page=308 | Y=5.3.42 UCPD characteristics | outline/toc=5.3.43 JTAG/SWD interface characteristics
2026-07-26 22:34:58 | stm32u585ai | table_156 | page=312 | Y=6 Package information | outline/toc=6.1 UFQFPN48 package information (A0B9)
2026-07-26 22:34:58 | stm32u585ai | table_157 | page=315 | Y=6 Package information | outline/toc=6.2 LQFP48 package information (5B)
2026-07-26 22:34:58 | stm32u585ai | table_158 | page=319 | Y=6 Package information | outline/toc=6.3 LQFP64 package information (5W)
2026-07-26 22:34:58 | stm32u585ai | table_159 | page=322 | Y=6 Package information | outline/toc=6.4 WLCSP90 package information (B01C)
2026-07-26 22:34:58 | stm32u585ai | table_160 | page=323 | Y=6 Package information | outline/toc=6.4 WLCSP90 package information (B01C)
2026-07-26 22:34:58 | stm32u585ai | table_161 | page=326 | Y=6 Package information | outline/toc=6.5 LQFP100 package information (1L)
2026-07-26 22:34:58 | stm32u585ai | table_162 | page=329 | Y=6 Package information | outline/toc=6.6 UFBGA132 package information (A0G8)
2026-07-26 22:34:58 | stm32u585ai | table_163 | page=330 | Y=6 Package information | outline/toc=6.6 UFBGA132 package information (A0G8)
2026-07-26 22:34:58 | stm32u585ai | table_164 | page=333 | Y=6 Package information | outline/toc=6.7 LQFP144 package information (1A)
2026-07-26 22:34:58 | stm32u585ai | table_165 | page=337 | Y=6 Package information | outline/toc=6.8 UFBGA169 package information (A0YV)
2026-07-26 22:34:58 | stm32u585ai | table_166 | page=338 | Y=6 Package information | outline/toc=6.8 UFBGA169 package information (A0YV)
2026-07-26 22:34:58 | stm32u585ai | table_167 | page=341 | Y=6.9 Package thermal characteristics | outline/toc=6.9.1 Reference documents
2026-07-26 22:49:43 | stm32u031c6 | table_2 | page=8 | Y=3.4.1 Embedded flash memory | outline/toc=3.4.2 Embedded SRAM
2026-07-26 22:49:43 | stm32u031c6 | table_4 | page=15 | Y=3.8 Peripheral interconnect matrix | outline/toc=3.9.2 Clocks and startup
2026-07-26 22:49:43 | stm32u031c6 | table_5 | page=19 | Y=3.15.1 Temperature sensor | outline/toc=3.16 Digital-to-analog converter (DAC)
2026-07-26 22:49:43 | stm32u031c6 | table_6 | page=19 | Y=3.15.2 Internal voltage reference (V ) | outline/toc=3.16 Digital-to-analog converter (DAC)
2026-07-26 22:49:43 | stm32u031c6 | table_7 | page=21 | Y=3.21 Timers and watchdogs | outline/toc=3.21.1 Advanced-control timer (TIM1)
2026-07-26 22:49:43 | stm32u031c6 | table_8 | page=24 | Y=3.22 Real-time clock (RTC), tamper (TAMP) and backup registers | outline/toc=3.24 Universal synchronous/asynchronous receiver transmitter (USART/UART)
2026-07-26 22:49:43 | stm32u031c6 | table_10 | page=25 | Y=3.26 Serial peripheral interface (SPI) | outline/toc=3.27.1 Serial wire debug port (SW-DP)
2026-07-26 22:49:43 | stm32u031c6 | table_20 | page=42 | Y=6.2 Absolute maximum ratings | outline/toc=6.3.2 Operating conditions at power-up / power-down
2026-07-26 22:49:43 | stm32u031c6 | table_21 | page=42 | Y=6.3.1 General operating conditions | outline/toc=6.3.2 Operating conditions at power-up / power-down
2026-07-26 22:49:43 | stm32u031c6 | table_22 | page=43 | Y=6.3.2 Operating conditions at power-up / power-down | outline/toc=6.3.3 Embedded reset and power control block characteristics
2026-07-26 22:49:43 | stm32u031c6 | table_43 | page=63 | Y=6.3.5.1 I/O system current consumption | outline/toc=6.3.5 Supply current characteristics
2026-07-26 22:49:43 | stm32u031c6 | table_45 | page=65 | Y=6.3.6 Wake-up time from low-power modes and voltage scaling transition times | outline/toc=6.3.7 External clock source characteristics
2026-07-26 22:49:43 | stm32u031c6 | table_46 | page=65 | Y=6.3.6 Wake-up time from low-power modes and voltage scaling transition times | outline/toc=6.3.7 External clock source characteristics
2026-07-26 22:49:43 | stm32u031c6 | table_50 | page=68 | Y=8 MHz controlled | outline/toc=6.3.7 External clock source characteristics
2026-07-26 22:49:43 | stm32u031c6 | table_54 | page=73 | Y=6.3.9 PLL characteristics | outline/toc=6.3.10 Flash memory characteristics
2026-07-26 22:49:43 | stm32u031c6 | table_56 | page=74 | Y=6.3.10 Flash memory characteristics | outline/toc=6.3.11 EMC characteristics
2026-07-26 22:49:43 | stm32u031c6 | table_58 | page=75 | Y=6.3.11 EMC characteristics | outline/toc=6.3.12 Electrical sensitivity characteristics
2026-07-26 22:49:43 | stm32u031c6 | table_60 | page=76 | Y=6.3.12 Electrical sensitivity characteristics | outline/toc=6.3.14 I/O port characteristics
2026-07-26 22:49:43 | stm32u031c6 | table_61 | page=76 | Y=6.3.13 I/O current injection characteristics | outline/toc=6.3.14 I/O port characteristics
2026-07-26 22:49:43 | stm32u031c6 | table_66 | page=81 | Y=6.3.16 Extended interrupt and event controller input (EXTI) characteristics | outline/toc=6.3.17 Analog switches booster
2026-07-26 22:49:43 | stm32u031c6 | table_69 | page=83 | Y=2.4 V | outline/toc=6.3.18 Analog-to-digital converter characteristics
2026-07-26 22:49:43 | stm32u031c6 | table_70 | page=85 | Y=2.4 V | outline/toc=6.3.18 Analog-to-digital converter characteristics
2026-07-26 22:49:43 | stm32u031c6 | table_71 | page=88 | Y=6.3.19 Temperature sensor characteristics | outline/toc=6.3.21 Digital-to-analog converter characteristics
2026-07-26 22:49:43 | stm32u031c6 | table_72 | page=88 | Y=6.3.20 V monitoring characteristics | outline/toc=6.3.21 Digital-to-analog converter characteristics
2026-07-26 22:49:43 | stm32u031c6 | table_73 | page=88 | Y=6.3.20 V monitoring characteristics | outline/toc=6.3.21 Digital-to-analog converter characteristics
2026-07-26 22:49:44 | stm32u031c6 | table_81 | page=96 | Y=6.3.24 Timer characteristics | outline/toc=6.3.26 USART characteristics
2026-07-26 22:49:44 | stm32u031c6 | table_84 | page=103 | Y=7.1 Device marking | outline/toc=7.2 TSSOP20 package information (YA)
2026-07-26 22:49:44 | stm32u031c6 | table_85 | page=106 | Y=7.1 Device marking | outline/toc=7.3 WLCSP27 package information (B0KB)
2026-07-26 22:49:44 | stm32u031c6 | table_86 | page=107 | Y=7.1 Device marking | outline/toc=7.3.1 Device marking for WLCSP27
2026-07-26 22:49:44 | stm32u031c6 | table_87 | page=110 | Y=7.1 Device marking | outline/toc=7.4 UFQFPN32 package information (A0B8)
2026-07-26 22:49:44 | stm32u031c6 | table_88 | page=110 | Y=7.1 Device marking | outline/toc=7.4 UFQFPN32 package information (A0B8)
2026-07-26 22:49:44 | stm32u031c6 | table_89 | page=111 | Y=7.1 Device marking | outline/toc=7.4 UFQFPN32 package information (A0B8)
2026-07-26 22:49:44 | stm32u031c6 | table_90 | page=112 | Y=7.1 Device marking | outline/toc=7.5 LQFP48 package information (5B)
2026-07-26 22:49:44 | stm32u031c6 | table_91 | page=116 | Y=7.1 Device marking | outline/toc=7.6 UFQFPN48 package information (A0B9)
2026-07-26 22:49:44 | stm32u031c6 | table_92 | page=117 | Y=7.1 Device marking | outline/toc=7.7 LQFP64 package information (5W)
2026-07-26 22:49:44 | stm32u031c6 | table_93 | page=120 | Y=7.1 Device marking | outline/toc=7.8 UFBGA64 package information (A019)
2026-07-26 22:49:44 | stm32u031c6 | table_94 | page=122 | Y=7.1 Device marking | outline/toc=7.9 Package thermal characteristics
2026-07-26 22:49:44 | stm32u031c6 | table_96 | page=126 | Y=7.9.1 Reference documents | outline/toc=8 Ordering information
2026-07-26 22:49:59 | stm32u083cc | table_2 | page=8 | Y=3.4.1 Embedded flash memory | outline/toc=3.4.2 Embedded SRAM
2026-07-26 22:50:00 | stm32u083cc | table_4 | page=15 | Y=3.8 Peripheral interconnect matrix | outline/toc=3.9.2 Clocks and startup
2026-07-26 22:50:00 | stm32u083cc | table_5 | page=19 | Y=3.16.1 Temperature sensor | outline/toc=3.17 Digital-to-analog converter (DAC)
2026-07-26 22:50:00 | stm32u083cc | table_6 | page=19 | Y=3.16.2 Internal voltage reference (V ) | outline/toc=3.17 Digital-to-analog converter (DAC)
2026-07-26 22:50:00 | stm32u083cc | table_7 | page=22 | Y=3.25 Timers and watchdogs | outline/toc=3.25.2 General-purpose timers (TIM2, 3, 15, 16)
2026-07-26 22:50:00 | stm32u083cc | table_8 | page=25 | Y=3.26 Real-time clock (RTC), tamper (TAMP) and backup registers | outline/toc=3.28 Universal synchronous/asynchronous receiver transmitter (USART/UART)
2026-07-26 22:50:00 | stm32u083cc | table_10 | page=26 | Y=3.30 Serial peripheral interface (SPI) | outline/toc=3.32.1 Serial wire debug port (SW-DP)
2026-07-26 22:50:00 | stm32u083cc | table_20 | page=44 | Y=6.2 Absolute maximum ratings | outline/toc=6.3.1 General operating conditions
2026-07-26 22:50:00 | stm32u083cc | table_21 | page=44 | Y=6.2 Absolute maximum ratings | outline/toc=6.3.1 General operating conditions
2026-07-26 22:50:00 | stm32u083cc | table_23 | page=45 | Y=6.3.2 Operating conditions at power-up / power-down | outline/toc=6.3.3 Embedded reset and power control block characteristics
2026-07-26 22:50:00 | stm32u083cc | table_44 | page=67 | Y=6.3.5.1 I/O system current consumption | outline/toc=6.3.5 Supply current characteristics
2026-07-26 22:50:00 | stm32u083cc | table_51 | page=72 | Y=8 MHz controlled | outline/toc=6.3.7 External clock source characteristics
2026-07-26 22:50:00 | stm32u083cc | table_55 | page=78 | Y=6.3.8 Internal clock source characteristics | outline/toc=6.3.9 PLL characteristics
2026-07-26 22:50:00 | stm32u083cc | table_58 | page=80 | Y=6.3.10 Flash memory characteristics | outline/toc=6.3.11 EMC characteristics
2026-07-26 22:50:00 | stm32u083cc | table_60 | page=81 | Y=6.3.11 EMC characteristics | outline/toc=6.3.12 Electrical sensitivity characteristics
2026-07-26 22:50:00 | stm32u083cc | table_62 | page=82 | Y=6.3.12 Electrical sensitivity characteristics | outline/toc=6.3.14 I/O port characteristics
2026-07-26 22:50:00 | stm32u083cc | table_63 | page=82 | Y=6.3.13 I/O current injection characteristics | outline/toc=6.3.14 I/O port characteristics
2026-07-26 22:50:00 | stm32u083cc | table_68 | page=87 | Y=6.3.16 Extended interrupt and event controller input (EXTI) characteristics | outline/toc=6.3.17 Analog switches booster
2026-07-26 22:50:00 | stm32u083cc | table_71 | page=89 | Y=2.4 V | outline/toc=6.3.18 Analog-to-digital converter characteristics
2026-07-26 22:50:00 | stm32u083cc | table_72 | page=91 | Y=2.4 V | outline/toc=6.3.18 Analog-to-digital converter characteristics
2026-07-26 22:50:00 | stm32u083cc | table_73 | page=94 | Y=6.3.19 Temperature sensor characteristics | outline/toc=6.3.21 Digital-to-analog converter characteristics
2026-07-26 22:50:00 | stm32u083cc | table_74 | page=94 | Y=6.3.20 V monitoring characteristics | outline/toc=6.3.21 Digital-to-analog converter characteristics
2026-07-26 22:50:00 | stm32u083cc | table_75 | page=94 | Y=6.3.20 V monitoring characteristics | outline/toc=6.3.21 Digital-to-analog converter characteristics
2026-07-26 22:50:00 | stm32u073c8 | table_2 | page=8 | Y=3.4.1 Embedded flash memory | outline/toc=3.4.2 Embedded SRAM
2026-07-26 22:50:00 | stm32u073c8 | table_4 | page=15 | Y=3.8 Peripheral interconnect matrix | outline/toc=3.9.2 Clocks and startup
2026-07-26 22:50:00 | stm32u083cc | table_85 | page=104 | Y=6.3.26 Timer characteristics | outline/toc=6.3.28 USART characteristics
2026-07-26 22:50:00 | stm32u083cc | table_89 | page=112 | Y=7.1 Device marking | outline/toc=7.2 UFQFPN32 package information (A0B8)
2026-07-26 22:50:00 | stm32u083cc | table_90 | page=112 | Y=7.1 Device marking | outline/toc=7.2 UFQFPN32 package information (A0B8)
2026-07-26 22:50:00 | stm32u083cc | table_91 | page=113 | Y=7.1 Device marking | outline/toc=7.2 UFQFPN32 package information (A0B8)
2026-07-26 22:50:00 | stm32u083cc | table_92 | page=114 | Y=7.1 Device marking | outline/toc=7.3 WLCSP42 package information (B0K9)
2026-07-26 22:50:00 | stm32u083cc | table_93 | page=116 | Y=7.1 Device marking | outline/toc=7.3.1 Device marking for WLCSP42
2026-07-26 22:50:00 | stm32u083cc | table_94 | page=117 | Y=7.1 Device marking | outline/toc=7.4 LQFP48 package information (5B)
2026-07-26 22:50:00 | stm32u073c8 | table_5 | page=19 | Y=3.16.1 Temperature sensor | outline/toc=3.17 Digital-to-analog converter (DAC)
2026-07-26 22:50:00 | stm32u083cc | table_95 | page=121 | Y=7.1 Device marking | outline/toc=7.5 UFQFPN48 package information (A0B9)
2026-07-26 22:50:00 | stm32u073c8 | table_6 | page=19 | Y=3.16.2 Internal voltage reference (V ) | outline/toc=3.17 Digital-to-analog converter (DAC)
2026-07-26 22:50:00 | stm32u083cc | table_96 | page=122 | Y=7.1 Device marking | outline/toc=7.6 LQFP64 package information (5W)
2026-07-26 22:50:00 | stm32u083cc | table_97 | page=125 | Y=7.1 Device marking | outline/toc=7.7 UFBGA64 package information (A019)
2026-07-26 22:50:00 | stm32u083cc | table_98 | page=127 | Y=7.1 Device marking | outline/toc=7.7 UFBGA64 package information (A019)
2026-07-26 22:50:00 | stm32u083cc | table_99 | page=128 | Y=7.1 Device marking | outline/toc=7.8 LQFP80 package information (9X)
2026-07-26 22:50:00 | stm32u083cc | table_100 | page=131 | Y=7.1 Device marking | outline/toc=7.9 UFBGA81 package information (B0B8)
2026-07-26 22:50:00 | stm32u083cc | table_101 | page=133 | Y=7.1 Device marking | outline/toc=7.10 Package thermal characteristics
2026-07-26 22:50:00 | stm32u083cc | table_103 | page=137 | Y=7.10.1 Reference documents | outline/toc=8 Ordering information
2026-07-26 22:50:00 | stm32u073c8 | table_8 | page=24 | Y=3.25 Real-time clock (RTC), tamper (TAMP) and backup registers | outline/toc=3.27 Universal synchronous/asynchronous receiver transmitter (USART/UART)
2026-07-26 22:50:00 | stm32u073c8 | table_20 | page=44 | Y=6.2 Absolute maximum ratings | outline/toc=6.3.1 General operating conditions
2026-07-26 22:50:00 | stm32u073c8 | table_21 | page=44 | Y=6.2 Absolute maximum ratings | outline/toc=6.3.1 General operating conditions
2026-07-26 22:50:00 | stm32u073c8 | table_23 | page=45 | Y=6.3.2 Operating conditions at power-up / power-down | outline/toc=6.3.3 Embedded reset and power control block characteristics
2026-07-26 22:50:00 | stm32u073c8 | table_44 | page=67 | Y=6.3.5.1 I/O system current consumption | outline/toc=6.3.5 Supply current characteristics
2026-07-26 22:50:00 | stm32u073c8 | table_51 | page=72 | Y=8 MHz controlled | outline/toc=6.3.7 External clock source characteristics
2026-07-26 22:50:00 | stm32u073c8 | table_55 | page=78 | Y=6.3.8 Internal clock source characteristics | outline/toc=6.3.9 PLL characteristics
2026-07-26 22:50:00 | stm32u073c8 | table_58 | page=80 | Y=6.3.10 Flash memory characteristics | outline/toc=6.3.11 EMC characteristics
2026-07-26 22:50:00 | stm32u073c8 | table_60 | page=81 | Y=6.3.11 EMC characteristics | outline/toc=6.3.12 Electrical sensitivity characteristics
2026-07-26 22:50:00 | stm32u073c8 | table_62 | page=82 | Y=6.3.12 Electrical sensitivity characteristics | outline/toc=6.3.14 I/O port characteristics
2026-07-26 22:50:00 | stm32u073c8 | table_63 | page=82 | Y=6.3.13 I/O current injection characteristics | outline/toc=6.3.14 I/O port characteristics
2026-07-26 22:50:00 | stm32u073c8 | table_68 | page=87 | Y=6.3.16 Extended interrupt and event controller input (EXTI) characteristics | outline/toc=6.3.17 Analog switches booster
2026-07-26 22:50:00 | stm32u073c8 | table_71 | page=89 | Y=2.4 V | outline/toc=6.3.18 Analog-to-digital converter characteristics
2026-07-26 22:50:00 | stm32u073c8 | table_72 | page=91 | Y=2.4 V | outline/toc=6.3.18 Analog-to-digital converter characteristics
2026-07-26 22:50:00 | stm32u073c8 | table_73 | page=94 | Y=6.3.19 Temperature sensor characteristics | outline/toc=6.3.21 Digital-to-analog converter characteristics
2026-07-26 22:50:00 | stm32u073c8 | table_74 | page=94 | Y=6.3.20 V monitoring characteristics | outline/toc=6.3.21 Digital-to-analog converter characteristics
2026-07-26 22:50:00 | stm32u073c8 | table_75 | page=94 | Y=6.3.20 V monitoring characteristics | outline/toc=6.3.21 Digital-to-analog converter characteristics
2026-07-26 22:50:00 | stm32u073c8 | table_85 | page=104 | Y=6.3.26 Timer characteristics | outline/toc=6.3.28 USART characteristics
2026-07-26 22:50:00 | stm32u073c8 | table_89 | page=112 | Y=7.1 Device marking | outline/toc=7.2 UFQFPN32 package information (A0B8)
2026-07-26 22:50:00 | stm32u073c8 | table_90 | page=112 | Y=7.1 Device marking | outline/toc=7.2 UFQFPN32 package information (A0B8)
2026-07-26 22:50:00 | stm32u073c8 | table_91 | page=113 | Y=7.1 Device marking | outline/toc=7.2 UFQFPN32 package information (A0B8)
2026-07-26 22:50:00 | stm32u073c8 | table_92 | page=114 | Y=7.1 Device marking | outline/toc=7.3 WLCSP42 package information (B0K9)
2026-07-26 22:50:00 | stm32u073c8 | table_93 | page=116 | Y=7.1 Device marking | outline/toc=7.3.1 Device marking for WLCSP42
2026-07-26 22:50:00 | stm32u073c8 | table_94 | page=117 | Y=7.1 Device marking | outline/toc=7.4 LQFP48 package information (5B)
2026-07-26 22:50:00 | stm32u073c8 | table_95 | page=121 | Y=7.1 Device marking | outline/toc=7.5 UFQFPN48 package information (A0B9)
2026-07-26 22:50:00 | stm32u073c8 | table_96 | page=122 | Y=7.1 Device marking | outline/toc=7.6 LQFP64 package information (5W)
2026-07-26 22:50:00 | stm32u073c8 | table_97 | page=125 | Y=7.1 Device marking | outline/toc=7.7 UFBGA64 package information (A019)
2026-07-26 22:50:00 | stm32u073c8 | table_98 | page=127 | Y=7.1 Device marking | outline/toc=7.7 UFBGA64 package information (A019)
2026-07-26 22:50:00 | stm32u073c8 | table_99 | page=128 | Y=7.1 Device marking | outline/toc=7.8 LQFP80 package information (9X)
2026-07-26 22:50:00 | stm32u073c8 | table_100 | page=131 | Y=7.1 Device marking | outline/toc=7.9 UFBGA81 package information (B0B8)
2026-07-26 22:50:00 | stm32u073c8 | table_101 | page=133 | Y=7.1 Device marking | outline/toc=7.10 Package thermal characteristics
2026-07-26 22:50:00 | stm32u073c8 | table_103 | page=137 | Y=7.10.1 Reference documents | outline/toc=8 Ordering information
2026-07-26 22:58:02 | stm32u535cb | table_5 | page=27 | Y=3.6 TrustZone security architecture | outline/toc=3.6.2 Default TrustZone security state
2026-07-26 22:58:02 | stm32u535cb | table_11 | page=51 | Y=3.17 General purpose direct memory access controller (GPDMA) | outline/toc=3.18 Low-power direct memory access controller (LPDMA)
2026-07-26 22:58:02 | stm32u535cb | table_15 | page=56 | Y=3.24 Delay block (DLYB) | outline/toc=3.25 Analog-to-digital converter (ADC1 and ADC4)
2026-07-26 22:58:02 | stm32u535cb | table_16 | page=60 | Y=3.25.3 Temperature sensor | outline/toc=3.25.5 VBAT battery voltage monitoring
2026-07-26 22:58:02 | stm32u535cb | table_17 | page=60 | Y=3.25.4 Internal voltage reference (VREFINT) | outline/toc=3.25.5 VBAT battery voltage monitoring
2026-07-26 22:58:02 | stm32u535cb | table_18 | page=63 | Y=3.30 Multi-function digital filter (MDF) and audio digital filter (ADF) | outline/toc=3.30.1 Multi-function digital filter (MDF)
2026-07-26 22:58:02 | stm32u535cb | table_19 | page=70 | Y=3.36 Timers and watchdogs | outline/toc=3.36.1 Advanced-control timers (TIM1, TIM8)
2026-07-26 22:58:02 | stm32u535cb | table_20 | page=75 | Y=3.37.2 Tamper and backup registers (TAMP) | outline/toc=3.38 Inter-integrated circuit interface (I2C)
2026-07-26 22:58:02 | stm32u535cb | table_21 | page=76 | Y=3.37.2 Tamper and backup registers (TAMP) | outline/toc=3.38 Inter-integrated circuit interface (I2C)
2026-07-26 22:58:02 | stm32u535cb | table_22 | page=80 | Y=3.40 Serial peripheral interface (SPI) | outline/toc=3.41 Serial audio interfaces (SAI)
2026-07-26 22:58:02 | stm32u535cb | table_23 | page=81 | Y=3.41 Serial audio interfaces (SAI) | outline/toc=3.42 Secure digital input/output and MultiMediaCards interface (SDMMC)
2026-07-26 22:58:02 | stm32u535cb | table_24 | page=82 | Y=3.42 Secure digital input/output and MultiMediaCards interface | outline/toc=3.43 Controller area network (FDCAN)
2026-07-26 22:58:02 | stm32u535cb | table_33 | page=134 | Y=5.3.2 Operating conditions at power-up/power-down | outline/toc=5.3.3 Embedded reset and power control block characteristics
2026-07-26 22:58:02 | stm32u535cb | table_35 | page=136 | Y=5.3.4 SMPS characteristics | outline/toc=5.3.5 Embedded voltage reference
2026-07-26 22:58:02 | stm32u535cb | table_76 | page=184 | Y=5.3.6 Supply current characteristics | outline/toc=5.3.8 External clock timing characteristics
2026-07-26 22:58:02 | stm32u535cb | table_80 | page=188 | Y=8 MHz controlled | outline/toc=5.3.8 External clock timing characteristics
2026-07-26 22:58:02 | stm32u535cb | table_84 | page=196 | Y=5.3.9 Internal clock timing characteristics | outline/toc=5.3.10 PLL characteristics
2026-07-26 22:58:02 | stm32u535cb | table_89 | page=200 | Y=5.3.12 EMC characteristics | outline/toc=5.3.13 Electrical sensitivity characteristics
2026-07-26 22:58:02 | stm32u535cb | table_91 | page=201 | Y=5.3.13 Electrical sensitivity characteristics | outline/toc=5.3.14 I/O current injection characteristics
2026-07-26 22:58:02 | stm32u535cb | table_101 | page=212 | Y=5.3.17 Extended interrupt and event controller input (EXTI) characteristics | outline/toc=5.3.18 Analog switches booster
2026-07-26 22:58:02 | stm32u535cb | table_109 | page=224 | Y=5.3.21 Temperature sensor characteristics | outline/toc=5.3.23 V monitoring characteristics
2026-07-26 22:58:02 | stm32u535cb | table_110 | page=224 | Y=5.3.22 V monitoring characteristics | outline/toc=5.3.23 V monitoring characteristics
2026-07-26 22:58:02 | stm32u535cb | table_112 | page=225 | Y=5.3.23 V monitoring characteristics | outline/toc=5.3.24 Digital-to-analog converter characteristics
2026-07-26 22:58:02 | stm32u535cb | table_131 | page=253 | Y=5.3.35 Delay block characteristics | outline/toc=5.3.36 I2C interface characteristics
2026-07-26 22:58:02 | stm32u535cb | table_132 | page=253 | Y=5.3.35 Delay block characteristics | outline/toc=5.3.36 I2C interface characteristics
2026-07-26 22:58:02 | stm32u535cb | table_139 | page=265 | Y=6 Package information | outline/toc=6.1 LQFP48 package information (5B)
2026-07-26 22:58:02 | stm32u535cb | table_140 | page=269 | Y=6 Package information | outline/toc=6.2 UFQFPN48 package information (A0B9)
2026-07-26 22:58:02 | stm32u535cb | table_143 | page=276 | Y=6 Package information | outline/toc=6.4 LQFP64 package information (5W)
2026-07-26 22:58:02 | stm32u535cb | table_144 | page=280 | Y=6 Package information | outline/toc=6.5 UFBGA64 package information (A019)
2026-07-26 22:58:02 | stm32u535cb | table_145 | page=281 | Y=6 Package information | outline/toc=6.5 UFBGA64 package information (A019)
2026-07-26 22:58:02 | stm32u535cb | table_146 | page=284 | Y=6 Package information | outline/toc=6.6 WLCSP72 package information (B0HK)
2026-07-26 22:58:02 | stm32u535cb | table_147 | page=285 | Y=6 Package information | outline/toc=6.6 WLCSP72 package information (B0HK)
2026-07-26 22:58:02 | stm32u535cb | table_148 | page=288 | Y=6 Package information | outline/toc=6.7 LQFP100 package information (1L)
2026-07-26 22:58:02 | stm32u535cb | table_149 | page=292 | Y=6 Package information | outline/toc=6.8 UFBGA100 package information (A0C2)
2026-07-26 22:58:02 | stm32u535cb | table_150 | page=293 | Y=6 Package information | outline/toc=6.8 UFBGA100 package information (A0C2)
2026-07-26 22:58:02 | stm32u535cb | table_151 | page=295 | Y=6.9 Package thermal characteristics | outline/toc=6.9.1 Reference documents
2026-07-26 22:58:05 | stm32u545ce | table_11 | page=51 | Y=3.17 General purpose direct memory access controller (GPDMA) | outline/toc=3.18 Low-power direct memory access controller (LPDMA)
2026-07-26 22:58:05 | stm32u545ce | table_15 | page=56 | Y=3.24 Delay block (DLYB) | outline/toc=3.25 Analog-to-digital converter (ADC1 and ADC4)
2026-07-26 22:58:05 | stm32u545ce | table_16 | page=60 | Y=3.25.3 Temperature sensor | outline/toc=3.25.5 VBAT battery voltage monitoring
2026-07-26 22:58:05 | stm32u545ce | table_17 | page=60 | Y=3.25.4 Internal voltage reference (VREFINT) | outline/toc=3.25.5 VBAT battery voltage monitoring
2026-07-26 22:58:05 | stm32u545ce | table_18 | page=63 | Y=3.30 Multi-function digital filter (MDF) and audio digital filter (ADF) | outline/toc=3.30.1 Multi-function digital filter (MDF)
2026-07-26 22:58:05 | stm32u545ce | table_19 | page=71 | Y=3.34 True random number generator (RNG) | outline/toc=3.36 HASH hardware accelerator (HASH)
2026-07-26 22:58:05 | stm32u545ce | table_21 | page=79 | Y=3.40.2 Tamper and backup registers (TAMP) | outline/toc=3.41 Inter-integrated circuit interface (I2C)
2026-07-26 22:58:05 | stm32u545ce | table_22 | page=80 | Y=3.40.2 Tamper and backup registers (TAMP) | outline/toc=3.41 Inter-integrated circuit interface (I2C)
2026-07-26 22:58:05 | stm32u545ce | table_23 | page=84 | Y=3.43 Serial peripheral interface (SPI) | outline/toc=3.44 Serial audio interfaces (SAI)
2026-07-26 22:58:05 | stm32u545ce | table_24 | page=85 | Y=3.44 Serial audio interfaces (SAI) | outline/toc=3.45 Secure digital input/output and MultiMediaCards interface (SDMMC)
2026-07-26 22:58:05 | stm32u545ce | table_25 | page=86 | Y=3.45 Secure digital input/output and MultiMediaCards interface | outline/toc=3.46 Controller area network (FDCAN)
2026-07-26 22:58:05 | stm32u545ce | table_34 | page=138 | Y=5.3.2 Operating conditions at power-up/power-down | outline/toc=5.3.3 Embedded reset and power control block characteristics
2026-07-26 22:58:05 | stm32u545ce | table_36 | page=140 | Y=5.3.4 SMPS characteristics | outline/toc=5.3.5 Embedded voltage reference
2026-07-26 22:58:05 | stm32u545ce | table_77 | page=189 | Y=5.3.6 Supply current characteristics | outline/toc=5.3.8 External clock timing characteristics
2026-07-26 22:58:05 | stm32u545ce | table_81 | page=193 | Y=8 MHz controlled | outline/toc=5.3.8 External clock timing characteristics
2026-07-26 22:58:05 | stm32u545ce | table_85 | page=201 | Y=5.3.9 Internal clock timing characteristics | outline/toc=5.3.10 PLL characteristics
2026-07-26 22:58:05 | stm32u545ce | table_86 | page=201 | Y=5.3.9 Internal clock timing characteristics | outline/toc=5.3.10 PLL characteristics
2026-07-26 22:58:05 | stm32u545ce | table_91 | page=205 | Y=5.3.12 EMC characteristics | outline/toc=5.3.13 Electrical sensitivity characteristics
2026-07-26 22:58:05 | stm32u545ce | table_93 | page=206 | Y=5.3.13 Electrical sensitivity characteristics | outline/toc=5.3.14 I/O current injection characteristics
2026-07-26 22:58:05 | stm32u545ce | table_103 | page=217 | Y=5.3.17 Extended interrupt and event controller input (EXTI) characteristics | outline/toc=5.3.18 Analog switches booster
2026-07-26 22:58:05 | stm32u545ce | table_111 | page=229 | Y=5.3.21 Temperature sensor characteristics | outline/toc=5.3.23 V monitoring characteristics
2026-07-26 22:58:05 | stm32u545ce | table_112 | page=229 | Y=5.3.22 V monitoring characteristics | outline/toc=5.3.23 V monitoring characteristics
2026-07-26 22:58:05 | stm32u545ce | table_114 | page=230 | Y=5.3.23 V monitoring characteristics | outline/toc=5.3.24 Digital-to-analog converter characteristics
2026-07-26 22:58:06 | stm32u545ce | table_133 | page=258 | Y=5.3.35 Delay block characteristics | outline/toc=5.3.36 I2C interface characteristics
2026-07-26 22:58:06 | stm32u545ce | table_134 | page=258 | Y=5.3.35 Delay block characteristics | outline/toc=5.3.36 I2C interface characteristics
2026-07-26 22:58:06 | stm32u545ce | table_141 | page=270 | Y=6 Package information | outline/toc=6.1 LQFP48 package information (5B)
2026-07-26 22:58:06 | stm32u545ce | table_142 | page=274 | Y=6 Package information | outline/toc=6.2 UFQFPN48 package information (A0B9)
2026-07-26 22:58:06 | stm32u545ce | table_145 | page=281 | Y=6 Package information | outline/toc=6.4 LQFP64 package information (5W)
2026-07-26 22:58:06 | stm32u545ce | table_146 | page=285 | Y=6 Package information | outline/toc=6.5 UFBGA64 package information (A019)
2026-07-26 22:58:06 | stm32u545ce | table_147 | page=286 | Y=6 Package information | outline/toc=6.5 UFBGA64 package information (A019)
2026-07-26 22:58:06 | stm32u545ce | table_148 | page=289 | Y=6 Package information | outline/toc=6.6 WLCSP72 package information (B0HK)
2026-07-26 22:58:06 | stm32u545ce | table_149 | page=290 | Y=6 Package information | outline/toc=6.6 WLCSP72 package information (B0HK)
2026-07-26 22:58:06 | stm32u545ce | table_150 | page=293 | Y=6 Package information | outline/toc=6.7 LQFP100 package information (1L)
2026-07-26 22:58:06 | stm32u545ce | table_151 | page=297 | Y=6 Package information | outline/toc=6.8 UFBGA100 package information (A0C2)
2026-07-26 22:58:06 | stm32u545ce | table_152 | page=298 | Y=6 Package information | outline/toc=6.8 UFBGA100 package information (A0C2)
2026-07-26 22:58:06 | stm32u545ce | table_153 | page=300 | Y=6.9 Package thermal characteristics | outline/toc=6.9.1 Reference documents
2026-07-26 22:58:37 | stm32u585ai | table_11 | page=54 | Y=3.17 General purpose direct memory access controller (GPDMA) | outline/toc=3.18 Low-power direct memory access controller (LPDMA)
2026-07-26 22:58:37 | stm32u585ai | table_14 | page=56 | Y=3.18 Low-power direct memory access controller (LPDMA) | outline/toc=3.19 Chrom-ART Accelerator controller (DMA2D)
2026-07-26 22:58:37 | stm32u585ai | table_15 | page=61 | Y=3.27 Delay block (DLYB) | outline/toc=3.28 Analog-to-digital converter (ADC1 and ADC4)
2026-07-26 22:58:37 | stm32u585ai | table_17 | page=66 | Y=3.28.4 Internal voltage reference (VREFINT) | outline/toc=3.29 Digital-to-analog converter (DAC)
2026-07-26 22:58:37 | stm32u585ai | table_18 | page=68 | Y=3.33 Multifunction digital filter (MDF) and audio digital filter (ADF) | outline/toc=3.33.1 Multifunction digital filter (MDF)
2026-07-26 22:58:37 | stm32u585ai | table_19 | page=76 | Y=3.37 True random number generator (RNG) | outline/toc=3.39 HASH hardware accelerator (HASH)
2026-07-26 22:58:37 | stm32u585ai | table_21 | page=84 | Y=3.43.2 Tamper and backup registers (TAMP) | outline/toc=3.44 Inter-integrated circuit interface (I2C)
2026-07-26 22:58:37 | stm32u585ai | table_22 | page=85 | Y=3.43.2 Tamper and backup registers (TAMP) | outline/toc=3.44 Inter-integrated circuit interface (I2C)
2026-07-26 22:58:37 | stm32u585ai | table_23 | page=89 | Y=3.46 Serial peripheral interface (SPI) | outline/toc=3.47 Serial audio interfaces (SAI)
2026-07-26 22:58:37 | stm32u585ai | table_24 | page=90 | Y=3.47 Serial audio interfaces (SAI) | outline/toc=3.48 Secure digital input/output and MultiMediaCards interface (SDMMC)
2026-07-26 22:58:37 | stm32u585ai | table_77 | page=214 | Y=5.3.6 Supply current characteristics | outline/toc=5.3.8 External clock timing characteristics
2026-07-26 22:58:37 | stm32u585ai | table_81 | page=219 | Y=8 MHz controlled | outline/toc=5.3.8 External clock timing characteristics
2026-07-26 22:58:37 | stm32u585ai | table_85 | page=226 | Y=5.3.9 Internal clock timing characteristics | outline/toc=5.3.10 PLL characteristics
2026-07-26 22:58:37 | stm32u585ai | table_86 | page=226 | Y=5.3.9 Internal clock timing characteristics | outline/toc=5.3.10 PLL characteristics
2026-07-26 22:58:37 | stm32u585ai | table_91 | page=230 | Y=5.3.12 EMC characteristics | outline/toc=5.3.13 Electrical sensitivity characteristics
2026-07-26 22:58:37 | stm32u585ai | table_93 | page=231 | Y=5.3.13 Electrical sensitivity characteristics | outline/toc=5.3.14 I/O current injection characteristics
2026-07-26 22:58:37 | stm32u575ag | table_11 | page=54 | Y=3.17 General purpose direct memory access controller (GPDMA) | outline/toc=3.18 Low-power direct memory access controller (LPDMA)
2026-07-26 22:58:37 | stm32u575ag | table_14 | page=56 | Y=3.18 Low-power direct memory access controller (LPDMA) | outline/toc=3.19 Chrom-ART Accelerator controller (DMA2D)
2026-07-26 22:58:37 | stm32u575ag | table_15 | page=61 | Y=3.27 Delay block (DLYB) | outline/toc=3.28 Analog-to-digital converter (ADC1 and ADC4)
2026-07-26 22:58:37 | stm32u585ai | table_103 | page=243 | Y=5.3.17 Extended interrupt and event controller input (EXTI) characteristics | outline/toc=5.3.18 Analog switches booster
2026-07-26 22:58:37 | stm32u585ai | table_111 | page=255 | Y=5.3.21 Temperature sensor characteristics | outline/toc=5.3.23 V monitoring characteristics
2026-07-26 22:58:37 | stm32u585ai | table_112 | page=255 | Y=5.3.22 V monitoring characteristics | outline/toc=5.3.23 V monitoring characteristics
2026-07-26 22:58:37 | stm32u575ag | table_17 | page=66 | Y=3.28.4 Internal voltage reference (VREFINT) | outline/toc=3.29 Digital-to-analog converter (DAC)
2026-07-26 22:58:37 | stm32u585ai | table_114 | page=256 | Y=5.3.23 V monitoring characteristics | outline/toc=5.3.24 Digital-to-analog converter characteristics
2026-07-26 22:58:37 | stm32u575ag | table_18 | page=68 | Y=3.33 Multifunction digital filter (MDF) and audio digital filter (ADF) | outline/toc=3.33.1 Multifunction digital filter (MDF)
2026-07-26 22:58:37 | stm32u575ag | table_19 | page=75 | Y=3.39 Timers and watchdogs | outline/toc=3.39.1 Advanced-control timers (TIM1, TIM8)
2026-07-26 22:58:37 | stm32u575ag | table_20 | page=80 | Y=3.40.2 Tamper and backup registers (TAMP) | outline/toc=3.41 Inter-integrated circuit interface (I2C)
2026-07-26 22:58:37 | stm32u575ag | table_21 | page=81 | Y=3.40.2 Tamper and backup registers (TAMP) | outline/toc=3.41 Inter-integrated circuit interface (I2C)
2026-07-26 22:58:37 | stm32u575ag | table_22 | page=85 | Y=3.43 Serial peripheral interface (SPI) | outline/toc=3.44 Serial audio interfaces (SAI)
2026-07-26 22:58:37 | stm32u575ag | table_23 | page=86 | Y=3.44 Serial audio interfaces (SAI) | outline/toc=3.45 Secure digital input/output and MultiMediaCards interface (SDMMC)
2026-07-26 22:58:37 | stm32u585ai | table_126 | page=275 | Y=5.3.32 Timer characteristics | outline/toc=5.3.33 FSMC characteristics
2026-07-26 22:58:37 | stm32u585ai | table_127 | page=275 | Y=5.3.32 Timer characteristics | outline/toc=5.3.33 FSMC characteristics
2026-07-26 22:58:37 | stm32u585ai | table_141 | page=290 | Y=5.3.33 FSMC characteristics | outline/toc=5.3.34 OCTOSPI characteristics
2026-07-26 22:58:37 | stm32u585ai | table_147 | page=298 | Y=5.3.36 Delay block characteristics | outline/toc=5.3.37 I2C interface characteristics
2026-07-26 22:58:37 | stm32u585ai | table_148 | page=299 | Y=5.3.36 Delay block characteristics | outline/toc=5.3.38 USART (SPI mode) characteristics
2026-07-26 22:58:37 | stm32u585ai | table_153 | page=308 | Y=5.3.42 UCPD characteristics | outline/toc=5.3.43 JTAG/SWD interface characteristics
2026-07-26 22:58:37 | stm32u585ai | table_156 | page=312 | Y=6 Package information | outline/toc=6.1 UFQFPN48 package information (A0B9)
2026-07-26 22:58:37 | stm32u585ai | table_157 | page=315 | Y=6 Package information | outline/toc=6.2 LQFP48 package information (5B)
2026-07-26 22:58:37 | stm32u585ai | table_158 | page=319 | Y=6 Package information | outline/toc=6.3 LQFP64 package information (5W)
2026-07-26 22:58:37 | stm32u585ai | table_159 | page=322 | Y=6 Package information | outline/toc=6.4 WLCSP90 package information (B01C)
2026-07-26 22:58:37 | stm32u585ai | table_160 | page=323 | Y=6 Package information | outline/toc=6.4 WLCSP90 package information (B01C)
2026-07-26 22:58:37 | stm32u585ai | table_161 | page=326 | Y=6 Package information | outline/toc=6.5 LQFP100 package information (1L)
2026-07-26 22:58:37 | stm32u585ai | table_162 | page=329 | Y=6 Package information | outline/toc=6.6 UFBGA132 package information (A0G8)
2026-07-26 22:58:37 | stm32u585ai | table_163 | page=330 | Y=6 Package information | outline/toc=6.6 UFBGA132 package information (A0G8)
2026-07-26 22:58:37 | stm32u585ai | table_164 | page=333 | Y=6 Package information | outline/toc=6.7 LQFP144 package information (1A)
2026-07-26 22:58:37 | stm32u585ai | table_165 | page=337 | Y=6 Package information | outline/toc=6.8 UFBGA169 package information (A0YV)
2026-07-26 22:58:37 | stm32u585ai | table_166 | page=338 | Y=6 Package information | outline/toc=6.8 UFBGA169 package information (A0YV)
2026-07-26 22:58:37 | stm32u585ai | table_167 | page=341 | Y=6.9 Package thermal characteristics | outline/toc=6.9.1 Reference documents
2026-07-26 22:58:37 | stm32u575ag | table_76 | page=210 | Y=5.3.6 Supply current characteristics | outline/toc=5.3.8 External clock timing characteristics
2026-07-26 22:58:37 | stm32u575ag | table_80 | page=215 | Y=8 MHz controlled | outline/toc=5.3.8 External clock timing characteristics
2026-07-26 22:58:37 | stm32u575ag | table_84 | page=222 | Y=5.3.9 Internal clock timing characteristics | outline/toc=5.3.10 PLL characteristics
2026-07-26 22:58:37 | stm32u575ag | table_89 | page=226 | Y=5.3.12 EMC characteristics | outline/toc=5.3.13 Electrical sensitivity characteristics
2026-07-26 22:58:37 | stm32u575ag | table_91 | page=227 | Y=5.3.13 Electrical sensitivity characteristics | outline/toc=5.3.14 I/O current injection characteristics
2026-07-26 22:58:37 | stm32u575ag | table_101 | page=239 | Y=5.3.17 Extended interrupt and event controller input (EXTI) characteristics | outline/toc=5.3.18 Analog switches booster
2026-07-26 22:58:37 | stm32u575ag | table_109 | page=251 | Y=5.3.21 Temperature sensor characteristics | outline/toc=5.3.23 V monitoring characteristics
2026-07-26 22:58:37 | stm32u575ag | table_110 | page=251 | Y=5.3.22 V monitoring characteristics | outline/toc=5.3.23 V monitoring characteristics
2026-07-26 22:58:37 | stm32u575ag | table_112 | page=252 | Y=5.3.23 V monitoring characteristics | outline/toc=5.3.24 Digital-to-analog converter characteristics
2026-07-26 22:58:38 | stm32u575ag | table_124 | page=271 | Y=5.3.32 Timer characteristics | outline/toc=5.3.33 FSMC characteristics
2026-07-26 22:58:38 | stm32u575ag | table_125 | page=271 | Y=5.3.32 Timer characteristics | outline/toc=5.3.33 FSMC characteristics
2026-07-26 22:58:38 | stm32u575ag | table_139 | page=286 | Y=5.3.33 FSMC characteristics | outline/toc=5.3.34 OCTOSPI characteristics
2026-07-26 22:58:38 | stm32u575ag | table_145 | page=294 | Y=5.3.36 Delay block characteristics | outline/toc=5.3.37 I2C interface characteristics
2026-07-26 22:58:38 | stm32u575ag | table_146 | page=295 | Y=5.3.36 Delay block characteristics | outline/toc=5.3.38 USART (SPI mode) characteristics
2026-07-26 22:58:38 | stm32u575ag | table_151 | page=304 | Y=5.3.42 UCPD characteristics | outline/toc=5.3.43 JTAG/SWD interface characteristics
2026-07-26 22:58:38 | stm32u575ag | table_154 | page=308 | Y=6 Package information | outline/toc=6.1 UFQFPN48 package information (A0B9)
2026-07-26 22:58:38 | stm32u575ag | table_155 | page=311 | Y=6 Package information | outline/toc=6.2 LQFP48 package information (5B)
2026-07-26 22:58:38 | stm32u575ag | table_156 | page=315 | Y=6 Package information | outline/toc=6.3 LQFP64 package information (5W)
2026-07-26 22:58:38 | stm32u575ag | table_157 | page=318 | Y=6 Package information | outline/toc=6.4 WLCSP90 package information (B01C)
2026-07-26 22:58:38 | stm32u575ag | table_158 | page=319 | Y=6 Package information | outline/toc=6.4 WLCSP90 package information (B01C)
2026-07-26 22:58:38 | stm32u575ag | table_159 | page=322 | Y=6 Package information | outline/toc=6.5 LQFP100 package information (1L)
2026-07-26 22:58:38 | stm32u575ag | table_160 | page=325 | Y=6 Package information | outline/toc=6.6 UFBGA132 package information (A0G8)
2026-07-26 22:58:38 | stm32u575ag | table_161 | page=326 | Y=6 Package information | outline/toc=6.6 UFBGA132 package information (A0G8)
2026-07-26 22:58:38 | stm32u575ag | table_162 | page=329 | Y=6 Package information | outline/toc=6.7 LQFP144 package information (1A)
2026-07-26 22:58:38 | stm32u575ag | table_163 | page=333 | Y=6 Package information | outline/toc=6.8 UFBGA169 package information (A0YV)
2026-07-26 22:58:38 | stm32u575ag | table_164 | page=334 | Y=6 Package information | outline/toc=6.8 UFBGA169 package information (A0YV)
2026-07-26 22:58:38 | stm32u575ag | table_165 | page=337 | Y=6.9 Package thermal characteristics | outline/toc=6.9.1 Reference documents
2026-07-26 22:58:54 | stm32u5f7vj | table_11 | page=52 | Y=3.17 General purpose direct memory access controller (GPDMA) | outline/toc=3.18 Low-power direct memory access controller (LPDMA)
2026-07-26 22:58:54 | stm32u5f7vj | table_14 | page=54 | Y=3.18 Low-power direct memory access controller (LPDMA) | outline/toc=3.19 Neo-Chrom graphic processor (GPU2D)
2026-07-26 22:58:54 | stm32u5f7vj | table_15 | page=62 | Y=3.32.1 HSPI TrustZone security | outline/toc=3.33 Analog-to-digital converters (ADC1, ADC2, and ADC4)
2026-07-26 22:58:54 | stm32u5f7vj | table_16 | page=66 | Y=3.33.3 Temperature sensor | outline/toc=3.33.4 Internal voltage reference (VREFINT)
2026-07-26 22:58:54 | stm32u5f7vj | table_17 | page=67 | Y=3.33.4 Internal voltage reference (V ) | outline/toc=3.34 Digital to analog converter (DAC)
2026-07-26 22:58:54 | stm32u5f7vj | table_18 | page=69 | Y=3.38 Multi-function digital filter (MDF) and audio digital filter (ADF) | outline/toc=3.38.1 Multi-function digital filter (MDF)
2026-07-26 22:58:54 | stm32u5f7vj | table_20 | page=83 | Y=3.47.2 Tamper and backup registers (TAMP) | outline/toc=3.48 Inter-integrated circuit interface (I2C)
2026-07-26 22:58:54 | stm32u5f7vj | table_21 | page=84 | Y=3.47.2 Tamper and backup registers (TAMP) | outline/toc=3.48 Inter-integrated circuit interface (I2C)
2026-07-26 22:58:54 | stm32u5f7vj | table_22 | page=88 | Y=3.50 Serial peripheral interfaces (SPI) | outline/toc=3.51 Serial audio interfaces (SAI)
2026-07-26 22:58:54 | stm32u5f7vj | table_23 | page=89 | Y=3.51 Serial audio interfaces (SAI) | outline/toc=3.52 Secure digital input/output and MultiMediaCards interface (SDMMC)
2026-07-26 22:58:54 | stm32u5f7vj | table_33 | page=163 | Y=5.3.2 Operating conditions at power-up/power-down | outline/toc=5.3.3 Embedded reset and power control block characteristics
2026-07-26 22:58:54 | stm32u5f7vj | table_35 | page=165 | Y=5.3.4 SMPS characteristics | outline/toc=5.3.5 Embedded voltage reference
2026-07-26 22:58:54 | stm32u5f7vj | table_75 | page=221 | Y=5.3.6 Supply current characteristics | outline/toc=5.3.8 External clock timing characteristics
2026-07-26 22:58:54 | stm32u5f7vj | table_76 | page=221 | Y=5.3.6 Supply current characteristics | outline/toc=5.3.8 External clock timing characteristics
2026-07-26 22:58:54 | stm32u5f7vj | table_80 | page=226 | Y=8 MHz controlled | outline/toc=5.3.9 Internal clock timing characteristics
2026-07-26 22:58:54 | stm32u5f7vj | table_84 | page=233 | Y=5.3.9 Internal clock timing characteristics | outline/toc=5.3.10 PLL characteristics
2026-07-26 22:58:54 | stm32u5f7vj | table_89 | page=237 | Y=5.3.12 EMC characteristics | outline/toc=5.3.13 Electrical sensitivity characteristics
2026-07-26 22:58:54 | stm32u5f7vj | table_91 | page=238 | Y=5.3.13 Electrical sensitivity characteristics | outline/toc=5.3.14 I/O current injection characteristics
2026-07-26 22:58:54 | stm32u5f7vj | table_92 | page=239 | Y=5.3.14 I/O current injection characteristics | outline/toc=5.3.15 I/O port characteristics
2026-07-26 22:58:54 | stm32u5f7vj | table_101 | page=249 | Y=5.3.17 Extended interrupt and event controller input (EXTI) characteristics | outline/toc=5.3.18 Analog switches booster
2026-07-26 22:58:54 | stm32u5f7vj | table_109 | page=261 | Y=5.3.21 Temperature sensor characteristics | outline/toc=5.3.23 V monitoring characteristics
2026-07-26 22:58:54 | stm32u5f7vj | table_110 | page=261 | Y=5.3.22 V monitoring characteristics | outline/toc=5.3.23 V monitoring characteristics
2026-07-26 22:58:55 | stm32u5f7vj | table_112 | page=262 | Y=5.3.23 V monitoring characteristics | outline/toc=5.3.24 Digital-to-analog converter characteristics
2026-07-26 22:58:55 | stm32u5f7vj | table_130 | page=287 | Y=5.3.34 Timer characteristics | outline/toc=5.3.35 FSMC characteristics
2026-07-26 22:58:55 | stm32u5f7vj | table_131 | page=287 | Y=5.3.34 Timer characteristics | outline/toc=5.3.35 FSMC characteristics
2026-07-26 22:58:55 | stm32u5f7vj | table_145 | page=303 | Y=5.3.35 FSMC characteristics | outline/toc=5.3.36 OCTOSPI characteristics
2026-07-26 22:58:55 | stm32u5f7vj | table_154 | page=316 | Y=5.3.39 Delay block characteristics | outline/toc=5.3.40 I2C interface characteristics
2026-07-26 22:58:55 | stm32u5f7vj | table_155 | page=317 | Y=5.3.39 Delay block characteristics | outline/toc=5.3.41 USART (SPI mode) characteristics
2026-07-26 22:58:55 | stm32u5f7vj | table_159 | page=326 | Y=5.3.43 SAI characteristics | outline/toc=5.3.46 JTAG/SWD interface characteristics
2026-07-26 22:58:55 | stm32u5f7vj | table_160 | page=326 | Y=5.3.43 SAI characteristics | outline/toc=5.3.46 JTAG/SWD interface characteristics
2026-07-26 22:58:55 | stm32u5f7vj | table_161 | page=327 | Y=5.3.43 SAI characteristics | outline/toc=5.3.46 JTAG/SWD interface characteristics
2026-07-26 22:58:55 | stm32u5f7vj | table_162 | page=327 | Y=5.3.45 UCPD characteristics | outline/toc=5.3.46 JTAG/SWD interface characteristics
2026-07-26 22:58:55 | stm32u5f7vj | table_165 | page=332 | Y=6.1 Device marking | outline/toc=6.2 LQFP100 package information (1L)
2026-07-26 22:58:55 | stm32u5f7vj | table_166 | page=335 | Y=6.1 Device marking | outline/toc=6.3 LQFP144 package information (1A)
2026-07-26 22:58:55 | stm32u5f7vj | table_167 | page=339 | Y=6.1 Device marking | outline/toc=6.4 UFBGA144 package information (A02Y)
2026-07-26 22:58:55 | stm32u5f7vj | table_168 | page=340 | Y=6.1 Device marking | outline/toc=6.4 UFBGA144 package information (A02Y)
2026-07-26 22:58:55 | stm32u5f7vj | table_169 | page=342 | Y=6.1 Device marking | outline/toc=6.5 WLCSP208 package information (B0KC)
2026-07-26 22:58:55 | stm32u5f7vj | table_170 | page=343 | Y=6.1 Device marking | outline/toc=6.5 WLCSP208 package information (B0KC)
2026-07-26 22:58:55 | stm32u5f7vj | table_171 | page=346 | Y=6.1 Device marking | outline/toc=6.6 TFBGA216 package information (A0L2)
2026-07-26 22:58:55 | stm32u5f7vj | table_172 | page=347 | Y=6.1 Device marking | outline/toc=6.7 Package thermal characteristics
2026-07-26 22:58:55 | stm32u5f7vj | table_173 | page=348 | Y=6.7 Package thermal characteristics | outline/toc=6.7.1 Reference documents
2026-07-26 22:58:57 | stm32u5g7vj | table_11 | page=52 | Y=3.17 General purpose direct memory access controller (GPDMA) | outline/toc=3.18 Low-power direct memory access controller (LPDMA)
2026-07-26 22:58:57 | stm32u5g7vj | table_14 | page=54 | Y=3.18 Low-power direct memory access controller (LPDMA) | outline/toc=3.19 Neo-Chrom graphic processor (GPU2D)
2026-07-26 22:58:57 | stm32u5g7vj | table_15 | page=62 | Y=3.32.1 HSPI TrustZone security | outline/toc=3.33 Analog-to-digital converters (ADC1, ADC2, and ADC4)
2026-07-26 22:58:57 | stm32u5g7vj | table_16 | page=66 | Y=3.33.3 Temperature sensor | outline/toc=3.33.4 Internal voltage reference (VREFINT)
2026-07-26 22:58:57 | stm32u5g7vj | table_17 | page=67 | Y=3.33.4 Internal voltage reference (V ) | outline/toc=3.34 Digital to analog converter (DAC)
2026-07-26 22:58:57 | stm32u5g7vj | table_18 | page=69 | Y=3.38 Multi-function digital filter (MDF) and audio digital filter (ADF) | outline/toc=3.38.1 Multi-function digital filter (MDF)
2026-07-26 22:58:57 | stm32u5g7vj | table_19 | page=78 | Y=3.44 True random number generator (RNG) | outline/toc=3.46 HASH hardware accelerator (HASH)
2026-07-26 22:58:57 | stm32u5g7vj | table_20 | page=81 | Y=3.49 Timers and watchdogs | outline/toc=3.49.1 Advanced-control timers (TIM1, TIM8)
2026-07-26 22:58:57 | stm32u5g7vj | table_21 | page=87 | Y=3.50.2 Tamper and backup registers (TAMP) | outline/toc=3.51 Inter-integrated circuit interface (I2C)
2026-07-26 22:58:57 | stm32u5g7vj | table_22 | page=87 | Y=3.50.2 Tamper and backup registers (TAMP) | outline/toc=3.51 Inter-integrated circuit interface (I2C)
2026-07-26 22:58:57 | stm32u5g7vj | table_24 | page=93 | Y=3.54 Serial audio interfaces (SAI) | outline/toc=3.55 Secure digital input/output and MultiMediaCards interface (SDMMC)
2026-07-26 22:58:57 | stm32u5g7vj | table_25 | page=94 | Y=3.55 Secure digital input/output and MultiMediaCards interface | outline/toc=3.56 Controller area network (FDCAN)
2026-07-26 22:58:57 | stm32u5g7vj | table_34 | page=160 | Y=5.3.2 Operating conditions at power-up/power-down | outline/toc=5.3.3 Embedded reset and power control block characteristics
2026-07-26 22:58:57 | stm32u5g7vj | table_36 | page=162 | Y=5.3.4 SMPS characteristics | outline/toc=5.3.5 Embedded voltage reference
2026-07-26 22:58:57 | stm32u5g7vj | table_76 | page=217 | Y=5.3.6 Supply current characteristics | outline/toc=5.3.8 External clock timing characteristics
2026-07-26 22:58:57 | stm32u5g7vj | table_77 | page=217 | Y=5.3.6 Supply current characteristics | outline/toc=5.3.8 External clock timing characteristics
2026-07-26 22:58:57 | stm32u5g7vj | table_81 | page=222 | Y=8 MHz controlled | outline/toc=5.3.9 Internal clock timing characteristics
2026-07-26 22:58:57 | stm32u5g7vj | table_85 | page=229 | Y=5.3.9 Internal clock timing characteristics | outline/toc=5.3.10 PLL characteristics
2026-07-26 22:58:57 | stm32u5g7vj | table_86 | page=229 | Y=5.3.9 Internal clock timing characteristics | outline/toc=5.3.10 PLL characteristics
2026-07-26 22:58:57 | stm32u5g7vj | table_91 | page=233 | Y=5.3.12 EMC characteristics | outline/toc=5.3.13 Electrical sensitivity characteristics
2026-07-26 22:58:57 | stm32u5g7vj | table_93 | page=234 | Y=5.3.13 Electrical sensitivity characteristics | outline/toc=5.3.14 I/O current injection characteristics
2026-07-26 22:58:57 | stm32u5g7vj | table_94 | page=235 | Y=5.3.14 I/O current injection characteristics | outline/toc=5.3.15 I/O port characteristics
2026-07-26 22:58:57 | stm32u5g7vj | table_103 | page=245 | Y=5.3.17 Extended interrupt and event controller input (EXTI) characteristics | outline/toc=5.3.18 Analog switches booster
2026-07-26 22:58:57 | stm32u5g7vj | table_111 | page=257 | Y=5.3.21 Temperature sensor characteristics | outline/toc=5.3.23 V monitoring characteristics
2026-07-26 22:58:57 | stm32u5g7vj | table_112 | page=257 | Y=5.3.22 V monitoring characteristics | outline/toc=5.3.23 V monitoring characteristics
2026-07-26 22:58:57 | stm32u5g7vj | table_114 | page=258 | Y=5.3.23 V monitoring characteristics | outline/toc=5.3.24 Digital-to-analog converter characteristics
2026-07-26 22:58:57 | stm32u5g7vj | table_132 | page=283 | Y=5.3.34 Timer characteristics | outline/toc=5.3.35 FSMC characteristics
2026-07-26 22:58:57 | stm32u5g7vj | table_133 | page=283 | Y=5.3.34 Timer characteristics | outline/toc=5.3.35 FSMC characteristics
2026-07-26 22:58:57 | stm32u5g7vj | table_147 | page=299 | Y=5.3.35 FSMC characteristics | outline/toc=5.3.36 OCTOSPI characteristics
2026-07-26 22:58:57 | stm32u5g7vj | table_156 | page=312 | Y=5.3.39 Delay block characteristics | outline/toc=5.3.40 I2C interface characteristics
2026-07-26 22:58:57 | stm32u5g7vj | table_157 | page=313 | Y=5.3.39 Delay block characteristics | outline/toc=5.3.41 USART (SPI mode) characteristics
2026-07-26 22:58:57 | stm32u5g7vj | table_161 | page=322 | Y=5.3.43 SAI characteristics | outline/toc=5.3.46 JTAG/SWD interface characteristics
2026-07-26 22:58:57 | stm32u5g7vj | table_162 | page=322 | Y=5.3.43 SAI characteristics | outline/toc=5.3.46 JTAG/SWD interface characteristics
2026-07-26 22:58:57 | stm32u5g7vj | table_163 | page=323 | Y=5.3.43 SAI characteristics | outline/toc=5.3.46 JTAG/SWD interface characteristics
2026-07-26 22:58:57 | stm32u5g7vj | table_164 | page=323 | Y=5.3.45 UCPD characteristics | outline/toc=5.3.46 JTAG/SWD interface characteristics
2026-07-26 22:58:57 | stm32u5g7vj | table_167 | page=328 | Y=6.1 Device marking | outline/toc=6.2 LQFP100 package information (1L)
2026-07-26 22:58:57 | stm32u5g7vj | table_168 | page=331 | Y=6.1 Device marking | outline/toc=6.3 LQFP144 package information (1A)
2026-07-26 22:58:57 | stm32u5g7vj | table_169 | page=335 | Y=6.1 Device marking | outline/toc=6.4 UFBGA144 package information (A02Y)
2026-07-26 22:58:57 | stm32u5g7vj | table_170 | page=336 | Y=6.1 Device marking | outline/toc=6.4 UFBGA144 package information (A02Y)
2026-07-26 22:58:57 | stm32u5g7vj | table_171 | page=338 | Y=6.1 Device marking | outline/toc=6.5 WLCSP208 package information (B0KC)
2026-07-26 22:58:57 | stm32u5g7vj | table_172 | page=339 | Y=6.1 Device marking | outline/toc=6.5 WLCSP208 package information (B0KC)
2026-07-26 22:58:57 | stm32u5g7vj | table_173 | page=342 | Y=6.1 Device marking | outline/toc=6.6 TFBGA216 package information (A0L2)
2026-07-26 22:58:57 | stm32u5g7vj | table_174 | page=343 | Y=6.1 Device marking | outline/toc=6.7 Package thermal characteristics
2026-07-26 22:58:57 | stm32u5g7vj | table_175 | page=344 | Y=6.7 Package thermal characteristics | outline/toc=6.7.1 Reference documents
2026-07-26 22:59:04 | stm32u595ai | table_5 | page=30 | Y=3.6 TrustZone security architecture | outline/toc=3.6.2 Default TrustZone security state
2026-07-26 22:59:04 | stm32u595ai | table_11 | page=55 | Y=3.17 General purpose direct memory access controller (GPDMA) | outline/toc=3.18 Low-power direct memory access controller (LPDMA)
2026-07-26 22:59:04 | stm32u595ai | table_12 | page=55 | Y=3.17 General purpose direct memory access controller (GPDMA) | outline/toc=3.18 Low-power direct memory access controller (LPDMA)
2026-07-26 22:59:04 | stm32u595ai | table_13 | page=57 | Y=3.18 Low-power direct memory access controller (LPDMA) | outline/toc=3.19 Neo-Chrom GPU (GPU2D)
2026-07-26 22:59:04 | stm32u595ai | table_14 | page=57 | Y=3.18 Low-power direct memory access controller (LPDMA) | outline/toc=3.19 Neo-Chrom GPU (GPU2D)
2026-07-26 22:59:04 | stm32u595ai | table_15 | page=65 | Y=3.30.1 HSPI TrustZone security | outline/toc=3.31.1 Analog-to-digital converters (ADC1/2)
2026-07-26 22:59:04 | stm32u595ai | table_16 | page=69 | Y=3.31.3 Temperature sensor | outline/toc=3.32 Digital to analog converter (DAC)
2026-07-26 22:59:04 | stm32u595ai | table_17 | page=69 | Y=3.31.4 Internal voltage reference (V ) | outline/toc=3.32 Digital to analog converter (DAC)
2026-07-26 22:59:04 | stm32u595ai | table_19 | page=80 | Y=3.44 Timers and watchdogs | outline/toc=3.44.1 Advanced-control timers (TIM1, TIM8)
2026-07-26 22:59:04 | stm32u595ai | table_20 | page=85 | Y=3.45.2 Tamper and backup registers (TAMP) | outline/toc=3.46 Inter-integrated circuit interface (I2C)
2026-07-26 22:59:04 | stm32u595ai | table_21 | page=86 | Y=3.45.2 Tamper and backup registers (TAMP) | outline/toc=3.46 Inter-integrated circuit interface (I2C)
2026-07-26 22:59:04 | stm32u595ai | table_22 | page=90 | Y=3.48 Serial peripheral interfaces (SPI) | outline/toc=3.49 Serial audio interfaces (SAI)
2026-07-26 22:59:04 | stm32u595ai | table_23 | page=91 | Y=3.49 Serial audio interfaces (SAI) | outline/toc=3.50 Secure digital input/output and MultiMediaCards interface (SDMMC)
2026-07-26 22:59:04 | stm32u595ai | table_67 | page=240 | Y=5.3.6 Supply current characteristics | outline/toc=5.3.8 External clock timing characteristics
2026-07-26 22:59:04 | stm32u595ai | table_68 | page=240 | Y=5.3.6 Supply current characteristics | outline/toc=5.3.8 External clock timing characteristics
2026-07-26 22:59:04 | stm32u595ai | table_72 | page=244 | Y=8 MHz controlled | outline/toc=5.3.8 External clock timing characteristics
2026-07-26 22:59:04 | stm32u595ai | table_76 | page=252 | Y=5.3.9 Internal clock timing characteristics | outline/toc=5.3.10 PLL characteristics
2026-07-26 22:59:04 | stm32u595ai | table_81 | page=256 | Y=5.3.12 EMC characteristics | outline/toc=5.3.13 Electrical sensitivity characteristics
2026-07-26 22:59:04 | stm32u595ai | table_83 | page=257 | Y=5.3.13 Electrical sensitivity characteristics | outline/toc=5.3.14 I/O current injection characteristics
2026-07-26 22:59:04 | stm32u595ai | table_84 | page=258 | Y=5.3.14 I/O current injection characteristics | outline/toc=5.3.15 I/O port characteristics
2026-07-26 22:59:05 | stm32u595ai | table_93 | page=269 | Y=5.3.17 Extended interrupt and event controller input (EXTI) characteristics | outline/toc=5.3.18 Analog switches booster
2026-07-26 22:59:05 | stm32u595ai | table_101 | page=282 | Y=5.3.21 Temperature sensor characteristics | outline/toc=5.3.23 V monitoring characteristics
2026-07-26 22:59:05 | stm32u595ai | table_102 | page=282 | Y=5.3.22 V monitoring characteristics | outline/toc=5.3.23 V monitoring characteristics
2026-07-26 22:59:05 | stm32u595ai | table_104 | page=283 | Y=5.3.23 V monitoring characteristics | outline/toc=5.3.24 Digital-to-analog converter characteristics
2026-07-26 22:59:05 | stm32u595ai | table_122 | page=308 | Y=5.3.34 Timer characteristics | outline/toc=5.3.35 FSMC characteristics
2026-07-26 22:59:05 | stm32u595ai | table_123 | page=308 | Y=5.3.34 Timer characteristics | outline/toc=5.3.35 FSMC characteristics
2026-07-26 22:59:05 | stm32u595ai | table_136 | page=323 | Y=5.3.35 FSMC characteristics | outline/toc=5.3.36 OCTOSPI characteristics
2026-07-26 22:59:05 | stm32u595ai | table_137 | page=323 | Y=5.3.35 FSMC characteristics | outline/toc=5.3.36 OCTOSPI characteristics
2026-07-26 22:59:05 | stm32u595ai | table_146 | page=336 | Y=5.3.39 Delay block characteristics | outline/toc=5.3.40 I2C interface characteristics
2026-07-26 22:59:05 | stm32u595ai | table_147 | page=337 | Y=5.3.39 Delay block characteristics | outline/toc=5.3.41 USART characteristics
2026-07-26 22:59:05 | stm32u595ai | table_155 | page=347 | Y=5.3.45 UCPD characteristics | outline/toc=5.3.46 JTAG/SWD interface characteristics
2026-07-26 22:59:05 | stm32u595ai | table_158 | page=351 | Y=6 Package information | outline/toc=6.1 LQFP64 package information (5W)
2026-07-26 22:59:05 | stm32u595ai | table_159 | page=355 | Y=6 Package information | outline/toc=6.2 LQFP100 package information (1L)
2026-07-26 22:59:05 | stm32u595ai | table_160 | page=358 | Y=6 Package information | outline/toc=6.3 UFBGA132 package information (A0G8)
2026-07-26 22:59:05 | stm32u595ai | table_161 | page=359 | Y=6 Package information | outline/toc=6.3 UFBGA132 package information (A0G8)
2026-07-26 22:59:05 | stm32u595ai | table_162 | page=362 | Y=6 Package information | outline/toc=6.4 LQFP144 package information (1A)
2026-07-26 22:59:05 | stm32u595ai | table_163 | page=367 | Y=6 Package information | outline/toc=6.5 WLCSP150 package information (B0DX)
2026-07-26 22:59:05 | stm32u595ai | table_164 | page=368 | Y=6 Package information | outline/toc=6.5 WLCSP150 package information (B0DX)
2026-07-26 22:59:05 | stm32u595ai | table_165 | page=369 | Y=6 Package information | outline/toc=6.6 TFBGA169 package information (B0MA)
2026-07-26 22:59:05 | stm32u595ai | table_166 | page=371 | Y=6 Package information | outline/toc=6.6 TFBGA169 package information (B0MA)
2026-07-26 22:59:05 | stm32u595ai | table_167 | page=373 | Y=6 Package information | outline/toc=6.7 WLCSP208 package information (B0DV)
2026-07-26 22:59:05 | stm32u595ai | table_168 | page=374 | Y=6 Package information | outline/toc=6.7 WLCSP208 package information (B0DV)
2026-07-26 22:59:05 | stm32u595ai | table_171 | page=380 | Y=6.9 Package thermal characteristics | outline/toc=6.9.1 Reference documents
2026-07-26 22:59:09 | stm32u5a5aj | table_11 | page=55 | Y=3.17 General purpose direct memory access controller (GPDMA) | outline/toc=3.18 Low-power direct memory access controller (LPDMA)
2026-07-26 22:59:09 | stm32u5a5aj | table_12 | page=55 | Y=3.17 General purpose direct memory access controller (GPDMA) | outline/toc=3.18 Low-power direct memory access controller (LPDMA)
2026-07-26 22:59:09 | stm32u5a5aj | table_13 | page=57 | Y=3.18 Low-power direct memory access controller (LPDMA) | outline/toc=3.19 Neo-Chrom GPU (GPU2D)
2026-07-26 22:59:09 | stm32u5a5aj | table_14 | page=57 | Y=3.18 Low-power direct memory access controller (LPDMA) | outline/toc=3.19 Neo-Chrom GPU (GPU2D)
2026-07-26 22:59:09 | stm32u5a5aj | table_15 | page=65 | Y=3.30.1 HSPI TrustZone security | outline/toc=3.31.1 Analog-to-digital converters (ADC1/2)
2026-07-26 22:59:09 | stm32u5a5aj | table_16 | page=69 | Y=3.31.3 Temperature sensor | outline/toc=3.32 Digital to analog converter (DAC)
2026-07-26 22:59:09 | stm32u5a5aj | table_17 | page=69 | Y=3.31.4 Internal voltage reference (V ) | outline/toc=3.32 Digital to analog converter (DAC)
2026-07-26 22:59:09 | stm32u5a5aj | table_21 | page=89 | Y=3.48.2 Tamper and backup registers (TAMP) | outline/toc=3.49 Inter-integrated circuit interface (I2C)
2026-07-26 22:59:09 | stm32u5a5aj | table_22 | page=90 | Y=3.48.2 Tamper and backup registers (TAMP) | outline/toc=3.49 Inter-integrated circuit interface (I2C)
2026-07-26 22:59:09 | stm32u5a5aj | table_23 | page=94 | Y=3.51 Serial peripheral interfaces (SPI) | outline/toc=3.52 Serial audio interfaces (SAI)
2026-07-26 22:59:09 | stm32u5a5aj | table_24 | page=95 | Y=3.52 Serial audio interfaces (SAI) | outline/toc=3.53 Secure digital input/output and MultiMediaCards interface (SDMMC)
2026-07-26 22:59:09 | stm32u5a5aj | table_25 | page=96 | Y=3.53 Secure digital input/output and MultiMediaCards interface | outline/toc=3.54 Controller area network (FDCAN)
2026-07-26 22:59:09 | stm32u5a5aj | table_68 | page=244 | Y=5.3.6 Supply current characteristics | outline/toc=5.3.8 External clock timing characteristics
2026-07-26 22:59:09 | stm32u5a5aj | table_69 | page=244 | Y=5.3.6 Supply current characteristics | outline/toc=5.3.8 External clock timing characteristics
2026-07-26 22:59:09 | stm32u5a5aj | table_73 | page=248 | Y=8 MHz controlled | outline/toc=5.3.8 External clock timing characteristics
2026-07-26 22:59:09 | stm32u5a5aj | table_77 | page=256 | Y=5.3.9 Internal clock timing characteristics | outline/toc=5.3.10 PLL characteristics
2026-07-26 22:59:09 | stm32u5a5aj | table_78 | page=256 | Y=5.3.9 Internal clock timing characteristics | outline/toc=5.3.10 PLL characteristics
2026-07-26 22:59:09 | stm32u5a5aj | table_83 | page=260 | Y=5.3.12 EMC characteristics | outline/toc=5.3.13 Electrical sensitivity characteristics
2026-07-26 22:59:09 | stm32u5a5aj | table_85 | page=261 | Y=5.3.13 Electrical sensitivity characteristics | outline/toc=5.3.14 I/O current injection characteristics
2026-07-26 22:59:09 | stm32u5a5aj | table_86 | page=262 | Y=5.3.14 I/O current injection characteristics | outline/toc=5.3.15 I/O port characteristics
2026-07-26 22:59:09 | stm32u5a5aj | table_95 | page=273 | Y=5.3.17 Extended interrupt and event controller input (EXTI) characteristics | outline/toc=5.3.18 Analog switches booster
2026-07-26 22:59:09 | stm32u5a5aj | table_103 | page=286 | Y=5.3.21 Temperature sensor characteristics | outline/toc=5.3.23 V monitoring characteristics
2026-07-26 22:59:09 | stm32u5a5aj | table_104 | page=286 | Y=5.3.22 V monitoring characteristics | outline/toc=5.3.23 V monitoring characteristics
2026-07-26 22:59:09 | stm32u5a5aj | table_106 | page=287 | Y=5.3.23 V monitoring characteristics | outline/toc=5.3.24 Digital-to-analog converter characteristics
2026-07-26 22:59:09 | stm32u5a5aj | table_124 | page=312 | Y=5.3.34 Timer characteristics | outline/toc=5.3.35 FSMC characteristics
2026-07-26 22:59:09 | stm32u5a5aj | table_125 | page=312 | Y=5.3.34 Timer characteristics | outline/toc=5.3.35 FSMC characteristics
2026-07-26 22:59:09 | stm32u5a5aj | table_138 | page=327 | Y=5.3.35 FSMC characteristics | outline/toc=5.3.36 OCTOSPI characteristics
2026-07-26 22:59:09 | stm32u5a5aj | table_139 | page=327 | Y=5.3.35 FSMC characteristics | outline/toc=5.3.36 OCTOSPI characteristics
2026-07-26 22:59:09 | stm32u5a5aj | table_148 | page=340 | Y=5.3.39 Delay block characteristics | outline/toc=5.3.40 I2C interface characteristics
2026-07-26 22:59:09 | stm32u5a5aj | table_149 | page=341 | Y=5.3.39 Delay block characteristics | outline/toc=5.3.41 USART characteristics
2026-07-26 22:59:09 | stm32u5a5aj | table_157 | page=351 | Y=5.3.45 UCPD characteristics | outline/toc=5.3.46 JTAG/SWD interface characteristics
2026-07-26 22:59:09 | stm32u5a5aj | table_160 | page=355 | Y=6 Package information | outline/toc=6.1 LQFP64 package information (5W)
2026-07-26 22:59:09 | stm32u5a5aj | table_161 | page=359 | Y=6 Package information | outline/toc=6.2 LQFP100 package information (1L)
2026-07-26 22:59:09 | stm32u5a5aj | table_162 | page=362 | Y=6 Package information | outline/toc=6.3 UFBGA132 package information (A0G8)
2026-07-26 22:59:09 | stm32u5a5aj | table_163 | page=363 | Y=6 Package information | outline/toc=6.3 UFBGA132 package information (A0G8)
2026-07-26 22:59:09 | stm32u5a5aj | table_164 | page=366 | Y=6 Package information | outline/toc=6.4 LQFP144 package information (1A)
2026-07-26 22:59:09 | stm32u5a5aj | table_165 | page=371 | Y=6 Package information | outline/toc=6.5 WLCSP150 package information (B0DX)
2026-07-26 22:59:09 | stm32u5a5aj | table_166 | page=372 | Y=6 Package information | outline/toc=6.5 WLCSP150 package information (B0DX)
2026-07-26 22:59:09 | stm32u5a5aj | table_167 | page=373 | Y=6 Package information | outline/toc=6.6 TFBGA169 package information (B0MA)
2026-07-26 22:59:09 | stm32u5a5aj | table_168 | page=375 | Y=6 Package information | outline/toc=6.6 TFBGA169 package information (B0MA)
2026-07-26 22:59:09 | stm32u5a5aj | table_169 | page=377 | Y=6 Package information | outline/toc=6.7 WLCSP208 package information (B0DV)
2026-07-26 22:59:09 | stm32u5a5aj | table_170 | page=378 | Y=6 Package information | outline/toc=6.7 WLCSP208 package information (B0DV)
2026-07-26 22:59:09 | stm32u5a5aj | table_173 | page=384 | Y=6.9 Package thermal characteristics | outline/toc=6.9.1 Reference documents
2026-07-26 23:15:26 | stm32u073c8 | table_2 | page=8 | Y=3.4.1 Embedded flash memory | outline/toc=3.4.2 Embedded SRAM
2026-07-26 23:15:26 | stm32u073c8 | table_4 | page=15 | Y=3.8 Peripheral interconnect matrix | outline/toc=3.9.2 Clocks and startup
2026-07-26 23:15:26 | stm32u073c8 | table_5 | page=19 | Y=3.16.1 Temperature sensor | outline/toc=3.17 Digital-to-analog converter (DAC)
2026-07-26 23:15:26 | stm32u073c8 | table_6 | page=19 | Y=3.16.2 Internal voltage reference (V ) | outline/toc=3.17 Digital-to-analog converter (DAC)
2026-07-26 23:15:26 | stm32u073c8 | table_8 | page=24 | Y=3.25 Real-time clock (RTC), tamper (TAMP) and backup registers | outline/toc=3.27 Universal synchronous/asynchronous receiver transmitter (USART/UART)
2026-07-26 23:15:26 | stm32u073c8 | table_20 | page=44 | Y=6.2 Absolute maximum ratings | outline/toc=6.3.1 General operating conditions
2026-07-26 23:15:26 | stm32u073c8 | table_21 | page=44 | Y=6.2 Absolute maximum ratings | outline/toc=6.3.1 General operating conditions
2026-07-26 23:15:26 | stm32u073c8 | table_23 | page=45 | Y=6.3.2 Operating conditions at power-up / power-down | outline/toc=6.3.3 Embedded reset and power control block characteristics
2026-07-26 23:15:26 | stm32u073c8 | table_44 | page=67 | Y=6.3.5.1 I/O system current consumption | outline/toc=6.3.5 Supply current characteristics
2026-07-26 23:15:26 | stm32u073c8 | table_51 | page=72 | Y=8 MHz controlled | outline/toc=6.3.7 External clock source characteristics
2026-07-26 23:15:26 | stm32u073c8 | table_55 | page=78 | Y=6.3.8 Internal clock source characteristics | outline/toc=6.3.9 PLL characteristics
2026-07-26 23:15:26 | stm32u073c8 | table_58 | page=80 | Y=6.3.10 Flash memory characteristics | outline/toc=6.3.11 EMC characteristics
2026-07-26 23:15:26 | stm32u073c8 | table_60 | page=81 | Y=6.3.11 EMC characteristics | outline/toc=6.3.12 Electrical sensitivity characteristics
2026-07-26 23:15:26 | stm32u073c8 | table_62 | page=82 | Y=6.3.12 Electrical sensitivity characteristics | outline/toc=6.3.14 I/O port characteristics
2026-07-26 23:15:26 | stm32u073c8 | table_63 | page=82 | Y=6.3.13 I/O current injection characteristics | outline/toc=6.3.14 I/O port characteristics
2026-07-26 23:15:26 | stm32u073c8 | table_68 | page=87 | Y=6.3.16 Extended interrupt and event controller input (EXTI) characteristics | outline/toc=6.3.17 Analog switches booster
2026-07-26 23:15:26 | stm32u073c8 | table_71 | page=89 | Y=2.4 V | outline/toc=6.3.18 Analog-to-digital converter characteristics
2026-07-26 23:15:26 | stm32u073c8 | table_72 | page=91 | Y=2.4 V | outline/toc=6.3.18 Analog-to-digital converter characteristics
2026-07-26 23:15:26 | stm32u073c8 | table_73 | page=94 | Y=6.3.19 Temperature sensor characteristics | outline/toc=6.3.21 Digital-to-analog converter characteristics
2026-07-26 23:15:26 | stm32u073c8 | table_74 | page=94 | Y=6.3.20 V monitoring characteristics | outline/toc=6.3.21 Digital-to-analog converter characteristics
2026-07-26 23:15:26 | stm32u073c8 | table_75 | page=94 | Y=6.3.20 V monitoring characteristics | outline/toc=6.3.21 Digital-to-analog converter characteristics
2026-07-26 23:15:26 | stm32u073c8 | table_85 | page=104 | Y=6.3.26 Timer characteristics | outline/toc=6.3.28 USART characteristics
2026-07-26 23:15:26 | stm32u073c8 | table_89 | page=112 | Y=7.1 Device marking | outline/toc=7.2 UFQFPN32 package information (A0B8)
2026-07-26 23:15:26 | stm32u073c8 | table_90 | page=112 | Y=7.1 Device marking | outline/toc=7.2 UFQFPN32 package information (A0B8)
2026-07-26 23:15:26 | stm32u073c8 | table_91 | page=113 | Y=7.1 Device marking | outline/toc=7.2 UFQFPN32 package information (A0B8)
2026-07-26 23:15:26 | stm32u073c8 | table_92 | page=114 | Y=7.1 Device marking | outline/toc=7.3 WLCSP42 package information (B0K9)
2026-07-26 23:15:26 | stm32u073c8 | table_93 | page=116 | Y=7.1 Device marking | outline/toc=7.3.1 Device marking for WLCSP42
2026-07-26 23:15:26 | stm32u073c8 | table_94 | page=117 | Y=7.1 Device marking | outline/toc=7.4 LQFP48 package information (5B)
2026-07-26 23:15:26 | stm32u073c8 | table_95 | page=121 | Y=7.1 Device marking | outline/toc=7.5 UFQFPN48 package information (A0B9)
2026-07-26 23:15:26 | stm32u073c8 | table_96 | page=122 | Y=7.1 Device marking | outline/toc=7.6 LQFP64 package information (5W)
2026-07-26 23:15:26 | stm32u073c8 | table_97 | page=125 | Y=7.1 Device marking | outline/toc=7.7 UFBGA64 package information (A019)
2026-07-26 23:15:26 | stm32u073c8 | table_98 | page=127 | Y=7.1 Device marking | outline/toc=7.7 UFBGA64 package information (A019)
2026-07-26 23:15:26 | stm32u073c8 | table_99 | page=128 | Y=7.1 Device marking | outline/toc=7.8 LQFP80 package information (9X)
2026-07-26 23:15:26 | stm32u073c8 | table_100 | page=131 | Y=7.1 Device marking | outline/toc=7.9 UFBGA81 package information (B0B8)
2026-07-26 23:15:26 | stm32u073c8 | table_101 | page=133 | Y=7.1 Device marking | outline/toc=7.10 Package thermal characteristics
2026-07-26 23:15:26 | stm32u073c8 | table_103 | page=137 | Y=7.10.1 Reference documents | outline/toc=8 Ordering information
2026-07-26 23:17:28 | stm32u073c8 | table_2 | page=8 | Y=3.4.1 Embedded flash memory | outline/toc=3.4.2 Embedded SRAM
2026-07-26 23:17:28 | stm32u073c8 | table_4 | page=15 | Y=3.8 Peripheral interconnect matrix | outline/toc=3.9.2 Clocks and startup
2026-07-26 23:17:28 | stm32u073c8 | table_5 | page=19 | Y=3.16.1 Temperature sensor | outline/toc=3.17 Digital-to-analog converter (DAC)
2026-07-26 23:17:28 | stm32u073c8 | table_6 | page=19 | Y=3.16.2 Internal voltage reference (V ) | outline/toc=3.17 Digital-to-analog converter (DAC)
2026-07-26 23:17:28 | stm32u073c8 | table_8 | page=24 | Y=3.25 Real-time clock (RTC), tamper (TAMP) and backup registers | outline/toc=3.27 Universal synchronous/asynchronous receiver transmitter (USART/UART)
2026-07-26 23:17:28 | stm32u073c8 | table_20 | page=44 | Y=6.2 Absolute maximum ratings | outline/toc=6.3.1 General operating conditions
2026-07-26 23:17:28 | stm32u073c8 | table_21 | page=44 | Y=6.2 Absolute maximum ratings | outline/toc=6.3.1 General operating conditions
2026-07-26 23:17:28 | stm32u073c8 | table_23 | page=45 | Y=6.3.2 Operating conditions at power-up / power-down | outline/toc=6.3.3 Embedded reset and power control block characteristics
2026-07-26 23:17:28 | stm32u073c8 | table_44 | page=67 | Y=6.3.5.1 I/O system current consumption | outline/toc=6.3.5 Supply current characteristics
2026-07-26 23:17:28 | stm32u073c8 | table_51 | page=72 | Y=8 MHz controlled | outline/toc=6.3.7 External clock source characteristics
2026-07-26 23:17:28 | stm32u073c8 | table_55 | page=78 | Y=6.3.8 Internal clock source characteristics | outline/toc=6.3.9 PLL characteristics
2026-07-26 23:17:28 | stm32u073c8 | table_58 | page=80 | Y=6.3.10 Flash memory characteristics | outline/toc=6.3.11 EMC characteristics
2026-07-26 23:17:28 | stm32u073c8 | table_60 | page=81 | Y=6.3.11 EMC characteristics | outline/toc=6.3.12 Electrical sensitivity characteristics
2026-07-26 23:17:28 | stm32u073c8 | table_62 | page=82 | Y=6.3.12 Electrical sensitivity characteristics | outline/toc=6.3.14 I/O port characteristics
2026-07-26 23:17:28 | stm32u073c8 | table_63 | page=82 | Y=6.3.13 I/O current injection characteristics | outline/toc=6.3.14 I/O port characteristics
2026-07-26 23:17:28 | stm32u073c8 | table_68 | page=87 | Y=6.3.16 Extended interrupt and event controller input (EXTI) characteristics | outline/toc=6.3.17 Analog switches booster
2026-07-26 23:17:28 | stm32u073c8 | table_71 | page=89 | Y=2.4 V | outline/toc=6.3.18 Analog-to-digital converter characteristics
2026-07-26 23:17:28 | stm32u073c8 | table_72 | page=91 | Y=2.4 V | outline/toc=6.3.18 Analog-to-digital converter characteristics
2026-07-26 23:17:28 | stm32u073c8 | table_73 | page=94 | Y=6.3.19 Temperature sensor characteristics | outline/toc=6.3.21 Digital-to-analog converter characteristics
2026-07-26 23:17:28 | stm32u073c8 | table_74 | page=94 | Y=6.3.20 V monitoring characteristics | outline/toc=6.3.21 Digital-to-analog converter characteristics
2026-07-26 23:17:28 | stm32u073c8 | table_75 | page=94 | Y=6.3.20 V monitoring characteristics | outline/toc=6.3.21 Digital-to-analog converter characteristics
2026-07-26 23:17:29 | stm32u073c8 | table_85 | page=104 | Y=6.3.26 Timer characteristics | outline/toc=6.3.28 USART characteristics
2026-07-26 23:17:29 | stm32u073c8 | table_89 | page=112 | Y=7.1 Device marking | outline/toc=7.2 UFQFPN32 package information (A0B8)
2026-07-26 23:17:29 | stm32u073c8 | table_90 | page=112 | Y=7.1 Device marking | outline/toc=7.2 UFQFPN32 package information (A0B8)
2026-07-26 23:17:29 | stm32u073c8 | table_91 | page=113 | Y=7.1 Device marking | outline/toc=7.2 UFQFPN32 package information (A0B8)
2026-07-26 23:17:29 | stm32u073c8 | table_92 | page=114 | Y=7.1 Device marking | outline/toc=7.3 WLCSP42 package information (B0K9)
2026-07-26 23:17:29 | stm32u073c8 | table_93 | page=116 | Y=7.1 Device marking | outline/toc=7.3.1 Device marking for WLCSP42
2026-07-26 23:17:29 | stm32u073c8 | table_94 | page=117 | Y=7.1 Device marking | outline/toc=7.4 LQFP48 package information (5B)
2026-07-26 23:17:29 | stm32u073c8 | table_95 | page=121 | Y=7.1 Device marking | outline/toc=7.5 UFQFPN48 package information (A0B9)
2026-07-26 23:17:29 | stm32u073c8 | table_96 | page=122 | Y=7.1 Device marking | outline/toc=7.6 LQFP64 package information (5W)
2026-07-26 23:17:29 | stm32u073c8 | table_97 | page=125 | Y=7.1 Device marking | outline/toc=7.7 UFBGA64 package information (A019)
2026-07-26 23:17:29 | stm32u073c8 | table_98 | page=127 | Y=7.1 Device marking | outline/toc=7.7 UFBGA64 package information (A019)
2026-07-26 23:17:29 | stm32u073c8 | table_99 | page=128 | Y=7.1 Device marking | outline/toc=7.8 LQFP80 package information (9X)
2026-07-26 23:17:29 | stm32u073c8 | table_100 | page=131 | Y=7.1 Device marking | outline/toc=7.9 UFBGA81 package information (B0B8)
2026-07-26 23:17:29 | stm32u073c8 | table_101 | page=133 | Y=7.1 Device marking | outline/toc=7.10 Package thermal characteristics
2026-07-26 23:17:29 | stm32u073c8 | table_103 | page=137 | Y=7.10.1 Reference documents | outline/toc=8 Ordering information
2026-07-26 23:19:03 | stm32u073c8 | table_2 | page=8 | Y=3.4.1 Embedded flash memory | outline/toc=3.4.2 Embedded SRAM
2026-07-26 23:19:03 | stm32u073c8 | table_4 | page=15 | Y=3.8 Peripheral interconnect matrix | outline/toc=3.9.2 Clocks and startup
2026-07-26 23:19:03 | stm32u073c8 | table_5 | page=19 | Y=3.16.1 Temperature sensor | outline/toc=3.17 Digital-to-analog converter (DAC)
2026-07-26 23:19:03 | stm32u073c8 | table_6 | page=19 | Y=3.16.2 Internal voltage reference (V ) | outline/toc=3.17 Digital-to-analog converter (DAC)
2026-07-26 23:19:03 | stm32u073c8 | table_8 | page=24 | Y=3.25 Real-time clock (RTC), tamper (TAMP) and backup registers | outline/toc=3.27 Universal synchronous/asynchronous receiver transmitter (USART/UART)
2026-07-26 23:19:03 | stm32u073c8 | table_20 | page=44 | Y=6.2 Absolute maximum ratings | outline/toc=6.3.1 General operating conditions
2026-07-26 23:19:03 | stm32u073c8 | table_21 | page=44 | Y=6.2 Absolute maximum ratings | outline/toc=6.3.1 General operating conditions
2026-07-26 23:19:03 | stm32u073c8 | table_23 | page=45 | Y=6.3.2 Operating conditions at power-up / power-down | outline/toc=6.3.3 Embedded reset and power control block characteristics
2026-07-26 23:19:03 | stm32u073c8 | table_44 | page=67 | Y=6.3.5.1 I/O system current consumption | outline/toc=6.3.5 Supply current characteristics
2026-07-26 23:19:03 | stm32u073c8 | table_51 | page=72 | Y=8 MHz controlled | outline/toc=6.3.7 External clock source characteristics
2026-07-26 23:19:03 | stm32u073c8 | table_55 | page=78 | Y=6.3.8 Internal clock source characteristics | outline/toc=6.3.9 PLL characteristics
2026-07-26 23:19:03 | stm32u073c8 | table_58 | page=80 | Y=6.3.10 Flash memory characteristics | outline/toc=6.3.11 EMC characteristics
2026-07-26 23:19:03 | stm32u073c8 | table_60 | page=81 | Y=6.3.11 EMC characteristics | outline/toc=6.3.12 Electrical sensitivity characteristics
2026-07-26 23:19:03 | stm32u073c8 | table_62 | page=82 | Y=6.3.12 Electrical sensitivity characteristics | outline/toc=6.3.14 I/O port characteristics
2026-07-26 23:19:03 | stm32u073c8 | table_63 | page=82 | Y=6.3.13 I/O current injection characteristics | outline/toc=6.3.14 I/O port characteristics
2026-07-26 23:19:03 | stm32u073c8 | table_68 | page=87 | Y=6.3.16 Extended interrupt and event controller input (EXTI) characteristics | outline/toc=6.3.17 Analog switches booster
2026-07-26 23:19:03 | stm32u073c8 | table_71 | page=89 | Y=2.4 V | outline/toc=6.3.18 Analog-to-digital converter characteristics
2026-07-26 23:19:03 | stm32u073c8 | table_72 | page=91 | Y=2.4 V | outline/toc=6.3.18 Analog-to-digital converter characteristics
2026-07-26 23:19:03 | stm32u073c8 | table_73 | page=94 | Y=6.3.19 Temperature sensor characteristics | outline/toc=6.3.21 Digital-to-analog converter characteristics
2026-07-26 23:19:03 | stm32u073c8 | table_74 | page=94 | Y=6.3.20 V monitoring characteristics | outline/toc=6.3.21 Digital-to-analog converter characteristics
2026-07-26 23:19:03 | stm32u073c8 | table_75 | page=94 | Y=6.3.20 V monitoring characteristics | outline/toc=6.3.21 Digital-to-analog converter characteristics
2026-07-26 23:19:03 | stm32u073c8 | table_85 | page=104 | Y=6.3.26 Timer characteristics | outline/toc=6.3.28 USART characteristics
2026-07-26 23:19:03 | stm32u073c8 | table_89 | page=112 | Y=7.1 Device marking | outline/toc=7.2 UFQFPN32 package information (A0B8)
2026-07-26 23:19:03 | stm32u073c8 | table_90 | page=112 | Y=7.1 Device marking | outline/toc=7.2 UFQFPN32 package information (A0B8)
2026-07-26 23:19:03 | stm32u073c8 | table_91 | page=113 | Y=7.1 Device marking | outline/toc=7.2 UFQFPN32 package information (A0B8)
2026-07-26 23:19:03 | stm32u073c8 | table_92 | page=114 | Y=7.1 Device marking | outline/toc=7.3 WLCSP42 package information (B0K9)
2026-07-26 23:19:03 | stm32u073c8 | table_93 | page=116 | Y=7.1 Device marking | outline/toc=7.3.1 Device marking for WLCSP42
2026-07-26 23:19:03 | stm32u073c8 | table_94 | page=117 | Y=7.1 Device marking | outline/toc=7.4 LQFP48 package information (5B)
2026-07-26 23:19:03 | stm32u073c8 | table_95 | page=121 | Y=7.1 Device marking | outline/toc=7.5 UFQFPN48 package information (A0B9)
2026-07-26 23:19:03 | stm32u073c8 | table_96 | page=122 | Y=7.1 Device marking | outline/toc=7.6 LQFP64 package information (5W)
2026-07-26 23:19:03 | stm32u073c8 | table_97 | page=125 | Y=7.1 Device marking | outline/toc=7.7 UFBGA64 package information (A019)
2026-07-26 23:19:03 | stm32u073c8 | table_98 | page=127 | Y=7.1 Device marking | outline/toc=7.7 UFBGA64 package information (A019)
2026-07-26 23:19:03 | stm32u073c8 | table_99 | page=128 | Y=7.1 Device marking | outline/toc=7.8 LQFP80 package information (9X)
2026-07-26 23:19:03 | stm32u073c8 | table_100 | page=131 | Y=7.1 Device marking | outline/toc=7.9 UFBGA81 package information (B0B8)
2026-07-26 23:19:03 | stm32u073c8 | table_101 | page=133 | Y=7.1 Device marking | outline/toc=7.10 Package thermal characteristics
2026-07-26 23:19:03 | stm32u073c8 | table_103 | page=137 | Y=7.10.1 Reference documents | outline/toc=8 Ordering information
2026-07-26 23:19:59 | stm32u073c8 | table_2 | page=8 | Y=3.4.1 Embedded flash memory | outline/toc=3.4.2 Embedded SRAM
2026-07-26 23:19:59 | stm32u073c8 | table_4 | page=15 | Y=3.8 Peripheral interconnect matrix | outline/toc=3.9.2 Clocks and startup
2026-07-26 23:19:59 | stm32u073c8 | table_5 | page=19 | Y=3.16.1 Temperature sensor | outline/toc=3.17 Digital-to-analog converter (DAC)
2026-07-26 23:19:59 | stm32u073c8 | table_6 | page=19 | Y=3.16.2 Internal voltage reference (V ) | outline/toc=3.17 Digital-to-analog converter (DAC)
2026-07-26 23:19:59 | stm32u073c8 | table_8 | page=24 | Y=3.25 Real-time clock (RTC), tamper (TAMP) and backup registers | outline/toc=3.27 Universal synchronous/asynchronous receiver transmitter (USART/UART)
2026-07-26 23:19:59 | stm32u073c8 | table_20 | page=44 | Y=6.2 Absolute maximum ratings | outline/toc=6.3.1 General operating conditions
2026-07-26 23:19:59 | stm32u073c8 | table_21 | page=44 | Y=6.2 Absolute maximum ratings | outline/toc=6.3.1 General operating conditions
2026-07-26 23:19:59 | stm32u073c8 | table_23 | page=45 | Y=6.3.2 Operating conditions at power-up / power-down | outline/toc=6.3.3 Embedded reset and power control block characteristics
2026-07-26 23:19:59 | stm32u073c8 | table_44 | page=67 | Y=6.3.5.1 I/O system current consumption | outline/toc=6.3.5 Supply current characteristics
2026-07-26 23:19:59 | stm32u073c8 | table_51 | page=72 | Y=8 MHz controlled | outline/toc=6.3.7 External clock source characteristics
2026-07-26 23:19:59 | stm32u073c8 | table_55 | page=78 | Y=6.3.8 Internal clock source characteristics | outline/toc=6.3.9 PLL characteristics
2026-07-26 23:19:59 | stm32u073c8 | table_58 | page=80 | Y=6.3.10 Flash memory characteristics | outline/toc=6.3.11 EMC characteristics
2026-07-26 23:19:59 | stm32u073c8 | table_60 | page=81 | Y=6.3.11 EMC characteristics | outline/toc=6.3.12 Electrical sensitivity characteristics
2026-07-26 23:20:00 | stm32u073c8 | table_62 | page=82 | Y=6.3.12 Electrical sensitivity characteristics | outline/toc=6.3.14 I/O port characteristics
2026-07-26 23:20:00 | stm32u073c8 | table_63 | page=82 | Y=6.3.13 I/O current injection characteristics | outline/toc=6.3.14 I/O port characteristics
2026-07-26 23:20:00 | stm32u073c8 | table_68 | page=87 | Y=6.3.16 Extended interrupt and event controller input (EXTI) characteristics | outline/toc=6.3.17 Analog switches booster
2026-07-26 23:20:00 | stm32u073c8 | table_71 | page=89 | Y=2.4 V | outline/toc=6.3.18 Analog-to-digital converter characteristics
2026-07-26 23:20:00 | stm32u073c8 | table_72 | page=91 | Y=2.4 V | outline/toc=6.3.18 Analog-to-digital converter characteristics
2026-07-26 23:20:00 | stm32u073c8 | table_73 | page=94 | Y=6.3.19 Temperature sensor characteristics | outline/toc=6.3.21 Digital-to-analog converter characteristics
2026-07-26 23:20:00 | stm32u073c8 | table_74 | page=94 | Y=6.3.20 V monitoring characteristics | outline/toc=6.3.21 Digital-to-analog converter characteristics
2026-07-26 23:20:00 | stm32u073c8 | table_75 | page=94 | Y=6.3.20 V monitoring characteristics | outline/toc=6.3.21 Digital-to-analog converter characteristics
2026-07-26 23:20:00 | stm32u073c8 | table_85 | page=104 | Y=6.3.26 Timer characteristics | outline/toc=6.3.28 USART characteristics
2026-07-26 23:20:00 | stm32u073c8 | table_89 | page=112 | Y=7.1 Device marking | outline/toc=7.2 UFQFPN32 package information (A0B8)
2026-07-26 23:20:00 | stm32u073c8 | table_90 | page=112 | Y=7.1 Device marking | outline/toc=7.2 UFQFPN32 package information (A0B8)
2026-07-26 23:20:00 | stm32u073c8 | table_91 | page=113 | Y=7.1 Device marking | outline/toc=7.2 UFQFPN32 package information (A0B8)
2026-07-26 23:20:00 | stm32u073c8 | table_92 | page=114 | Y=7.1 Device marking | outline/toc=7.3 WLCSP42 package information (B0K9)
2026-07-26 23:20:00 | stm32u073c8 | table_93 | page=116 | Y=7.1 Device marking | outline/toc=7.3.1 Device marking for WLCSP42
2026-07-26 23:20:00 | stm32u073c8 | table_94 | page=117 | Y=7.1 Device marking | outline/toc=7.4 LQFP48 package information (5B)
2026-07-26 23:20:00 | stm32u073c8 | table_95 | page=121 | Y=7.1 Device marking | outline/toc=7.5 UFQFPN48 package information (A0B9)
2026-07-26 23:20:00 | stm32u073c8 | table_96 | page=122 | Y=7.1 Device marking | outline/toc=7.6 LQFP64 package information (5W)
2026-07-26 23:20:00 | stm32u073c8 | table_97 | page=125 | Y=7.1 Device marking | outline/toc=7.7 UFBGA64 package information (A019)
2026-07-26 23:20:00 | stm32u073c8 | table_98 | page=127 | Y=7.1 Device marking | outline/toc=7.7 UFBGA64 package information (A019)
2026-07-26 23:20:00 | stm32u073c8 | table_99 | page=128 | Y=7.1 Device marking | outline/toc=7.8 LQFP80 package information (9X)
2026-07-26 23:20:00 | stm32u073c8 | table_100 | page=131 | Y=7.1 Device marking | outline/toc=7.9 UFBGA81 package information (B0B8)
2026-07-26 23:20:00 | stm32u073c8 | table_101 | page=133 | Y=7.1 Device marking | outline/toc=7.10 Package thermal characteristics
2026-07-26 23:20:00 | stm32u073c8 | table_103 | page=137 | Y=7.10.1 Reference documents | outline/toc=8 Ordering information
2026-07-26 23:22:23 | stm32u073c8 | table_2 | page=8 | Y=3.4.1 Embedded flash memory | outline/toc=3.4.2 Embedded SRAM
2026-07-26 23:22:23 | stm32u073c8 | table_4 | page=15 | Y=3.8 Peripheral interconnect matrix | outline/toc=3.9.2 Clocks and startup
2026-07-26 23:22:23 | stm32u073c8 | table_5 | page=19 | Y=3.16.1 Temperature sensor | outline/toc=3.17 Digital-to-analog converter (DAC)
2026-07-26 23:22:23 | stm32u073c8 | table_6 | page=19 | Y=3.16.2 Internal voltage reference (V ) | outline/toc=3.17 Digital-to-analog converter (DAC)
2026-07-26 23:22:23 | stm32u073c8 | table_8 | page=24 | Y=3.25 Real-time clock (RTC), tamper (TAMP) and backup registers | outline/toc=3.27 Universal synchronous/asynchronous receiver transmitter (USART/UART)
2026-07-26 23:22:23 | stm32u073c8 | table_20 | page=44 | Y=6.2 Absolute maximum ratings | outline/toc=6.3.1 General operating conditions
2026-07-26 23:22:23 | stm32u073c8 | table_21 | page=44 | Y=6.2 Absolute maximum ratings | outline/toc=6.3.1 General operating conditions
2026-07-26 23:22:23 | stm32u073c8 | table_23 | page=45 | Y=6.3.2 Operating conditions at power-up / power-down | outline/toc=6.3.3 Embedded reset and power control block characteristics
2026-07-26 23:22:23 | stm32u073c8 | table_44 | page=67 | Y=6.3.5.1 I/O system current consumption | outline/toc=6.3.5 Supply current characteristics
2026-07-26 23:22:23 | stm32u073c8 | table_51 | page=72 | Y=8 MHz controlled | outline/toc=6.3.7 External clock source characteristics
2026-07-26 23:22:23 | stm32u073c8 | table_55 | page=78 | Y=6.3.8 Internal clock source characteristics | outline/toc=6.3.9 PLL characteristics
2026-07-26 23:22:23 | stm32u073c8 | table_58 | page=80 | Y=6.3.10 Flash memory characteristics | outline/toc=6.3.11 EMC characteristics
2026-07-26 23:22:23 | stm32u073c8 | table_60 | page=81 | Y=6.3.11 EMC characteristics | outline/toc=6.3.12 Electrical sensitivity characteristics
2026-07-26 23:22:23 | stm32u073c8 | table_62 | page=82 | Y=6.3.12 Electrical sensitivity characteristics | outline/toc=6.3.14 I/O port characteristics
2026-07-26 23:22:23 | stm32u073c8 | table_63 | page=82 | Y=6.3.13 I/O current injection characteristics | outline/toc=6.3.14 I/O port characteristics
2026-07-26 23:22:24 | stm32u073c8 | table_68 | page=87 | Y=6.3.16 Extended interrupt and event controller input (EXTI) characteristics | outline/toc=6.3.17 Analog switches booster
2026-07-26 23:22:24 | stm32u073c8 | table_71 | page=89 | Y=2.4 V | outline/toc=6.3.18 Analog-to-digital converter characteristics
2026-07-26 23:22:24 | stm32u073c8 | table_72 | page=91 | Y=2.4 V | outline/toc=6.3.18 Analog-to-digital converter characteristics
2026-07-26 23:22:24 | stm32u073c8 | table_73 | page=94 | Y=6.3.19 Temperature sensor characteristics | outline/toc=6.3.21 Digital-to-analog converter characteristics
2026-07-26 23:22:24 | stm32u073c8 | table_74 | page=94 | Y=6.3.20 V monitoring characteristics | outline/toc=6.3.21 Digital-to-analog converter characteristics
2026-07-26 23:22:24 | stm32u073c8 | table_75 | page=94 | Y=6.3.20 V monitoring characteristics | outline/toc=6.3.21 Digital-to-analog converter characteristics
2026-07-26 23:22:24 | stm32u073c8 | table_85 | page=104 | Y=6.3.26 Timer characteristics | outline/toc=6.3.28 USART characteristics
2026-07-26 23:22:24 | stm32u073c8 | table_89 | page=112 | Y=7.1 Device marking | outline/toc=7.2 UFQFPN32 package information (A0B8)
2026-07-26 23:22:24 | stm32u073c8 | table_90 | page=112 | Y=7.1 Device marking | outline/toc=7.2 UFQFPN32 package information (A0B8)
2026-07-26 23:22:24 | stm32u073c8 | table_91 | page=113 | Y=7.1 Device marking | outline/toc=7.2 UFQFPN32 package information (A0B8)
2026-07-26 23:22:24 | stm32u073c8 | table_92 | page=114 | Y=7.1 Device marking | outline/toc=7.3 WLCSP42 package information (B0K9)
2026-07-26 23:22:24 | stm32u073c8 | table_93 | page=116 | Y=7.1 Device marking | outline/toc=7.3.1 Device marking for WLCSP42
2026-07-26 23:22:24 | stm32u073c8 | table_94 | page=117 | Y=7.1 Device marking | outline/toc=7.4 LQFP48 package information (5B)
2026-07-26 23:22:24 | stm32u073c8 | table_95 | page=121 | Y=7.1 Device marking | outline/toc=7.5 UFQFPN48 package information (A0B9)
2026-07-26 23:22:24 | stm32u073c8 | table_96 | page=122 | Y=7.1 Device marking | outline/toc=7.6 LQFP64 package information (5W)
2026-07-26 23:22:24 | stm32u073c8 | table_97 | page=125 | Y=7.1 Device marking | outline/toc=7.7 UFBGA64 package information (A019)
2026-07-26 23:22:24 | stm32u073c8 | table_98 | page=127 | Y=7.1 Device marking | outline/toc=7.7 UFBGA64 package information (A019)
2026-07-26 23:22:24 | stm32u073c8 | table_99 | page=128 | Y=7.1 Device marking | outline/toc=7.8 LQFP80 package information (9X)
2026-07-26 23:22:24 | stm32u073c8 | table_100 | page=131 | Y=7.1 Device marking | outline/toc=7.9 UFBGA81 package information (B0B8)
2026-07-26 23:22:24 | stm32u073c8 | table_101 | page=133 | Y=7.1 Device marking | outline/toc=7.10 Package thermal characteristics
2026-07-26 23:22:24 | stm32u073c8 | table_103 | page=137 | Y=7.10.1 Reference documents | outline/toc=8 Ordering information
2026-07-26 23:23:40 | stm32u073c8 | table_2 | page=8 | Y=3.4.1 Embedded flash memory | outline/toc=3.4.2 Embedded SRAM
2026-07-26 23:23:40 | stm32u073c8 | table_4 | page=15 | Y=3.8 Peripheral interconnect matrix | outline/toc=3.9.2 Clocks and startup
2026-07-26 23:23:40 | stm32u073c8 | table_5 | page=19 | Y=3.16.1 Temperature sensor | outline/toc=3.17 Digital-to-analog converter (DAC)
2026-07-26 23:23:40 | stm32u073c8 | table_6 | page=19 | Y=3.16.2 Internal voltage reference (V ) | outline/toc=3.17 Digital-to-analog converter (DAC)
2026-07-26 23:23:40 | stm32u073c8 | table_8 | page=24 | Y=3.25 Real-time clock (RTC), tamper (TAMP) and backup registers | outline/toc=3.27 Universal synchronous/asynchronous receiver transmitter (USART/UART)
2026-07-26 23:23:40 | stm32u073c8 | table_20 | page=44 | Y=6.2 Absolute maximum ratings | outline/toc=6.3.1 General operating conditions
2026-07-26 23:23:40 | stm32u073c8 | table_21 | page=44 | Y=6.2 Absolute maximum ratings | outline/toc=6.3.1 General operating conditions
2026-07-26 23:23:40 | stm32u073c8 | table_23 | page=45 | Y=6.3.2 Operating conditions at power-up / power-down | outline/toc=6.3.3 Embedded reset and power control block characteristics
2026-07-26 23:23:40 | stm32u073c8 | table_44 | page=67 | Y=6.3.5.1 I/O system current consumption | outline/toc=6.3.5 Supply current characteristics
2026-07-26 23:23:40 | stm32u073c8 | table_51 | page=72 | Y=8 MHz controlled | outline/toc=6.3.7 External clock source characteristics
2026-07-26 23:23:40 | stm32u073c8 | table_55 | page=78 | Y=6.3.8 Internal clock source characteristics | outline/toc=6.3.9 PLL characteristics
2026-07-26 23:23:40 | stm32u073c8 | table_58 | page=80 | Y=6.3.10 Flash memory characteristics | outline/toc=6.3.11 EMC characteristics
2026-07-26 23:23:40 | stm32u073c8 | table_60 | page=81 | Y=6.3.11 EMC characteristics | outline/toc=6.3.12 Electrical sensitivity characteristics
2026-07-26 23:23:40 | stm32u073c8 | table_62 | page=82 | Y=6.3.12 Electrical sensitivity characteristics | outline/toc=6.3.14 I/O port characteristics
2026-07-26 23:23:40 | stm32u073c8 | table_63 | page=82 | Y=6.3.13 I/O current injection characteristics | outline/toc=6.3.14 I/O port characteristics
2026-07-26 23:23:40 | stm32u073c8 | table_68 | page=87 | Y=6.3.16 Extended interrupt and event controller input (EXTI) characteristics | outline/toc=6.3.17 Analog switches booster
2026-07-26 23:23:40 | stm32u073c8 | table_71 | page=89 | Y=2.4 V | outline/toc=6.3.18 Analog-to-digital converter characteristics
2026-07-26 23:23:40 | stm32u073c8 | table_72 | page=91 | Y=2.4 V | outline/toc=6.3.18 Analog-to-digital converter characteristics
2026-07-26 23:23:40 | stm32u073c8 | table_73 | page=94 | Y=6.3.19 Temperature sensor characteristics | outline/toc=6.3.21 Digital-to-analog converter characteristics
2026-07-26 23:23:40 | stm32u073c8 | table_74 | page=94 | Y=6.3.20 V monitoring characteristics | outline/toc=6.3.21 Digital-to-analog converter characteristics
2026-07-26 23:23:40 | stm32u073c8 | table_75 | page=94 | Y=6.3.20 V monitoring characteristics | outline/toc=6.3.21 Digital-to-analog converter characteristics
2026-07-26 23:23:40 | stm32u073c8 | table_85 | page=104 | Y=6.3.26 Timer characteristics | outline/toc=6.3.28 USART characteristics
2026-07-26 23:23:40 | stm32u073c8 | table_89 | page=112 | Y=7.1 Device marking | outline/toc=7.2 UFQFPN32 package information (A0B8)
2026-07-26 23:23:40 | stm32u073c8 | table_90 | page=112 | Y=7.1 Device marking | outline/toc=7.2 UFQFPN32 package information (A0B8)
2026-07-26 23:23:40 | stm32u073c8 | table_91 | page=113 | Y=7.1 Device marking | outline/toc=7.2 UFQFPN32 package information (A0B8)
2026-07-26 23:23:40 | stm32u073c8 | table_92 | page=114 | Y=7.1 Device marking | outline/toc=7.3 WLCSP42 package information (B0K9)
2026-07-26 23:23:40 | stm32u073c8 | table_93 | page=116 | Y=7.1 Device marking | outline/toc=7.3.1 Device marking for WLCSP42
2026-07-26 23:23:40 | stm32u073c8 | table_94 | page=117 | Y=7.1 Device marking | outline/toc=7.4 LQFP48 package information (5B)
2026-07-26 23:23:40 | stm32u073c8 | table_95 | page=121 | Y=7.1 Device marking | outline/toc=7.5 UFQFPN48 package information (A0B9)
2026-07-26 23:23:40 | stm32u073c8 | table_96 | page=122 | Y=7.1 Device marking | outline/toc=7.6 LQFP64 package information (5W)
2026-07-26 23:23:40 | stm32u073c8 | table_97 | page=125 | Y=7.1 Device marking | outline/toc=7.7 UFBGA64 package information (A019)
2026-07-26 23:23:40 | stm32u073c8 | table_98 | page=127 | Y=7.1 Device marking | outline/toc=7.7 UFBGA64 package information (A019)
2026-07-26 23:23:40 | stm32u073c8 | table_99 | page=128 | Y=7.1 Device marking | outline/toc=7.8 LQFP80 package information (9X)
2026-07-26 23:23:40 | stm32u073c8 | table_100 | page=131 | Y=7.1 Device marking | outline/toc=7.9 UFBGA81 package information (B0B8)
2026-07-26 23:23:40 | stm32u073c8 | table_101 | page=133 | Y=7.1 Device marking | outline/toc=7.10 Package thermal characteristics
2026-07-26 23:23:40 | stm32u073c8 | table_103 | page=137 | Y=7.10.1 Reference documents | outline/toc=8 Ordering information
